claim_id,member_id,provider_id,claim_type,diagnosis_code,service_date,received_date,processed_date,billed_amount,allowed_amount,paid_amount,member_responsibility,claim_status,denial_reason,quarantine_reason
CLM00012712,M002391,PR0366,Professional,UNKNOWN,2025-09-07,2025-09-19,2025-09-22,204.88,119.31,97.81,21.5,Paid,,Duplicate claim_id with different values
CLM00015424,M005942,PR0228,Outpatient,I50.9,2025-01-26,2025-02-04,2025-02-14,1412.75,934.33,800.59,133.74,Paid,,Duplicate claim_id with different values
CLM00001847,M007444,PR0237,Professional,UNKNOWN,2024-04-13,2024-04-29,2024-05-03,234.37,172.32,138.49,33.83,Paid,,Duplicate claim_id with different values
CLM00057202,M003187,PR0037,Professional,Z00.129,2025-12-21,2026-01-18,,149.62,109.05,0.0,16.36,Pending,,Duplicate claim_id with different values
CLM00031065,M002767,PR0348,Professional,J06.9,2025-01-05,2025-01-30,2025-01-25,83.6,60.35,53.51,6.84,Paid,,Duplicate claim_id with different values
CLM00017768,M900128,PR0189,Outpatient,I25.10,2025-11-11,2025-11-18,2025-11-29,1513.53,855.64,838.53,17.11,Paid,,Duplicate claim_id with different values
CLM00044935,M004678,PR0074,Outpatient,R10.9,2024-06-03,2024-06-16,2024-06-19,626.45,351.51,280.78,70.73,Paid,,Duplicate claim_id with different values
CLM00022141,M001150,PR0349,Professional,F43.10,2025-03-30,2025-04-24,2025-04-27,159.89,88.83,87.05,1.78,Paid,,Duplicate claim_id with different values
CLM00051990,M005025,PR0189,Outpatient,I25.10,2025-10-13,2025-11-11,2025-12-13,2428.05,1445.86,1232.3,213.56,Paid,,Duplicate claim_id with different values
CLM00003363,M003678,PR0289,Inpatient,I50.9,2024-12-29,2025-01-18,2025-01-13,21097.06,14498.47,11650.3,2848.17,Paid,,Duplicate claim_id with different values
CLM00037729,M004826,PR0122,Professional,I10,2025-10-31,2025-11-26,2025-12-11,179.28,108.66,93.66,15.0,PAID ,,Duplicate claim_id with different values
CLM00040638,M005181,PR0366,Professional,Z00.00,2024-04-10,2024-05-03,2024-05-07,136.8,99.15,84.55,14.6,PAID ,,Duplicate claim_id with different values
CLM00054278,M000618,PR0004,Inpatient,A41.9,2025-06-14,2025-07-03,2025-06-28,21310.52,8477.09,7276.73,1200.36,Paid,,Duplicate claim_id with different values
CLM00048877,M001111,,Professional,E11.9,2025-07-01,2025-07-28,2025-08-04,145.21,83.22,67.99,15.23,Paid,,Duplicate claim_id with different values
CLM00037645,M003349,PR0032,Outpatient,S09.90XA,2025-07-31,2025-08-14,2025-08-25,-1273.89,791.92,599.04,192.88,Paid,,Duplicate claim_id with different values
CLM00021695,M004561,PR0292,Professional,E11.9,2025-02-08,2025-02-18,2025-02-25,118.42,75.53,74.02,1.51,PAID ,,Duplicate claim_id with different values
CLM00048456,M006039,PR0215,Professional,J06.9,2025-10-01,2025-10-07,2025-10-14,386.32,229.01,178.85,50.16,Paid,,Duplicate claim_id with different values
CLM00014655,M003392,PR0094,Outpatient,R10.9,2024-07-08,2024-07-15,2024-07-18,291.81,215.5,183.86,31.64,Paid,,Duplicate claim_id with different values
CLM00018710,M001697,PR0031,Professional,I10,2024-02-12,2024-02-24,2024-03-01,173.78,99.37,81.31,18.06,Paid,,Duplicate claim_id with different values
CLM00049108,M006588,PR0366,Professional,I10,2025-09-24,2025-10-15,2025-10-29,152.39,99.56,97.57,1.99,Paid,,Duplicate claim_id with different values
CLM00055879,M005593,PR0110,Professional,I10,2024-04-09,2024-04-18,2024-04-19,221.74,133.15,107.78,25.37,Paid,,Duplicate claim_id with different values
CLM00014761,M005223,PR0240,Outpatient,I25.10,2024-06-21,2024-07-12,2024-07-20,1208.4,774.11,582.05,192.06,Paid,,Duplicate claim_id with different values
CLM00020983,M900056,PR0184,Outpatient,C50.911,2024-01-31,2024-02-05,2024-02-12,2131.04,1203.04,1060.23,142.81,Paid,,Duplicate claim_id with different values
CLM00022194,M004878,PR0344,Outpatient,I48.91,2025-12-29,2026-01-15,,3727.33,2474.53,0.0,334.64,Pending,,Duplicate claim_id with different values
CLM00046278,M006549,PR0116,Professional,F41.1,2024-08-29,2024-09-20,2024-09-26,141.28,54.07,46.08,7.99,PAID ,,Duplicate claim_id with different values
CLM00029572,M900008,PR0248,Outpatient,S09.90XA,2024-02-18,2024-03-05,2024-03-10,5501.93,3858.88,3303.24,555.64,Paid,,Duplicate claim_id with different values
CLM00029275,M000350,PR0143,Professional,Z00.00,2024-12-04,2024-12-07,2024-12-23,115.22,83.07,73.33,9.74,Paid,,Duplicate claim_id with different values
CLM00047000,M002285,PR0025,Professional,I10,2024-12-01,2024-12-23,2025-01-06,112.61,68.8,146.393,11.18,Paid,,Duplicate claim_id with different values
CLM00033777,M003124,PR0183,Outpatient,R07.9,2025-01-01,2025-01-04,2025-02-05,1528.71,602.17,485.52,116.65,PAID ,,Duplicate claim_id with different values
CLM00029649,M004152,PR0134,Professional,I10,2024-01-17,2024-02-13,2024-02-21,-183.09,108.65,93.66,14.99,Paid,,Duplicate claim_id with different values
CLM00045542,M000483,PR0046,Professional,J06.9,2024-01-15,2024-01-29,2024-02-08,276.57,202.95,164.28,38.67,PAID ,,Duplicate claim_id with different values
CLM00028328,M006533,PR0160,Outpatient,I48.91,2025-01-18,2025-01-30,2025-02-05,1229.51,627.8,528.69,99.11,PAID ,,Duplicate claim_id with different values
CLM00044618,M007325,PR0270,Professional,I10,2024-01-06,2024-01-23,2024-01-29,210.87,119.34,99.34,20.0,PAID ,,Duplicate claim_id with different values
CLM00015298,M006226,PR0393,Outpatient,C34.90,2025-11-02,2025-11-19,2025-12-12,4149.08,3051.26,2537.15,514.11,Paid,,Duplicate claim_id with different values
CLM00022360,M000654,PR0229,Pharmacy,E11.9,2024-04-21,2024-05-14,2024-05-26,134.73,100.42,85.56,14.86,PAID ,,Duplicate claim_id with different values
CLM00025176,M900134,PR0283,Outpatient,S09.90XA,2024-02-05,2024-02-25,2024-03-14,1170.01,668.91,545.35,123.56,Paid,,Orphan member_id (not in eligibility)
CLM00042610,M900046,PR0370,Professional,Z00.00,2025-04-25,2025-05-06,2025-05-21,186.24,107.71,84.98,22.73,Paid,,Orphan member_id (not in eligibility)
CLM00010759,M900005,PR0244,Professional,Z00.00,2024-03-27,2024-04-16,2024-05-01,382.2,242.56,193.6,48.96,Paid,,Orphan member_id (not in eligibility)
CLM00006384,M900079,PR0072,Professional,I10,2024-09-09,2024-09-15,2024-09-28,125.45,70.31,63.14,7.17,Paid,,Orphan member_id (not in eligibility)
CLM00058515,M900104,PR0257,Professional,F43.10,2025-05-14,2025-05-19,2025-05-25,269.34,173.05,154.04,19.01,Paid,,Orphan member_id (not in eligibility)
CLM00000587,M900174,PR0190,Outpatient,R91.8,2024-06-07,2024-06-21,2024-07-01,490.67,366.12,308.38,57.74,Paid,,Orphan member_id (not in eligibility)
CLM00021836,M900013,PR0233,Outpatient,M54.5,2025-01-21,2025-01-30,2025-02-18,6482.05,3757.82,3682.66,75.16,Paid,,Orphan member_id (not in eligibility)
CLM00025909,M900000,PR0186,Outpatient,R10.9,2024-02-02,2024-02-21,2024-02-26,471.86,277.83,248.07,29.76,Paid,,Orphan member_id (not in eligibility)
CLM00019835,M900076,PR0153,Inpatient,J18.9,2025-09-10,2025-09-15,2025-10-09,20984.61,7545.22,6109.97,1435.25,Paid,,Orphan member_id (not in eligibility)
CLM00001373,M900020,PR0238,Outpatient,C61,2024-02-11,2024-02-15,2024-03-23,5414.33,3321.56,7038.629,415.64,Paid,,Orphan member_id (not in eligibility)
CLM00041584,M900142,PR0161,Professional,Z00.129,2024-02-14,2024-02-23,2024-02-29,253.68,173.15,143.24,29.91,Paid,,Orphan member_id (not in eligibility)
CLM00028194,M900102,PR0326,Pharmacy,E78.5,2024-12-15,2024-12-26,2025-01-31,152.2,112.22,0.0,0.0,Denied,Duplicate claim submission,Orphan member_id (not in eligibility)
CLM00017096,M900118,PR0265,Outpatient,S09.90XA,2025-12-10,2025-12-18,2025-12-30,2609.62,1330.3,1159.96,170.34,Paid,,Orphan member_id (not in eligibility)
CLM00026754,M900146,PR0269,Professional,F41.1,2024-05-26,2024-06-22,2024-07-04,191.12,123.57,121.1,2.47,Paid,,Orphan member_id (not in eligibility)
CLM00025305,M900100,PR0286,Outpatient,R07.9,2024-07-23,2024-08-18,2024-09-08,1735.83,1032.6,878.27,154.33,Paid,,Orphan member_id (not in eligibility)
CLM00005395,M900042,PR0044,Outpatient,M54.5,2025-01-22,2025-02-02,2025-02-13,1140.64,704.37,580.95,123.42,Paid,,Orphan member_id (not in eligibility)
CLM00020903,M900070,PR0043,Professional,E11.9,2025-12-23,2026-01-02,,287.13,175.74,0.0,26.9,Pending,,Orphan member_id (not in eligibility)
CLM00039519,M900022,PR0124,Outpatient,M54.5,2025-04-24,2025-05-17,2025-05-24,9231.08,5361.88,4739.45,622.43,Paid,,Orphan member_id (not in eligibility)
CLM00044731,M900075,PR0045,Professional,H66.90,2024-06-09,2024-06-17,2024-07-15,135.73,77.05,63.12,13.93,Paid,,Orphan member_id (not in eligibility)
CLM00017368,M900071,PR0020,Professional,Z00.129,2025-02-20,2025-03-03,2025-03-15,105.2,64.86,50.05,14.81,Paid,,Orphan member_id (not in eligibility)
CLM00045370,M900021,PR0335,Outpatient,I50.9,2025-08-19,2025-09-14,2025-10-01,884.6,576.94,475.64,101.3,Paid,,Orphan member_id (not in eligibility)
CLM00058056,M900069,PR0070,Outpatient,M54.5,2024-07-19,2024-08-16,2024-09-13,884.86,433.1,0.0,0.0,Denied,Duplicate claim submission,Orphan member_id (not in eligibility)
CLM00000771,M900117,PR0181,Professional,Z00.00,2025-12-12,2026-01-03,2026-01-16,429.42,239.0,0.0,0.0,Denied,Timely filing limit exceeded,Orphan member_id (not in eligibility)
CLM00007150,M900044,PR0169,Outpatient,R91.8,2024-10-01,2024-10-30,2024-11-22,577.56,394.41,311.92,82.49,Paid,,Orphan member_id (not in eligibility)
CLM00050572,M900054,PR0387,Outpatient,M54.5,2024-08-24,2024-09-13,2024-09-21,653.11,386.86,295.24,91.62,Paid,,Orphan member_id (not in eligibility)
CLM00021589,M900019,PR0293,Outpatient,R10.9,2024-08-08,2024-08-23,2024-08-27,1038.56,611.48,599.25,12.23,Paid,,Orphan member_id (not in eligibility)
CLM00007673,M900147,PR0351,Outpatient,M17.11,2025-04-10,2025-05-05,2025-05-15,3125.95,1468.24,1208.7,259.54,Paid,,Orphan member_id (not in eligibility)
CLM00020569,M900109,PR0218,Professional,J06.9,2025-04-22,2025-04-29,2025-05-31,412.4,176.6,145.96,30.64,Paid,,Orphan member_id (not in eligibility)
CLM00054673,M900017,PR0379,Inpatient,I21.4,2025-12-07,2025-12-16,2026-01-07,25044.21,18126.53,15544.64,2581.89,Paid,,Orphan member_id (not in eligibility)
CLM00049109,M900077,PR0046,Professional,E11.9,2024-06-01,2024-06-27,2024-06-28,144.34,79.53,65.92,13.61,Paid,,Orphan member_id (not in eligibility)
CLM00023913,M900052,PR0006,Professional,Z00.00,2024-07-06,2024-07-30,2024-08-07,93.11,54.8,48.39,6.41,Paid,,Orphan member_id (not in eligibility)
CLM00031736,M900049,PR0238,Outpatient,C61,2024-05-17,2024-06-02,2024-06-09,5656.45,4140.46,3623.16,517.3,Paid,,Orphan member_id (not in eligibility)
CLM00032378,M900061,PR0214,Professional,F41.1,2024-02-01,2024-02-20,2024-02-22,65.95,44.39,43.5,0.89,Paid,,Orphan member_id (not in eligibility)
CLM00032639,M900036,PR0035,Professional,Z00.00,2024-09-07,2024-09-25,2024-10-10,127.4,72.56,59.83,12.73,Paid,,Orphan member_id (not in eligibility)
CLM00031746,M900039,PR0346,Outpatient,M54.5,2024-08-22,2024-09-15,2024-09-26,2023.49,1318.43,1087.93,230.5,Paid,,Orphan member_id (not in eligibility)
CLM00011733,M900116,PR0370,Professional,Z00.00,2025-07-19,2025-08-15,2025-08-21,191.29,105.89,103.77,2.12,Paid,,Orphan member_id (not in eligibility)
CLM00030943,M900050,PR0294,Pharmacy,E11.9,2025-06-25,2025-07-20,2025-07-23,113.58,75.97,63.02,12.95,Paid,,Orphan member_id (not in eligibility)
CLM00018864,M900140,PR0124,Outpatient,S83.511A,2024-10-15,2024-11-01,2024-12-04,1579.17,913.28,765.33,147.95,Paid,,Orphan member_id (not in eligibility)
CLM00038462,M900106,PR0099,Outpatient,R10.9,2025-12-23,2026-01-18,,414.65,165.92,0.0,25.37,Pending,,Orphan member_id (not in eligibility)
CLM00033544,M900123,PR0243,Professional,Z00.00,2025-04-23,2025-05-07,2025-05-21,76.33,38.35,31.32,7.03,Paid,,Orphan member_id (not in eligibility)
CLM00043942,M900048,PR0102,Outpatient,S83.511A,2025-10-29,2025-11-05,2025-11-21,930.68,691.67,0.0,0.0,Denied,Missing prior authorization,Orphan member_id (not in eligibility)
CLM00036071,M900173,PR0076,Inpatient,I50.9,2025-09-16,2025-09-23,2025-10-11,6644.95,4157.23,3342.64,814.59,Paid,,Orphan member_id (not in eligibility)
CLM00028846,M900060,PR0067,Pharmacy,I10,2025-04-11,2025-04-21,2025-04-30,137.23,76.69,75.16,1.53,Paid,,Orphan member_id (not in eligibility)
CLM00020274,M900034,PR0050,Outpatient,S83.511A,2025-01-01,2025-01-03,2025-02-01,2732.65,1058.52,0.0,0.0,Denied,Missing/invalid information,Orphan member_id (not in eligibility)
CLM00029499,M900165,PR0081,Professional,Z00.00,2024-08-30,2024-09-02,2024-09-06,149.59,96.45,77.23,19.22,Paid,,Orphan member_id (not in eligibility)
CLM00042842,M900026,PR0138,Professional,I10,2024-02-02,2024-02-06,2024-02-10,178.75,79.2,67.29,11.91,Paid,,Orphan member_id (not in eligibility)
CLM00057192,M900131,PR0085,Professional,F32.9,2024-02-08,2024-02-12,2024-03-10,211.59,86.94,0.0,0.0,Denied,Out-of-network provider,Orphan member_id (not in eligibility)
CLM00003735,M900112,PR0126,Professional,J06.9,2025-04-07,2025-04-23,2025-05-03,146.94,109.81,107.61,2.2,Paid,,Orphan member_id (not in eligibility)
CLM00047200,M900086,PR0292,Professional,I10,2025-05-05,2025-05-12,2025-06-14,235.72,152.71,130.63,22.08,Paid,,Orphan member_id (not in eligibility)
CLM00055538,M900155,PR0395,Professional,J06.9,2025-01-02,2025-01-25,2025-02-04,297.49,214.03,177.16,36.87,Paid,,Orphan member_id (not in eligibility)
CLM00034252,M900163,PR0276,Professional,Z00.00,2025-07-17,2025-08-05,2025-08-19,419.73,186.4,0.0,0.0,Denied,Service not covered,Orphan member_id (not in eligibility)
CLM00023785,M900037,PR0356,Inpatient,I21.4,2025-08-26,2025-09-23,2025-10-25,15081.62,11100.58,8940.8,2159.78,Paid,,Orphan member_id (not in eligibility)
CLM00013257,M900087,PR0349,Professional,F43.10,2025-07-08,2025-07-14,2025-07-19,1622.55,972.05,952.61,19.44,Paid,,Orphan member_id (not in eligibility)
CLM00048390,M900127,PR0001,Outpatient,R10.9,2025-11-22,2025-11-28,2025-12-04,1869.5,731.94,628.04,103.9,Paid,,Orphan member_id (not in eligibility)
CLM00057608,M900055,PR0012,Outpatient,I25.10,2025-06-26,2025-07-13,2025-07-20,1562.72,901.32,776.05,125.27,Paid,,Orphan member_id (not in eligibility)
CLM00033239,M900136,PR0334,Professional,F32.9,2024-08-25,2024-09-07,2024-09-11,138.01,83.69,69.09,14.6,Paid,,Orphan member_id (not in eligibility)
CLM00037338,M900097,PR0255,Outpatient,R10.9,2024-12-30,2025-01-04,2025-01-16,597.79,372.51,290.86,81.65,Paid,,Orphan member_id (not in eligibility)
CLM00006804,M900012,PR0161,Professional,H66.90,2024-08-31,2024-09-02,2024-09-06,153.7,99.9,75.01,24.89,Paid,,Orphan member_id (not in eligibility)
CLM00020076,M900094,PR0059,Professional,I10,2024-01-13,2024-01-26,2024-02-01,150.55,55.4,42.71,12.69,Paid,,Orphan member_id (not in eligibility)
CLM00029570,M900101,PR0141,Professional,I10,2025-10-22,2025-11-19,2025-12-07,136.23,102.0,83.19,18.81,Paid,,Orphan member_id (not in eligibility)
CLM00004969,M900030,PR0160,Outpatient,I25.10,2025-03-15,2025-04-13,2025-04-16,1109.55,499.08,442.36,56.72,Paid,,Orphan member_id (not in eligibility)
CLM00010366,M900016,PR0282,Outpatient,C61,2024-12-12,2024-12-31,2025-01-07,11118.73,8096.48,6952.42,1144.06,Paid,,Orphan member_id (not in eligibility)
CLM00022787,M900051,PR0213,Professional,Z00.00,2025-02-16,2025-02-24,2025-03-24,122.57,71.85,0.0,0.0,Denied,Missing prior authorization,Orphan member_id (not in eligibility)
CLM00057114,M900063,PR0052,Outpatient,R10.9,2025-07-30,2025-07-31,2025-08-08,1694.94,1043.19,895.12,148.07,Paid,,Orphan member_id (not in eligibility)
CLM00038807,M900124,PR0277,Professional,Z00.00,2024-06-15,2024-07-10,2024-07-27,196.74,123.88,121.4,2.48,Paid,,Orphan member_id (not in eligibility)
CLM00010429,M900176,PR0347,Inpatient,A41.9,2025-04-23,2025-05-12,2025-05-30,30511.61,22194.65,17129.61,5065.04,Paid,,Orphan member_id (not in eligibility)
CLM00010424,M900143,PR0326,Pharmacy,E11.9,2024-10-14,2024-10-22,2024-11-01,163.9,122.22,108.63,13.59,Paid,,Orphan member_id (not in eligibility)
CLM00055738,M900058,PR0242,Inpatient,A41.9,2025-12-08,2025-12-26,2026-01-13,14260.83,8368.1,6590.16,1777.94,Paid,,Orphan member_id (not in eligibility)
CLM00001479,M900091,PR0154,Outpatient,R91.8,2025-03-10,2025-03-14,2025-03-30,1292.15,530.86,440.0,90.86,Paid,,Orphan member_id (not in eligibility)
CLM00007351,M900002,PR0105,Professional,Z00.00,2025-12-28,2026-01-16,,394.93,230.53,0.0,26.88,Pending,,Orphan member_id (not in eligibility)
CLM00032839,M900135,PR0155,Outpatient,I48.91,2025-06-13,2025-07-01,2025-07-14,1897.18,934.64,741.57,193.07,Paid,,Orphan member_id (not in eligibility)
CLM00015850,M900151,PR0121,Outpatient,S09.90XA,2024-04-01,2024-04-02,2024-04-10,2198.85,1326.54,1143.97,182.57,Paid,,Orphan member_id (not in eligibility)
CLM00054101,M900137,PR0041,Outpatient,R10.9,2025-05-25,2025-05-28,2025-06-03,3148.49,1340.36,1029.06,311.3,Paid,,Orphan member_id (not in eligibility)
CLM00026350,M900047,PR0320,Outpatient,C34.90,2024-10-11,2024-10-27,2024-11-07,4190.63,1743.14,1568.64,174.5,Paid,,Orphan member_id (not in eligibility)
CLM00007722,M900153,PR0225,Outpatient,C50.911,2025-11-23,2025-12-03,2025-11-28,5231.23,3010.22,2950.02,60.2,Paid,,Orphan member_id (not in eligibility)
CLM00049351,M900006,PR0326,Pharmacy,E78.5,2024-02-10,2024-02-29,2024-03-06,246.2,156.25,121.72,34.53,Paid,,Orphan member_id (not in eligibility)
CLM00029943,M900162,PR0381,Professional,F32.9,2024-09-11,2024-10-03,2024-10-15,157.38,102.49,91.47,11.02,Paid,,Orphan member_id (not in eligibility)
CLM00013476,M900120,PR0234,Professional,J06.9,2025-08-12,2025-09-05,2025-09-17,140.0,81.24,64.55,16.69,Paid,,Orphan member_id (not in eligibility)
CLM00009073,M900108,PR0338,Pharmacy,E78.5,2025-07-18,2025-08-02,2025-08-09,151.43,84.9,67.13,17.77,Paid,,Orphan member_id (not in eligibility)
CLM00033176,M900073,PR0139,Outpatient,C34.90,2025-02-26,2025-03-20,2025-04-03,3678.86,2433.54,0.0,0.0,Denied,Missing prior authorization,Orphan member_id (not in eligibility)
CLM00003845,M900088,PR0027,Outpatient,M17.11,2024-10-08,2024-10-25,2024-10-29,2849.05,1982.36,1942.71,39.65,Paid,,Orphan member_id (not in eligibility)
CLM00007538,M900095,PR0296,Outpatient,M54.5,2024-03-22,2024-03-24,2024-04-16,1547.54,921.4,774.41,146.99,Paid,,Orphan member_id (not in eligibility)
CLM00006727,M900065,PR0294,Pharmacy,E11.9,2025-09-29,2025-10-02,2025-10-30,146.18,97.74,95.79,1.95,Paid,,Orphan member_id (not in eligibility)
CLM00017967,M900119,PR0306,Professional,J06.9,2025-09-23,2025-10-13,2025-10-24,196.45,142.46,112.56,29.9,Paid,,Orphan member_id (not in eligibility)
CLM00024608,M900015,PR0250,Outpatient,I25.10,2025-01-22,2025-02-07,2025-02-12,2103.94,1447.93,1299.25,148.68,Paid,,Orphan member_id (not in eligibility)
CLM00033694,M900093,PR0367,Professional,I10,2025-01-25,2025-02-07,2025-02-16,217.49,157.67,154.52,3.15,Paid,,Orphan member_id (not in eligibility)
CLM00004718,M900003,PR0125,Professional,J06.9,2025-01-01,2025-01-20,2025-02-07,422.1,301.4,246.0,55.4,Paid,,Orphan member_id (not in eligibility)
CLM00014219,M900092,PR0264,Professional,Z00.00,2025-06-25,2025-07-02,2025-07-16,307.14,184.51,148.74,35.77,Paid,,Orphan member_id (not in eligibility)
CLM00035583,M900121,PR0018,Outpatient,I48.91,2025-11-05,2025-11-23,2025-12-11,2704.32,1248.75,1223.77,24.98,Paid,,Orphan member_id (not in eligibility)
CLM00053967,M900004,PR0183,Outpatient,R07.9,2024-07-25,2024-08-22,2024-09-11,1557.0,665.63,0.0,0.0,Denied,Out-of-network provider,Orphan member_id (not in eligibility)
CLM00041220,M900089,PR0227,Outpatient,S09.90XA,2024-11-26,2024-12-14,2024-12-28,1696.49,1191.93,922.47,269.46,Paid,,Orphan member_id (not in eligibility)
CLM00030600,M900053,PR0338,Pharmacy,E11.9,2024-08-27,2024-09-09,2024-09-15,104.64,60.21,48.64,11.57,Paid,,Orphan member_id (not in eligibility)
CLM00022467,M900154,PR0230,Outpatient,S83.511A,2025-02-06,2025-02-26,2025-03-10,2415.78,1527.79,1203.98,323.81,Paid,,Orphan member_id (not in eligibility)
CLM00039251,M900018,PR0313,Inpatient,I50.9,2024-06-05,2024-06-12,2024-06-27,7754.48,5341.24,4333.94,1007.3,Paid,,Orphan member_id (not in eligibility)
CLM00023789,M900145,PR0344,Outpatient,I50.9,2025-12-10,2025-12-23,2026-01-16,1442.15,1057.99,842.25,215.74,Paid,,Orphan member_id (not in eligibility)
CLM00013515,M900080,PR0256,Pharmacy,I10,2024-01-18,2024-01-24,2024-01-27,177.17,118.24,101.2,17.04,Paid,,Orphan member_id (not in eligibility)
CLM00008152,M900043,PR0149,Inpatient,I21.4,2025-05-27,2025-06-10,2025-07-01,13670.21,8432.04,7496.9,935.14,Paid,,Orphan member_id (not in eligibility)
CLM00027345,M900105,PR0087,Outpatient,R10.9,2025-03-20,2025-03-27,2025-04-08,705.84,472.09,415.57,56.52,Paid,,Orphan member_id (not in eligibility)
CLM00037517,M900064,PR0072,Professional,I10,2025-02-04,2025-03-03,2025-03-08,330.16,209.82,177.49,32.33,Paid,,Orphan member_id (not in eligibility)
CLM00008176,M900177,PR0315,Outpatient,R10.9,2025-07-24,2025-08-17,2025-08-19,644.6,463.44,401.88,61.56,Paid,,Orphan member_id (not in eligibility)
CLM00014477,M900032,PR0051,Outpatient,M17.11,2025-08-09,2025-08-15,2025-09-01,1418.61,939.22,749.14,190.08,Paid,,Orphan member_id (not in eligibility)
CLM00053969,M900011,PR0252,Pharmacy,E78.5,2024-12-15,2024-12-18,2025-01-09,211.34,142.43,120.9,21.53,Paid,,Orphan member_id (not in eligibility)
CLM00034505,M900085,PR0398,Outpatient,I48.91,2025-09-13,2025-10-12,2025-10-23,583.7,374.16,308.26,65.9,Paid,,Orphan member_id (not in eligibility)
CLM00001599,M900040,PR0179,Professional,F32.9,2024-09-21,2024-10-20,2024-10-30,170.24,99.63,86.89,12.74,Paid,,Orphan member_id (not in eligibility)
CLM00041366,M900062,PR0304,Outpatient,R91.8,2024-06-25,2024-07-10,2024-07-28,698.85,287.65,0.0,0.0,Denied,Out-of-network provider,Orphan member_id (not in eligibility)
CLM00002019,M900166,PR0345,Outpatient,M17.11,2025-03-13,2025-04-09,2025-04-27,1781.29,1288.58,1128.45,160.13,Paid,,Orphan member_id (not in eligibility)
CLM00026055,M900126,PR0099,Outpatient,R10.9,2024-12-15,2025-01-04,2025-01-11,434.69,202.31,173.29,29.02,Paid,,Orphan member_id (not in eligibility)
CLM00022364,M900024,PR0108,Professional,I10,2024-07-05,2024-07-10,2024-08-05,272.15,120.22,100.69,19.53,Paid,,Orphan member_id (not in eligibility)
CLM00045643,M900096,PR0026,Professional,Z00.00,2025-09-05,2025-10-04,2025-10-11,166.87,104.35,84.16,20.19,Paid,,Orphan member_id (not in eligibility)
CLM00059308,M900009,PR0370,Professional,J06.9,2024-07-18,2024-08-13,2024-09-15,282.29,160.13,124.36,35.77,Paid,,Orphan member_id (not in eligibility)
CLM00011829,M900138,PR0068,Professional,I10,2024-10-28,2024-11-11,2024-11-14,506.14,258.2,253.04,5.16,Paid,,Orphan member_id (not in eligibility)
CLM00004979,M900028,PR0091,Professional,Z00.00,2024-02-22,2024-03-05,2024-03-13,134.99,58.79,52.44,6.35,Paid,,Orphan member_id (not in eligibility)
CLM00007431,M900133,PR0228,Outpatient,I50.9,2024-01-21,2024-02-18,2024-03-01,1707.49,1148.57,901.62,246.95,Paid,,Orphan member_id (not in eligibility)
CLM00034373,M900090,PR0332,Inpatient,J18.9,2024-05-15,2024-06-11,2024-06-29,17405.06,12088.68,10869.36,1219.32,Paid,,Orphan member_id (not in eligibility)
CLM00029844,M900029,PR0132,Professional,Z00.00,2025-12-23,2026-01-08,,104.62,73.86,0.0,13.94,Pending,,Orphan member_id (not in eligibility)
CLM00011545,M900098,PR0209,Outpatient,R10.9,2025-02-28,2025-03-28,2025-04-04,1742.42,646.4,561.67,84.73,Paid,,Orphan member_id (not in eligibility)
CLM00054177,M900179,PR0161,Professional,J06.9,2024-06-21,2024-07-09,2024-07-18,108.01,61.68,60.45,1.23,Paid,,Orphan member_id (not in eligibility)
CLM00038938,M900149,PR0372,Professional,J06.9,2024-07-04,2024-07-30,2024-08-02,142.0,80.89,69.95,10.94,Paid,,Orphan member_id (not in eligibility)
CLM00050975,M900103,PR0113,Professional,E11.9,2024-02-20,2024-02-28,2024-03-11,172.84,109.58,93.85,15.73,Paid,,Orphan member_id (not in eligibility)
CLM00032344,M900035,PR0017,Outpatient,M54.5,2025-05-16,2025-05-25,2025-06-04,312.76,197.05,0.0,0.0,Denied,Missing/invalid information,Orphan member_id (not in eligibility)
CLM00053233,M900072,PR0369,Professional,F41.1,2024-12-23,2024-12-25,2024-12-27,122.95,63.17,56.25,6.92,Paid,,Orphan member_id (not in eligibility)
CLM00038768,M900175,PR0290,Professional,Z00.129,2025-03-13,2025-03-26,2025-04-01,252.66,144.22,117.7,26.52,Paid,,Orphan member_id (not in eligibility)
CLM00054199,M900115,PR0044,Outpatient,M54.5,2025-03-25,2025-03-30,2025-04-14,1174.72,730.68,572.99,157.69,Paid,,Orphan member_id (not in eligibility)
CLM00052634,M900125,PR0301,Professional,I10,2024-01-01,2024-01-11,2024-01-21,255.49,187.89,184.13,3.76,Paid,,Orphan member_id (not in eligibility)
CLM00046279,M900113,PR0392,Professional,J06.9,2024-01-09,2024-01-20,2024-01-24,130.42,77.5,61.15,16.35,Paid,,Orphan member_id (not in eligibility)
CLM00005132,M900099,PR0007,Professional,E11.9,2025-02-11,2025-02-17,2025-02-23,221.13,124.24,104.21,20.03,Paid,,Orphan member_id (not in eligibility)
CLM00027411,M900014,PR0392,Professional,I10,2024-05-23,2024-06-05,2024-06-12,170.63,123.57,103.46,20.11,Paid,,Orphan member_id (not in eligibility)
CLM00022864,M900122,PR0309,Outpatient,M17.11,2025-05-27,2025-06-22,2025-07-04,2152.19,1251.39,1074.13,177.26,Paid,,Orphan member_id (not in eligibility)
CLM00039070,M900081,PR0151,Professional,I10,2024-10-23,2024-10-29,2024-11-02,462.92,303.96,297.88,6.08,Paid,,Orphan member_id (not in eligibility)
CLM00057579,M900114,PR0092,Professional,F32.9,2024-08-09,2024-08-10,2024-08-20,177.91,115.53,93.35,22.18,Paid,,Orphan member_id (not in eligibility)
CLM00001311,M900178,PR0328,Outpatient,I25.10,2025-10-01,2025-10-21,2025-11-12,2319.25,1705.28,1671.17,34.11,Paid,,Orphan member_id (not in eligibility)
CLM00035651,M900033,PR0351,Outpatient,M54.5,2025-11-16,2025-12-06,2025-12-09,2047.9,865.58,680.4,185.18,Paid,,Orphan member_id (not in eligibility)
CLM00028641,M900031,PR0146,Outpatient,S09.90XA,2025-04-29,2025-05-23,2025-06-09,2664.36,1700.04,1296.23,403.81,Paid,,Orphan member_id (not in eligibility)
CLM00019797,M900111,PR0012,Outpatient,I25.10,2025-10-17,2025-10-25,2025-11-01,617.93,420.94,333.47,87.47,Paid,,Orphan member_id (not in eligibility)
CLM00001405,M900041,PR0400,Professional,Z00.00,2024-05-31,2024-06-06,2024-06-11,515.24,263.95,210.59,53.36,Paid,,Orphan member_id (not in eligibility)
CLM00024648,M900023,PR0062,Professional,H66.90,2025-02-25,2025-03-12,2025-03-17,104.46,58.96,45.21,13.75,Paid,,Orphan member_id (not in eligibility)
CLM00017428,M900167,PR0368,Outpatient,C34.90,2025-02-11,2025-03-11,2025-03-16,6719.68,4031.85,3046.51,985.34,Paid,,Orphan member_id (not in eligibility)
CLM00051073,M900068,PR0141,Professional,Z00.00,2024-05-13,2024-06-09,2024-06-11,285.23,169.93,152.39,17.54,Paid,,Orphan member_id (not in eligibility)
CLM00013881,M900107,PR0266,Pharmacy,E11.9,2024-01-21,2024-01-27,2024-02-06,213.08,136.85,116.3,20.55,Paid,,Orphan member_id (not in eligibility)
CLM00007275,M900156,PR0344,Outpatient,I25.10,2025-10-17,2025-11-03,2025-11-13,1146.38,727.12,587.2,139.92,Paid,,Orphan member_id (not in eligibility)
CLM00010061,M900172,PR0127,Professional,F41.1,2025-10-10,2025-11-01,2025-11-06,221.5,165.09,147.05,18.04,Paid,,Orphan member_id (not in eligibility)
CLM00014435,M900010,PR0110,Professional,E11.9,2024-08-16,2024-08-20,2024-08-29,257.52,149.44,117.76,31.68,Paid,,Orphan member_id (not in eligibility)
CLM00021819,M900168,PR0392,Professional,J06.9,2024-10-17,2024-10-27,2024-11-13,305.04,225.73,197.26,28.47,Paid,,Orphan member_id (not in eligibility)
CLM00044513,M900110,PR0322,Professional,Z00.129,2024-01-13,2024-01-14,2024-02-08,152.31,97.5,198.003,20.58,Paid,,Orphan member_id (not in eligibility)
CLM00051192,M900159,PR0213,Professional,E11.9,2025-10-03,2025-10-29,2025-11-24,255.43,152.75,120.13,32.62,Paid,,Orphan member_id (not in eligibility)
CLM00042609,M900132,PR0142,Professional,F43.10,2025-06-20,2025-07-17,2025-07-22,143.11,94.66,75.69,18.97,Paid,,Orphan member_id (not in eligibility)
CLM00053216,M900057,PR0294,Pharmacy,E78.5,2025-03-22,2025-04-17,2025-04-19,56.63,40.05,31.33,8.72,Paid,,Orphan member_id (not in eligibility)
CLM00056843,M900169,PR0018,Outpatient,I25.10,2024-08-26,2024-09-16,2024-10-10,717.14,362.11,295.58,66.53,Paid,,Orphan member_id (not in eligibility)
CLM00056136,M900083,PR0141,Professional,I10,2024-01-26,2024-02-05,2024-03-13,140.5,88.77,0.0,0.0,Denied,Missing prior authorization,Orphan member_id (not in eligibility)
CLM00025965,M900157,PR0356,Inpatient,I21.4,2025-05-12,2025-06-03,2025-06-22,31886.62,22408.48,19777.15,2631.33,Paid,,Orphan member_id (not in eligibility)
CLM00043729,M900171,PR0168,Professional,F43.10,2025-08-28,2025-09-23,2025-09-28,259.74,193.45,173.21,20.24,Paid,,Orphan member_id (not in eligibility)
CLM00054685,M900152,PR0123,Pharmacy,I10,2025-01-08,2025-01-16,2025-01-22,559.07,325.49,259.03,66.46,Paid,,Orphan member_id (not in eligibility)
CLM00045688,M900078,PR0322,Professional,J06.9,2025-11-05,2025-11-27,2025-12-21,276.04,202.55,198.5,4.05,Paid,,Orphan member_id (not in eligibility)
CLM00054811,M900164,PR0099,Outpatient,R10.9,2024-01-31,2024-02-06,2024-02-22,447.18,238.05,210.85,27.2,Paid,,Orphan member_id (not in eligibility)
CLM00006863,M900007,PR0111,Professional,Z00.00,2025-11-02,2025-11-17,2025-11-19,259.47,186.91,183.17,3.74,Paid,,Orphan member_id (not in eligibility)
CLM00034276,M900148,PR0355,Outpatient,R10.9,2024-12-23,2024-12-27,2025-01-02,1029.38,678.45,599.15,79.3,Paid,,Orphan member_id (not in eligibility)
CLM00015124,M900027,PR0287,Professional,J06.9,2024-02-09,2024-03-09,2024-03-20,271.36,202.99,158.47,44.52,Paid,,Orphan member_id (not in eligibility)
CLM00038868,M900045,PR0382,Professional,E11.9,2025-12-27,2026-01-10,,78.42,54.81,0.0,9.38,Pending,,Orphan member_id (not in eligibility)
CLM00039521,M900067,PR0231,Inpatient,I21.4,2025-03-18,2025-04-11,2025-05-13,44365.8,27950.74,27391.73,559.01,Paid,,Orphan member_id (not in eligibility)
CLM00017066,M900001,PR0233,Outpatient,M54.5,2025-10-13,2025-10-24,2025-10-29,834.22,489.98,433.82,56.16,Paid,,Orphan member_id (not in eligibility)
CLM00039347,M900059,PR0028,Inpatient,I21.4,2025-01-14,2025-02-02,2025-03-02,16509.97,10577.24,9247.34,1329.9,Paid,,Orphan member_id (not in eligibility)
CLM00019602,M900141,PR0043,Professional,J06.9,2024-06-19,2024-07-05,2024-07-07,313.59,227.17,194.19,32.98,Paid,,Orphan member_id (not in eligibility)
CLM00007082,M900170,PR0170,Pharmacy,I10,2024-02-12,2024-02-13,2024-03-25,142.45,85.92,68.12,17.8,Paid,,Orphan member_id (not in eligibility)
CLM00044279,M900130,PR0385,Pharmacy,E78.5,2024-12-27,2025-01-03,2025-01-17,310.8,177.28,141.32,35.96,Paid,,Orphan member_id (not in eligibility)
CLM00022521,M900084,PR0313,Inpatient,A41.9,2025-07-08,2025-07-26,2025-08-26,27002.87,18741.36,18366.53,374.83,Paid,,Orphan member_id (not in eligibility)
CLM00047069,M900144,PR0051,Outpatient,M54.5,2025-01-05,2025-01-17,2025-01-30,1577.25,1116.4,868.75,247.65,Paid,,Orphan member_id (not in eligibility)
CLM00059344,M900082,PR0112,Professional,F41.1,2024-08-15,2024-09-06,2024-09-10,132.5,85.87,66.88,18.99,Paid,,Orphan member_id (not in eligibility)
CLM00042418,M900158,PR0310,Professional,I10,2024-12-27,2025-01-09,2025-01-20,133.31,49.34,173.303,0.0,Denied,Out-of-network provider,Orphan member_id (not in eligibility)
CLM00028670,M900025,PR0245,Professional,H66.90,2024-01-16,2024-01-28,2024-02-04,239.32,151.02,114.39,36.63,Paid,,Orphan member_id (not in eligibility)
CLM00019676,M900038,PR0232,Outpatient,S83.511A,2025-05-07,2025-05-23,2025-05-30,6345.47,3624.5,3024.85,599.65,Paid,,Orphan member_id (not in eligibility)
CLM00036619,M900074,PR0265,Outpatient,R10.9,2024-11-29,2024-12-12,2024-12-31,1393.62,494.94,0.0,0.0,Denied,Service not covered,Orphan member_id (not in eligibility)
CLM00012678,M900150,PR0175,Professional,J06.9,2025-06-17,2025-07-09,2025-07-18,220.37,106.1,81.02,25.08,Paid,,Orphan member_id (not in eligibility)
CLM00054852,M900066,PR0050,Outpatient,M54.5,2024-12-13,2024-12-21,2025-01-18,3891.66,1625.84,0.0,0.0,Denied,Out-of-network provider,Orphan member_id (not in eligibility)
CLM00049607,M900160,PR0331,Professional,J06.9,2025-04-19,2025-05-11,2025-05-31,40.73,21.78,0.0,0.0,Denied,Out-of-network provider,Orphan member_id (not in eligibility)
CLM00050139,M900161,PR0299,Professional,F32.9,2024-08-14,2024-09-01,2024-09-29,191.36,127.0,106.07,20.93,Paid,,Orphan member_id (not in eligibility)
CLM00021567,M900129,PR0226,Professional,F32.9,2025-05-17,2025-05-20,2025-05-26,479.14,293.9,244.49,49.41,Paid,,Orphan member_id (not in eligibility)
CLM00008131,M900139,PR0111,Professional,Z00.00,2024-03-06,2024-03-26,2024-04-04,174.77,121.55,103.02,18.53,Paid,,Orphan member_id (not in eligibility)
CLM00047025,M006481,,Professional,I10,2024-03-28,2024-04-08,2024-04-22,300.85,225.14,189.99,35.15,Paid,,Missing/unknown provider_id
CLM00047401,M006840,,Professional,J06.9,2025-08-19,2025-08-28,2025-08-30,155.93,108.55,106.38,2.17,Paid,,Missing/unknown provider_id
CLM00035077,M007590,,Outpatient,I48.91,2024-10-31,2024-11-16,2024-11-27,2901.25,1630.7,1416.1,214.6,Paid,,Missing/unknown provider_id
CLM00048854,M003044,,Outpatient,C50.911,2024-06-19,2024-07-18,2024-08-02,5687.64,3594.43,2707.68,886.75,Paid,,Missing/unknown provider_id
CLM00027289,M000383,,Professional,J06.9,2024-11-14,2024-11-19,2024-11-22,282.45,181.54,147.56,33.98,Paid,,Missing/unknown provider_id
CLM00047433,M005223,,Outpatient,C50.911,2024-09-03,2024-09-29,2024-10-07,6327.54,4125.21,3439.66,685.55,Paid,,Missing/unknown provider_id
CLM00038176,M000712,,Professional,J06.9,2024-02-20,2024-03-09,2024-04-02,273.32,136.96,0.0,0.0,Denied,Duplicate claim submission,Missing/unknown provider_id
CLM00003915,M004590,,Professional,E11.9,2024-03-30,2024-04-11,2024-05-11,228.03,144.84,141.94,2.9,Paid,,Missing/unknown provider_id
CLM00031397,M002320,,Outpatient,I50.9,2025-12-30,2025-12-31,,1817.87,1215.37,0.0,24.31,Pending,,Missing/unknown provider_id
CLM00015682,M000709,,Professional,F32.9,2025-01-29,2025-02-27,2025-03-11,242.36,159.53,136.46,23.07,Paid,,Missing/unknown provider_id
CLM00058414,M004604,,Professional,J06.9,2025-12-28,2025-12-29,,242.7,168.95,0.0,18.22,Pending,,Missing/unknown provider_id
CLM00046043,M007464,,Inpatient,I21.4,2025-06-18,2025-07-16,2025-08-06,8644.15,4775.84,4680.32,95.52,Paid,,Missing/unknown provider_id
CLM00005160,M000772,,Professional,F32.9,2025-05-04,2025-05-17,2025-05-25,124.43,53.11,39.85,13.26,Paid,,Missing/unknown provider_id
CLM00021547,M006877,,Outpatient,C50.911,2025-03-08,2025-03-26,2025-04-14,5271.98,3547.81,2912.14,635.67,Paid,,Missing/unknown provider_id
CLM00043515,M004906,,Professional,J06.9,2025-03-19,2025-03-25,2025-04-03,314.58,155.51,122.23,33.28,Paid,,Missing/unknown provider_id
CLM00015424,M005942,,Outpatient,I50.9,2025-01-26,2025-02-04,2025-02-14,1412.75,934.33,800.59,133.74,Paid,,Missing/unknown provider_id
CLM00010011,M007841,,Outpatient,I48.91,2025-09-08,2025-09-21,2025-10-03,898.32,355.93,348.81,7.12,Paid,,Missing/unknown provider_id
CLM00023278,M000391,,Pharmacy,I10,2025-01-21,2025-02-17,2025-03-06,224.14,146.41,123.4,23.01,Paid,,Missing/unknown provider_id
CLM00010825,M001978,,Professional,Z00.129,2025-06-18,2025-07-13,2025-07-30,-77.98,50.92,49.9,1.02,Paid,,Missing/unknown provider_id
CLM00049588,M002815,,Professional,Z00.00,2025-08-01,2025-08-24,2025-09-01,466.52,327.44,252.22,75.22,Paid,,Missing/unknown provider_id
CLM00044619,M006144,,Professional,F32.9,2024-01-07,2024-01-20,2024-02-08,845.93,619.36,516.3,103.06,Paid,,Missing/unknown provider_id
CLM00057812,M003513,,Outpatient,M54.5,2025-01-11,2025-01-28,2025-02-14,3296.7,2137.93,0.0,0.0,Denied,Missing/invalid information,Missing/unknown provider_id
CLM00039671,M002097,,Professional,I10,2025-01-11,2025-01-17,2025-01-20,111.21,64.54,56.04,8.5,Paid,,Missing/unknown provider_id
CLM00055597,M007241,,Outpatient,R10.9,2025-01-14,2025-01-24,2025-02-07,270.65,198.82,178.68,20.14,Paid,,Missing/unknown provider_id
CLM00022430,M000236,,Professional,E11.9,2025-06-17,2025-06-21,2025-07-01,169.12,125.99,94.65,31.34,Paid,,Missing/unknown provider_id
CLM00054408,M003400,,Professional,F41.1,2024-12-01,2024-12-21,2024-12-31,113.72,66.11,54.52,11.59,Paid,,Missing/unknown provider_id
CLM00030638,M003571,,Professional,I10,2025-08-05,2025-08-30,2025-09-06,89.1,58.2,49.72,8.48,Paid,,Missing/unknown provider_id
CLM00009987,M003581,,Professional,I10,2024-01-27,2024-02-03,2024-02-16,179.64,102.14,80.71,21.43,Paid,,Missing/unknown provider_id
CLM00036784,M007493,,Professional,I10,2025-02-05,2025-02-14,2025-02-28,134.26,68.54,57.49,11.05,Paid,,Missing/unknown provider_id
CLM00045388,M004010,,Outpatient,R07.9,2025-09-07,2025-09-10,2025-09-26,2921.38,2177.38,1915.26,262.12,Paid,,Missing/unknown provider_id
CLM00013746,M002402,,Professional,I10,2025-06-25,2025-07-11,2025-07-19,194.0,121.65,107.97,13.68,Paid,,Missing/unknown provider_id
CLM00029595,M003985,,Professional,I10,2025-01-21,2025-01-24,2025-02-09,147.17,71.64,63.12,8.52,Paid,,Missing/unknown provider_id
CLM00046654,M001031,,Pharmacy,E11.9,2025-02-19,2025-03-08,2025-03-16,174.74,96.22,77.44,18.78,Paid,,Missing/unknown provider_id
CLM00001407,M002759,,Professional,Z00.129,2025-09-15,2025-10-02,2025-10-03,194.17,123.87,103.69,20.18,Paid,,Missing/unknown provider_id
CLM00016387,M005518,,Professional,Z00.00,2025-12-17,2026-01-02,,64.02,37.01,0.0,8.22,Pending,,Missing/unknown provider_id
CLM00035332,M002371,,Outpatient,M54.5,2025-01-11,2025-02-07,2025-03-01,1719.02,923.06,0.0,0.0,Denied,Duplicate claim submission,Missing/unknown provider_id
CLM00012692,M006071,,Pharmacy,E78.5,2024-02-15,2024-03-06,2024-03-14,75.72,50.13,49.13,1.0,Paid,,Missing/unknown provider_id
CLM00056394,M005240,,Pharmacy,E11.9,2025-04-13,2025-04-24,2025-05-04,118.76,69.9,57.77,12.13,Paid,,Missing/unknown provider_id
CLM00039638,M006794,,Professional,Z00.129,2024-12-02,2024-12-13,2025-01-04,140.86,70.62,0.0,0.0,Denied,Out-of-network provider,Missing/unknown provider_id
CLM00012419,M003985,,Outpatient,R07.9,2024-05-26,2024-06-01,2024-06-09,4844.28,2961.46,2588.76,372.7,Paid,,Missing/unknown provider_id
CLM00053920,M004124,,Professional,Z00.00,2024-07-19,2024-07-28,2024-08-04,161.18,94.93,76.32,18.61,Paid,,Missing/unknown provider_id
CLM00008373,M007919,,Outpatient,M17.11,2024-03-17,2024-03-26,2024-03-30,919.45,581.41,569.78,11.63,Paid,,Missing/unknown provider_id
CLM00016431,M004133,,Professional,J06.9,2025-04-15,2025-04-17,2025-04-30,312.49,225.89,202.8,23.09,Paid,,Missing/unknown provider_id
CLM00006228,M000301,,Outpatient,R91.8,2025-08-09,2025-09-03,2025-09-23,568.03,342.07,275.0,67.07,Paid,,Missing/unknown provider_id
CLM00053316,M001463,,Outpatient,C34.90,2024-11-30,2024-12-11,2024-12-27,7814.04,5022.15,3807.08,1215.07,Paid,,Missing/unknown provider_id
CLM00046245,M003022,,Professional,Z00.00,2025-06-09,2025-06-27,2025-06-30,174.92,84.7,69.48,15.22,Paid,,Missing/unknown provider_id
CLM00033936,M002354,,Professional,J06.9,2025-09-09,2025-10-03,2025-10-07,398.28,278.99,233.39,45.6,Paid,,Missing/unknown provider_id
CLM00007545,M002306,,Pharmacy,E78.5,2025-01-12,2025-02-10,2025-03-05,86.88,48.83,36.92,11.91,Paid,,Missing/unknown provider_id
CLM00006811,M007514,,Professional,Z00.129,2024-06-11,2024-07-05,2024-07-08,106.72,73.6,55.92,17.68,Paid,,Missing/unknown provider_id
CLM00014836,M002777,,Outpatient,R07.9,2025-12-03,2025-12-18,2025-12-31,2558.37,1898.67,0.0,0.0,Denied,Missing/invalid information,Missing/unknown provider_id
CLM00001595,M001700,,Professional,F41.1,2024-12-20,2025-01-05,2025-01-16,130.99,73.79,57.12,16.67,Paid,,Missing/unknown provider_id
CLM00053662,M006388,,Professional,I10,2025-02-18,2025-03-17,2025-03-28,185.23,128.18,101.64,26.54,Paid,,Missing/unknown provider_id
CLM00030508,M003844,,Professional,Z00.00,2025-04-02,2025-04-09,2025-04-27,130.83,81.42,70.81,10.61,Paid,,Missing/unknown provider_id
CLM00022802,M007143,,Outpatient,C61,2024-12-29,2025-01-16,2025-02-05,5727.99,3995.84,3099.37,896.47,Paid,,Missing/unknown provider_id
CLM00015297,M002561,,Outpatient,I50.9,2024-02-02,2024-02-26,2024-03-04,2315.34,1285.8,1056.22,229.58,Paid,,Missing/unknown provider_id
CLM00030579,M005276,,Outpatient,R91.8,2025-12-17,2026-01-12,,382.89,238.57,0.0,26.72,Pending,,Missing/unknown provider_id
CLM00050546,M002221,,Professional,I10,2025-01-27,2025-02-14,2025-02-22,227.85,160.6,124.6,36.0,Paid,,Missing/unknown provider_id
CLM00050012,M001683,,Professional,J06.9,2025-01-27,2025-02-16,2025-02-25,208.0,147.74,121.78,25.96,Paid,,Missing/unknown provider_id
CLM00011911,M002763,,Professional,E11.9,2025-06-07,2025-06-13,2025-06-18,148.73,60.91,48.24,12.67,Paid,,Missing/unknown provider_id
CLM00015298,M006226,,Outpatient,C34.90,2025-11-02,2025-11-19,2025-12-12,4149.08,3051.26,2537.15,514.11,Paid,,Missing/unknown provider_id
CLM00023183,M000328,,Outpatient,M54.5,2024-12-19,2025-01-10,2025-01-11,1386.36,808.68,627.33,181.35,Paid,,Missing/unknown provider_id
CLM00027256,M005370,,Outpatient,C61,2024-01-11,2024-01-30,2024-02-09,6607.27,3908.8,0.0,0.0,Denied,Missing prior authorization,Missing/unknown provider_id
CLM00006313,M001269,,Pharmacy,I10,2025-10-12,2025-10-27,2025-11-05,74.61,52.18,41.35,10.83,Paid,,Missing/unknown provider_id
CLM00049020,M001643,,Outpatient,R91.8,2024-01-25,2024-02-17,2024-02-24,1424.87,1064.06,883.25,180.81,Paid,,Missing/unknown provider_id
CLM00024437,M005835,,Professional,J06.9,2024-09-17,2024-10-09,2024-10-15,171.02,121.02,108.82,12.2,Paid,,Missing/unknown provider_id
CLM00053837,M003381,,Inpatient,A41.9,2024-02-19,2024-03-16,2024-04-21,30879.56,15409.64,13605.09,1804.55,Paid,,Missing/unknown provider_id
CLM00044394,M003029,,Professional,Z00.00,2025-01-04,2025-01-07,2025-01-17,317.27,209.24,181.98,27.26,Paid,,Missing/unknown provider_id
CLM00019940,M007168,,Outpatient,R07.9,2024-07-21,2024-08-12,2024-09-08,808.99,528.79,457.95,70.84,Paid,,Missing/unknown provider_id
CLM00051084,M003448,,Professional,E11.9,2025-10-31,2025-11-18,2025-11-30,228.66,128.54,105.25,23.29,Paid,,Missing/unknown provider_id
CLM00005079,M006292,,Pharmacy,I10,2024-01-08,2024-02-05,2024-02-09,384.77,247.72,242.77,4.95,Paid,,Missing/unknown provider_id
CLM00000919,M006061,,Outpatient,R91.8,2024-01-27,2024-02-07,2024-02-09,393.49,231.85,198.76,33.09,Paid,,Missing/unknown provider_id
CLM00022562,M005962,,Professional,I10,2024-02-19,2024-03-06,2024-03-12,227.3,127.84,96.61,31.23,Paid,,Missing/unknown provider_id
CLM00027881,M002459,,Professional,F41.1,2025-03-24,2025-04-16,2025-04-28,315.29,217.72,192.15,25.57,Paid,,Missing/unknown provider_id
CLM00004011,M003333,,Professional,H66.90,2024-08-05,2024-08-31,2024-09-08,233.76,158.14,135.28,22.86,Paid,,Missing/unknown provider_id
CLM00039999,M006453,,Professional,I10,2024-03-04,2024-03-22,2024-03-28,268.89,199.07,165.98,33.09,Paid,,Missing/unknown provider_id
CLM00027309,M006265,,Professional,F32.9,2024-11-22,2024-12-04,2024-12-13,100.7,61.9,51.74,10.16,Paid,,Missing/unknown provider_id
CLM00048974,M000158,,Outpatient,I25.10,2025-03-20,2025-04-05,2025-04-11,1353.33,825.18,653.49,171.69,Paid,,Missing/unknown provider_id
CLM00006798,M000164,,Outpatient,I50.9,2024-10-06,2024-10-15,2024-11-05,1056.07,698.56,530.07,168.49,Paid,,Missing/unknown provider_id
CLM00056299,M005046,,Outpatient,S09.90XA,2025-06-16,2025-07-02,2025-07-10,3041.81,1440.33,1411.52,28.81,Paid,,Missing/unknown provider_id
CLM00045113,M002797,,Pharmacy,E11.9,2024-05-05,2024-05-28,2024-06-05,130.45,46.05,0.0,0.0,Denied,Out-of-network provider,Missing/unknown provider_id
CLM00058975,M006811,,Outpatient,C34.90,2024-12-22,2025-01-17,2025-01-22,4047.31,2075.78,1748.34,327.44,Paid,,Missing/unknown provider_id
CLM00015530,M002841,,Pharmacy,E78.5,2024-01-02,2024-01-30,2024-02-03,115.59,58.44,46.75,11.69,Paid,,Missing/unknown provider_id
CLM00015182,M006273,,Professional,F32.9,2024-10-04,2024-10-16,2024-10-26,289.41,217.05,170.06,46.99,Paid,,Missing/unknown provider_id
CLM00045463,M007375,,Professional,J06.9,2024-10-08,2024-10-30,2024-11-02,420.51,296.8,251.45,45.35,Paid,,Missing/unknown provider_id
CLM00002265,M006821,,Inpatient,I21.4,2024-01-18,2024-02-04,2024-03-02,13808.8,8091.79,6706.6,1385.19,Paid,,Missing/unknown provider_id
CLM00038273,M003485,,Pharmacy,I10,2024-03-02,2024-03-11,2024-03-19,73.55,40.74,31.99,8.75,Paid,,Missing/unknown provider_id
CLM00038709,M003989,,Professional,E11.9,2024-05-24,2024-06-21,2024-07-01,178.55,110.97,108.75,2.22,Paid,,Missing/unknown provider_id
CLM00052367,M002026,,Professional,I10,2025-08-28,2025-09-05,2025-09-17,99.52,35.33,0.0,0.0,Denied,Out-of-network provider,Missing/unknown provider_id
CLM00016467,M000670,,Professional,J06.9,2025-12-12,2025-12-28,,121.0,68.95,0.0,10.97,Pending,,Missing/unknown provider_id
CLM00015267,M002898,,Professional,E11.9,2025-03-13,2025-03-22,2025-03-25,224.98,139.82,107.5,32.32,Paid,,Missing/unknown provider_id
CLM00011975,M004369,,Professional,J06.9,2025-11-21,2025-12-08,2025-12-12,216.9,82.29,64.13,18.16,Paid,,Missing/unknown provider_id
CLM00013475,M003308,,Outpatient,I48.91,2024-04-27,2024-05-10,2024-05-15,1171.53,602.61,537.03,65.58,Paid,,Missing/unknown provider_id
CLM00035393,M004367,,Outpatient,M17.11,2025-08-10,2025-08-19,2025-09-16,4785.77,2819.77,2286.58,533.19,Paid,,Missing/unknown provider_id
CLM00027212,M002948,,Professional,F41.1,2025-02-13,2025-02-18,2025-02-21,189.14,93.42,77.17,16.25,Paid,,Missing/unknown provider_id
CLM00019790,M007213,,Professional,E11.9,2025-01-17,2025-01-22,2025-02-10,352.24,254.89,209.58,45.31,Paid,,Missing/unknown provider_id
CLM00026232,M007250,,Professional,F43.10,2025-08-21,2025-08-26,2025-09-04,169.23,121.9,103.44,18.46,Paid,,Missing/unknown provider_id
CLM00002010,M002451,,Professional,E11.9,2025-06-04,2025-06-25,2025-07-24,242.24,161.23,137.68,23.55,Paid,,Missing/unknown provider_id
CLM00010674,M002763,,Professional,F43.10,2025-09-08,2025-09-28,2025-10-19,182.57,119.96,97.75,22.21,Paid,,Missing/unknown provider_id
CLM00006410,M000911,,Outpatient,R07.9,2024-01-26,2024-02-06,2024-02-11,7760.9,3359.69,2910.19,449.5,Paid,,Missing/unknown provider_id
CLM00057218,M006420,,Professional,F43.10,2024-11-10,2024-12-02,2024-12-09,153.81,104.68,83.42,21.26,Paid,,Missing/unknown provider_id
CLM00048313,M007001,,Professional,Z00.00,2024-11-11,2024-11-17,2024-11-30,112.98,76.37,60.05,16.32,Paid,,Missing/unknown provider_id
CLM00056730,M004834,,Professional,Z00.00,2025-08-01,2025-08-12,2025-08-28,126.91,66.05,55.51,10.54,Paid,,Missing/unknown provider_id
CLM00040479,M004076,,Outpatient,R10.9,2024-12-25,2025-01-07,2025-01-13,717.15,416.43,369.82,46.61,Paid,,Missing/unknown provider_id
CLM00040744,M007737,,Professional,F41.1,2024-04-17,2024-04-30,2024-05-14,203.26,139.15,121.05,18.1,Paid,,Missing/unknown provider_id
CLM00057371,M007084,,Professional,E11.9,2024-10-06,2024-10-22,2024-11-06,220.37,152.51,120.53,31.98,Paid,,Missing/unknown provider_id
CLM00029665,M004269,,Outpatient,I48.91,2025-02-13,2025-02-20,2025-03-17,1797.08,1007.36,892.46,114.9,Paid,,Missing/unknown provider_id
CLM00052452,M005866,,Outpatient,I48.91,2025-04-24,2025-05-05,2025-05-08,1768.71,1093.75,832.87,260.88,Paid,,Missing/unknown provider_id
CLM00029006,M002571,,Professional,J06.9,2025-08-24,2025-09-19,2025-09-29,114.12,83.81,72.72,11.09,Paid,,Missing/unknown provider_id
CLM00044454,M007801,,Pharmacy,E78.5,2025-05-18,2025-05-23,2025-05-31,46.04,27.69,24.27,3.42,Paid,,Missing/unknown provider_id
CLM00037445,M002445,,Professional,F41.1,2025-06-25,2025-06-27,2025-07-04,248.4,170.39,137.77,32.62,Paid,,Missing/unknown provider_id
CLM00010582,M002125,,Outpatient,I48.91,2025-08-31,2025-09-04,2025-09-17,1736.08,1078.75,872.93,205.82,Paid,,Missing/unknown provider_id
CLM00037975,M006812,,Professional,J06.9,2025-01-04,2025-01-08,2025-01-09,259.53,164.0,139.2,24.8,Paid,,Missing/unknown provider_id
CLM00024429,M003485,,Professional,J06.9,2025-01-29,2025-02-03,2025-02-11,266.14,127.81,109.08,18.73,Paid,,Missing/unknown provider_id
CLM00056461,M007057,,Professional,J06.9,2025-06-08,2025-07-07,2025-07-25,127.37,74.94,73.44,1.5,Paid,,Missing/unknown provider_id
CLM00015930,M007494,,Outpatient,I25.10,2025-08-26,2025-09-17,2025-09-20,1531.59,913.33,715.16,198.17,Paid,,Missing/unknown provider_id
CLM00055162,M004507,,Professional,Z00.00,2025-09-20,2025-10-11,2025-10-14,285.97,161.54,134.49,27.05,Paid,,Missing/unknown provider_id
CLM00037216,M000183,,Outpatient,C61,2024-12-31,2025-01-10,2025-01-26,3483.14,2205.63,1967.41,238.22,Paid,,Missing/unknown provider_id
CLM00042518,M001375,,Professional,F32.9,2024-12-14,2024-12-15,2024-12-27,50.24,18.79,0.0,0.0,Denied,Missing prior authorization,Missing/unknown provider_id
CLM00015181,M002675,,Outpatient,I48.91,2025-09-30,2025-10-07,2025-10-13,2037.62,1041.75,785.06,256.69,Paid,,Missing/unknown provider_id
CLM00018860,M003990,,Outpatient,I50.9,2025-02-25,2025-03-05,2025-03-14,781.33,463.94,454.66,9.28,Paid,,Missing/unknown provider_id
CLM00050136,M005146,,Professional,J06.9,2025-12-06,2025-12-07,2025-12-10,296.85,186.36,182.63,3.73,Paid,,Missing/unknown provider_id
CLM00008001,M006395,,Professional,E11.9,2025-10-03,2025-10-16,2025-10-22,224.86,168.1,148.93,19.17,Paid,,Missing/unknown provider_id
CLM00011388,M001547,,Professional,I10,2025-11-25,2025-11-29,2025-12-28,92.78,42.67,33.05,9.62,Paid,,Missing/unknown provider_id
CLM00039784,M006397,,Professional,F32.9,2025-08-16,2025-08-31,2025-09-11,139.01,51.88,42.55,9.33,Paid,,Missing/unknown provider_id
CLM00036453,M006378,,Outpatient,M17.11,2025-08-05,2025-09-01,2025-09-03,3021.58,1285.58,1259.87,25.71,Paid,,Missing/unknown provider_id
CLM00009490,M006658,,Inpatient,I50.9,2025-04-01,2025-04-25,2025-05-23,9965.2,7206.44,7062.31,144.13,Paid,,Missing/unknown provider_id
CLM00013962,M004115,,Professional,I10,2024-12-22,2024-12-23,2025-01-04,197.19,110.74,84.41,26.33,Paid,,Missing/unknown provider_id
CLM00000651,M002093,,Professional,Z00.00,2024-12-27,2024-12-30,2025-01-03,137.86,79.86,61.98,17.88,Paid,,Missing/unknown provider_id
CLM00024697,M004512,,Professional,J06.9,2025-02-01,2025-02-23,2025-02-26,141.97,63.33,56.5,6.83,Paid,,Missing/unknown provider_id
CLM00004841,M002701,,Professional,H66.90,2024-01-22,2024-02-01,2024-02-13,121.23,89.88,76.58,13.3,Paid,,Missing/unknown provider_id
CLM00050887,M001824,,Professional,F43.10,2025-03-09,2025-03-24,2025-04-10,102.17,48.27,38.98,9.29,Paid,,Missing/unknown provider_id
CLM00043716,M000318,,Professional,F43.10,2024-08-02,2024-08-08,2024-08-12,109.59,80.77,61.7,19.07,Paid,,Missing/unknown provider_id
CLM00025509,M007239,,Outpatient,M54.5,2025-10-30,2025-11-17,2025-12-16,1557.85,890.15,125.0,0.0,Denied,Missing prior authorization,Missing/unknown provider_id
CLM00046641,M003208,,Professional,I10,2025-04-15,2025-04-17,2025-04-29,203.67,133.6,110.95,22.65,Paid,,Missing/unknown provider_id
CLM00009145,M000699,,Outpatient,R10.9,2025-08-30,2025-09-24,2025-10-12,885.5,616.78,471.97,144.81,Paid,,Missing/unknown provider_id
CLM00003609,M004113,,Professional,J06.9,2024-05-08,2024-05-27,2024-06-06,174.85,126.21,104.76,21.45,Paid,,Missing/unknown provider_id
CLM00027135,M001494,,Professional,Z00.00,2024-11-18,2024-12-06,2024-12-23,299.38,197.09,158.74,38.35,Paid,,Missing/unknown provider_id
CLM00039882,M000964,,Professional,F43.10,2025-11-24,2025-11-30,2025-12-13,216.3,139.22,119.85,19.37,Paid,,Missing/unknown provider_id
CLM00006626,M007945,,Professional,I10,2024-09-15,2024-09-27,2024-10-17,95.13,41.92,35.98,5.94,Paid,,Missing/unknown provider_id
CLM00027452,M006449,,Professional,F32.9,2024-05-14,2024-06-10,2024-06-17,214.9,158.95,121.55,37.4,Paid,,Missing/unknown provider_id
CLM00049389,M006000,,Professional,Z00.00,2025-01-16,2025-01-28,2025-02-01,98.55,50.24,43.1,7.14,Paid,,Missing/unknown provider_id
CLM00024869,M000653,,Outpatient,I50.9,2025-04-27,2025-05-20,2025-05-25,1223.84,737.98,660.9,77.08,Paid,,Missing/unknown provider_id
CLM00027946,M007910,,Outpatient,M17.11,2024-11-10,2024-11-27,2024-12-17,1890.48,954.11,744.11,210.0,Paid,,Missing/unknown provider_id
CLM00052077,M003039,,Pharmacy,I10,2024-12-07,2024-12-18,2024-12-23,106.8,71.8,54.88,16.92,Paid,,Missing/unknown provider_id
CLM00013806,M007596,,Professional,F32.9,2024-01-20,2024-01-27,2024-02-01,191.21,127.05,124.51,2.54,Paid,,Missing/unknown provider_id
CLM00007827,M005573,,Professional,F41.1,2025-12-05,2025-12-19,2025-12-26,118.82,84.19,73.1,11.09,Paid,,Missing/unknown provider_id
CLM00048296,M004241,,Outpatient,C34.90,2025-06-08,2025-06-18,2025-06-22,3026.85,1417.08,1232.42,184.66,Paid,,Missing/unknown provider_id
CLM00002588,M006743,,Professional,Z00.00,2025-12-02,2025-12-04,2025-12-10,65.87,25.83,19.5,6.33,Paid,,Missing/unknown provider_id
CLM00001768,M003593,,Professional,E11.9,2024-06-06,2024-06-26,2024-07-06,74.39,30.51,23.03,7.48,Paid,,Missing/unknown provider_id
CLM00004053,M003588,,Pharmacy,I10,2025-09-02,2025-09-11,2025-10-01,188.98,67.88,56.43,11.45,Paid,,Missing/unknown provider_id
CLM00032688,M005779,,Pharmacy,E78.5,2025-07-09,2025-07-10,2025-07-21,100.3,67.37,53.94,13.43,Paid,,Missing/unknown provider_id
CLM00030193,M000503,,Professional,H66.90,2025-04-19,2025-05-03,2025-05-12,83.85,58.84,57.66,1.18,Paid,,Missing/unknown provider_id
CLM00034820,M007536,,Inpatient,A41.9,2025-12-05,2025-12-27,2026-01-18,62193.74,36264.8,35539.5,725.3,Paid,,Missing/unknown provider_id
CLM00038278,M005267,,Professional,F32.9,2025-04-23,2025-04-30,2025-05-13,405.36,181.73,0.0,0.0,Denied,Missing prior authorization,Missing/unknown provider_id
CLM00046031,M001980,,Outpatient,R10.9,2024-12-18,2025-01-15,2025-01-31,1285.5,746.12,0.0,0.0,Denied,Missing/invalid information,Missing/unknown provider_id
CLM00019344,M005638,,Inpatient,A41.9,2024-10-28,2024-11-04,2024-11-19,4500.69,1801.83,1597.23,204.6,Paid,,Missing/unknown provider_id
CLM00026980,M006605,,Outpatient,I25.10,2025-01-13,2025-01-19,2025-02-10,1505.33,653.37,511.41,141.96,Paid,,Missing/unknown provider_id
CLM00024123,M001265,,Professional,F43.10,2025-02-14,2025-02-21,2025-02-26,162.56,101.94,76.7,25.24,Paid,,Missing/unknown provider_id
CLM00002923,M003472,,Outpatient,M54.5,2025-01-04,2025-01-21,2025-02-22,370.63,242.34,196.04,46.3,Paid,,Missing/unknown provider_id
CLM00050141,M004464,,Inpatient,I50.9,2025-12-07,2025-12-11,2026-01-02,9620.47,5340.36,5233.55,106.81,Paid,,Missing/unknown provider_id
CLM00014549,M003509,,Professional,J06.9,2025-02-14,2025-02-20,2025-03-08,102.57,46.94,0.0,0.0,Denied,Out-of-network provider,Missing/unknown provider_id
CLM00022700,M003888,,Outpatient,C50.911,2024-08-04,2024-08-06,2024-08-11,3006.48,2235.9,2191.18,44.72,Paid,,Missing/unknown provider_id
CLM00023011,M000241,,Professional,H66.90,2024-01-16,2024-01-30,2024-02-09,120.85,71.49,70.06,1.43,Paid,,Missing/unknown provider_id
CLM00026256,M006000,,Outpatient,M54.5,2024-12-02,2024-12-21,2025-01-05,313.44,230.45,194.44,36.01,Paid,,Missing/unknown provider_id
CLM00040541,M001186,,Pharmacy,E11.9,2025-09-19,2025-10-09,2025-10-13,98.88,52.89,51.83,1.06,Paid,,Missing/unknown provider_id
CLM00029975,M004154,,Pharmacy,E11.9,2024-07-30,2024-08-14,2024-08-30,129.07,93.35,73.08,20.27,Paid,,Missing/unknown provider_id
CLM00048513,M004453,,Professional,F43.10,2024-04-30,2024-05-08,2024-05-19,147.0,94.94,74.83,20.11,Paid,,Missing/unknown provider_id
CLM00058405,M007838,,Professional,Z00.129,2025-09-17,2025-09-30,2025-10-08,107.88,72.93,0.0,0.0,Denied,Missing/invalid information,Missing/unknown provider_id
CLM00028124,M005567,,Professional,Z00.00,2024-08-22,2024-08-25,2024-09-15,293.39,164.99,128.72,36.27,Paid,,Missing/unknown provider_id
CLM00002630,M007155,,Professional,F41.1,2025-05-10,2025-05-29,2025-06-08,168.16,113.98,86.49,27.49,Paid,,Missing/unknown provider_id
CLM00047841,M000623,,Outpatient,R10.9,2024-08-03,2024-08-20,2024-08-25,946.41,656.43,643.3,13.13,Paid,,Missing/unknown provider_id
CLM00020011,M000013,,Pharmacy,E78.5,2025-12-24,2026-01-11,,111.86,69.26,0.0,10.15,Pending,,Missing/unknown provider_id
CLM00056327,M003276,,Inpatient,A41.9,2024-12-21,2024-12-29,2025-01-17,27097.77,9699.57,0.0,0.0,Denied,Out-of-network provider,Missing/unknown provider_id
CLM00052363,M004675,,Professional,J06.9,2025-01-02,2025-01-22,2025-01-28,315.92,199.23,173.19,26.04,Paid,,Missing/unknown provider_id
CLM00042382,M007610,,Professional,Z00.00,2024-12-22,2024-12-27,2025-01-08,161.87,101.41,99.38,2.03,Paid,,Missing/unknown provider_id
CLM00002057,M004079,,Outpatient,M54.5,2024-01-28,2024-02-26,2024-03-17,861.65,485.28,0.0,0.0,Denied,Duplicate claim submission,Missing/unknown provider_id
CLM00043263,M004131,,Outpatient,R10.9,2025-02-28,2025-03-06,2025-04-09,386.04,224.7,201.06,23.64,Paid,,Missing/unknown provider_id
CLM00000307,M004026,,Professional,J06.9,2024-01-06,2024-01-13,2024-01-21,161.04,61.03,59.81,1.22,Paid,,Missing/unknown provider_id
CLM00010457,M005593,,Outpatient,C50.911,2024-03-08,2024-03-24,2024-04-15,5733.78,3168.16,2742.18,425.98,Paid,,Missing/unknown provider_id
CLM00042061,M005892,,Inpatient,J18.9,2025-10-19,2025-11-13,2025-12-01,6101.35,3952.57,3334.28,618.29,Paid,,Missing/unknown provider_id
CLM00007905,M002519,,Professional,F41.1,2024-04-19,2024-04-27,2024-05-13,555.21,332.88,260.36,72.52,Paid,,Missing/unknown provider_id
CLM00011742,M001031,,Outpatient,M54.5,2025-12-05,2025-12-26,2026-01-21,1096.64,454.99,0.0,0.0,Denied,Missing/invalid information,Missing/unknown provider_id
CLM00016925,M003615,,Pharmacy,E78.5,2024-02-19,2024-03-18,2024-03-23,116.02,56.06,44.0,12.06,Paid,,Missing/unknown provider_id
CLM00022305,M007719,,Outpatient,I50.9,2025-03-16,2025-04-05,2025-04-19,933.91,334.24,296.59,37.65,Paid,,Missing/unknown provider_id
CLM00051467,M002309,,Professional,I10,2025-01-14,2025-02-08,2025-02-14,213.84,156.03,123.87,32.16,Paid,,Missing/unknown provider_id
CLM00011983,M002855,,Outpatient,M54.5,2025-06-15,2025-07-03,2025-07-20,359.53,245.21,217.28,27.93,Paid,,Missing/unknown provider_id
CLM00016572,M003066,,Outpatient,C34.90,2025-01-28,2025-02-24,2025-03-01,3834.87,2744.41,2426.91,317.5,Paid,,Missing/unknown provider_id
CLM00036311,M006252,,Professional,J06.9,2024-09-10,2024-09-21,2024-10-13,112.6,63.99,52.88,11.11,Paid,,Missing/unknown provider_id
CLM00048682,M001942,,Professional,J06.9,2024-07-15,2024-08-09,2024-08-22,179.87,92.95,76.27,16.68,Paid,,Missing/unknown provider_id
CLM00025040,M000934,,Outpatient,M54.5,2024-09-03,2024-09-22,2024-10-01,405.71,296.23,222.42,73.81,Paid,,Missing/unknown provider_id
CLM00017289,M005166,,Outpatient,S09.90XA,2024-05-25,2024-06-17,2024-07-11,2065.02,1073.33,0.0,0.0,Denied,Duplicate claim submission,Missing/unknown provider_id
CLM00050219,M007671,,Professional,F32.9,2024-12-30,2025-01-19,2025-02-07,186.73,81.23,79.61,1.62,Paid,,Missing/unknown provider_id
CLM00025735,M000265,,Professional,E11.9,2024-07-11,2024-07-19,2024-08-06,265.46,165.12,161.82,3.3,Paid,,Missing/unknown provider_id
CLM00056431,M001062,,Outpatient,R91.8,2025-01-03,2025-01-11,2025-01-14,392.35,237.74,197.74,40.0,Paid,,Missing/unknown provider_id
CLM00032981,M004257,,Outpatient,C34.90,2025-12-13,2025-12-24,,5515.64,3952.6,0.0,512.1,Pending,,Missing/unknown provider_id
CLM00014196,M004269,,Pharmacy,E78.5,2024-12-13,2024-12-26,2025-01-03,95.68,58.44,51.59,6.85,Paid,,Missing/unknown provider_id
CLM00008996,M002357,,Professional,Z00.00,2024-09-11,2024-09-12,2024-09-26,256.51,127.61,99.12,28.49,Paid,,Missing/unknown provider_id
CLM00057177,M007493,,Outpatient,M17.11,2024-05-31,2024-06-11,2024-06-21,2025.31,1334.47,1091.57,242.9,Paid,,Missing/unknown provider_id
CLM00024252,M005697,,Outpatient,S09.90XA,2024-12-25,2025-01-18,2025-02-09,1676.09,1048.12,805.11,243.01,Paid,,Missing/unknown provider_id
CLM00048633,M002731,,Professional,J06.9,2025-02-05,2025-03-05,2025-03-15,220.36,152.36,131.56,20.8,Paid,,Missing/unknown provider_id
CLM00010890,M000457,,Professional,Z00.129,2025-01-28,2025-02-04,2025-02-11,66.77,47.13,46.19,0.94,Paid,,Missing/unknown provider_id
CLM00008419,M001432,,Professional,E11.9,2024-09-30,2024-10-08,2024-10-13,410.88,290.02,249.33,40.69,Paid,,Missing/unknown provider_id
CLM00044981,M003566,,Outpatient,C50.911,2024-03-09,2024-04-07,2024-04-09,5028.56,2577.15,1997.32,579.83,Paid,,Missing/unknown provider_id
CLM00033423,M004135,,Professional,J06.9,2024-10-14,2024-10-18,2024-11-06,133.33,77.66,59.85,17.81,Paid,,Missing/unknown provider_id
CLM00054273,M000696,,Outpatient,R10.9,2024-12-27,2024-12-31,2025-01-15,2226.15,1518.56,1312.96,205.6,Paid,,Missing/unknown provider_id
CLM00019620,M002621,,Professional,E11.9,2024-05-26,2024-06-21,2024-07-03,351.36,203.55,199.48,4.07,Paid,,Missing/unknown provider_id
CLM00048248,M000740,,Professional,F43.10,2024-12-17,2025-01-09,2025-01-17,497.55,320.72,262.36,58.36,Paid,,Missing/unknown provider_id
CLM00026871,M007582,,Professional,F43.10,2025-09-05,2025-09-28,2025-10-09,121.99,80.24,78.64,1.6,Paid,,Missing/unknown provider_id
CLM00020176,M007701,,Professional,J06.9,2024-02-19,2024-03-09,2024-03-10,177.53,129.06,115.15,13.91,Paid,,Missing/unknown provider_id
CLM00036994,M005666,,Professional,Z00.129,2025-08-17,2025-08-19,2025-08-29,228.14,145.89,119.34,26.55,Paid,,Missing/unknown provider_id
CLM00058189,M000343,,Inpatient,I50.9,2024-05-10,2024-05-14,2024-05-30,22315.62,13822.24,11838.23,1984.01,Paid,,Missing/unknown provider_id
CLM00038991,M002872,,Outpatient,M54.5,2024-05-12,2024-05-19,2024-06-13,1356.96,814.71,0.0,0.0,Denied,Missing prior authorization,Missing/unknown provider_id
CLM00000221,M007806,,Professional,E11.9,2024-05-25,2024-06-23,2024-07-13,423.53,257.92,0.0,0.0,Denied,Out-of-network provider,Missing/unknown provider_id
CLM00035316,M003908,,Pharmacy,E11.9,2024-03-25,2024-04-01,2024-04-23,153.74,113.6,111.33,2.27,Paid,,Missing/unknown provider_id
CLM00030772,M000445,,Outpatient,R91.8,2025-11-07,2025-11-12,2025-11-14,1317.64,764.12,624.27,139.85,Paid,,Missing/unknown provider_id
CLM00035740,M005838,,Outpatient,R91.8,2025-01-03,2025-01-13,2025-02-09,601.85,355.77,275.81,79.96,Paid,,Missing/unknown provider_id
CLM00027797,M005850,,Pharmacy,I10,2025-02-25,2025-03-04,2025-03-27,85.47,50.79,40.12,10.67,Paid,,Missing/unknown provider_id
CLM00041702,M004307,,Outpatient,I25.10,2025-06-05,2025-07-03,2025-07-11,958.02,360.64,0.0,0.0,Denied,Out-of-network provider,Missing/unknown provider_id
CLM00011337,M004254,,Professional,I10,2024-10-05,2024-10-07,2024-10-14,147.35,109.72,96.05,13.67,Paid,,Missing/unknown provider_id
CLM00002611,M003755,,Professional,Z00.00,2025-01-06,2025-01-11,2025-02-05,287.89,201.98,164.94,37.04,Paid,,Missing/unknown provider_id
CLM00055697,M000783,,Professional,I10,2024-04-14,2024-05-05,2024-05-16,290.66,176.48,139.16,37.32,Paid,,Missing/unknown provider_id
CLM00038012,M004524,,Outpatient,M54.5,2025-06-26,2025-07-21,2025-08-13,2396.37,1455.95,1426.83,29.12,Paid,,Missing/unknown provider_id
CLM00018157,M007966,,Pharmacy,E78.5,2025-09-30,2025-10-18,2025-10-26,134.62,81.63,66.36,15.27,Paid,,Missing/unknown provider_id
CLM00026418,M006186,,Professional,F41.1,2025-07-11,2025-07-24,2025-08-04,490.66,287.64,222.08,65.56,Paid,,Missing/unknown provider_id
CLM00021387,M005965,,Professional,I10,2024-07-01,2024-07-04,2024-07-15,354.61,191.3,166.15,25.15,Paid,,Missing/unknown provider_id
CLM00044620,M005803,,Outpatient,I25.10,2025-07-23,2025-08-16,2025-08-30,1873.99,1187.0,990.63,196.37,Paid,,Missing/unknown provider_id
CLM00039902,M002803,,Outpatient,R10.9,2024-02-01,2024-02-29,2024-03-13,1009.92,407.44,0.0,0.0,Denied,Service not covered,Missing/unknown provider_id
CLM00029253,M002300,,Outpatient,M54.5,2025-07-18,2025-07-31,2025-08-07,1824.84,1115.56,978.72,136.84,Paid,,Missing/unknown provider_id
CLM00031657,M007925,,Professional,E11.9,2024-01-02,2024-01-27,2024-02-19,502.31,322.85,316.39,6.46,Paid,,Missing/unknown provider_id
CLM00029620,M005823,,Outpatient,S83.511A,2024-02-09,2024-02-20,2024-03-16,809.41,379.98,336.04,43.94,Paid,,Missing/unknown provider_id
CLM00031751,M005322,,Professional,F43.10,2024-02-28,2024-03-15,2024-03-24,177.65,98.15,85.49,12.66,Paid,,Missing/unknown provider_id
CLM00031349,M000242,,Professional,F32.9,2024-06-01,2024-06-22,2024-07-16,78.43,56.89,47.58,9.31,Paid,,Missing/unknown provider_id
CLM00003381,M000653,,Professional,F32.9,2025-03-13,2025-04-03,2025-04-05,130.1,89.02,68.44,20.58,Paid,,Missing/unknown provider_id
CLM00021737,M001614,,Professional,J06.9,2024-09-22,2024-10-09,2024-10-20,461.06,161.67,0.0,0.0,Denied,Missing prior authorization,Missing/unknown provider_id
CLM00013738,M000346,,Outpatient,R10.9,2025-08-26,2025-09-03,2025-09-10,781.23,477.66,358.36,119.3,Paid,,Missing/unknown provider_id
CLM00015344,M002998,,Professional,F32.9,2024-03-19,2024-03-20,2024-03-29,218.66,145.0,116.43,28.57,Paid,,Missing/unknown provider_id
CLM00019857,M000464,,Professional,F43.10,2024-10-02,2024-10-24,2024-10-28,81.16,58.19,48.88,9.31,Paid,,Missing/unknown provider_id
CLM00056419,M006911,,Professional,I10,2025-12-10,2026-01-06,2026-01-11,92.68,67.23,50.45,16.78,Paid,,Missing/unknown provider_id
CLM00037411,M001581,,Outpatient,I50.9,2024-04-09,2024-04-21,2024-04-30,1316.14,719.67,705.28,14.39,Paid,,Missing/unknown provider_id
CLM00005343,M005797,PR0085,Professional,F41.1,2025-10-12,2025-10-28,2025-11-14,-221.58,80.54,65.24,15.3,Paid,,Non-positive billed_amount
CLM00059544,M000564,PR0159,Outpatient,M54.5,2024-12-19,2025-01-04,2025-01-10,-2467.83,1591.21,1272.8,318.41,Paid,,Non-positive billed_amount
CLM00048946,M006001,PR0098,Inpatient,J18.9,2024-04-21,2024-05-06,2024-05-19,-18619.82,11404.72,9581.54,1823.18,Paid,,Non-positive billed_amount
CLM00059182,M000978,PR0283,Outpatient,S09.90XA,2025-12-12,2025-12-31,,-2139.89,1217.74,0.0,150.88,Pending,,Non-positive billed_amount
CLM00007056,M001128,PR0049,Professional,E11.9,2025-04-25,2025-05-10,2025-05-17,-106.55,79.91,70.54,9.37,Paid,,Non-positive billed_amount
CLM00004789,M001313,PR0167,Professional,J06.9,2025-05-12,2025-05-16,2025-05-25,-188.78,137.96,119.53,18.43,Paid,,Non-positive billed_amount
CLM00036602,M001687,PR0034,Professional,J06.9,2025-03-01,2025-03-06,2025-03-20,-486.4,356.73,306.09,50.64,Paid,,Non-positive billed_amount
CLM00039363,M004426,PR0278,Professional,F32.9,2024-02-10,2024-03-01,2024-03-08,-525.48,289.51,249.35,40.16,Paid,,Non-positive billed_amount
CLM00021649,M007916,PR0357,Inpatient,I50.9,2024-12-13,2024-12-15,2025-01-03,-17482.84,10809.46,10593.27,216.19,Paid,,Non-positive billed_amount
CLM00006073,M007494,PR0107,Outpatient,C50.911,2024-11-30,2024-12-11,2024-12-21,-5651.95,3818.48,0.0,0.0,Denied,Duplicate claim submission,Non-positive billed_amount
CLM00041185,M004668,PR0326,Pharmacy,E11.9,2025-11-26,2025-12-14,2025-12-18,-506.85,369.93,284.69,85.24,Paid,,Non-positive billed_amount
CLM00043784,M007639,PR0302,Outpatient,R10.9,2024-01-16,2024-02-07,2024-02-15,-813.1,601.14,517.0,84.14,Paid,,Non-positive billed_amount
CLM00045836,M002647,PR0112,Professional,F43.10,2024-03-03,2024-03-30,2024-04-12,-80.11,46.37,39.11,7.26,Paid,,Non-positive billed_amount
CLM00052292,M002724,PR0330,Professional,F32.9,2024-11-10,2024-11-16,2024-12-11,-237.86,94.44,78.69,15.75,Paid,,Non-positive billed_amount
CLM00056487,M002195,PR0393,Outpatient,C50.911,2025-03-03,2025-03-29,2025-04-18,-3775.82,2509.93,0.0,0.0,Denied,Missing prior authorization,Non-positive billed_amount
CLM00023221,M003552,PR0212,Pharmacy,I10,2025-03-07,2025-03-22,2025-03-23,-98.66,42.2,36.82,5.38,Paid,,Non-positive billed_amount
CLM00042623,M001264,PR0117,Outpatient,R07.9,2025-08-23,2025-08-27,2025-09-08,-2067.88,1524.89,1494.39,30.5,Paid,,Non-positive billed_amount
CLM00056097,M004476,PR0056,Professional,F43.10,2025-08-23,2025-09-13,2025-09-27,-163.98,99.44,74.64,24.8,Paid,,Non-positive billed_amount
CLM00047896,M002209,PR0124,Outpatient,M17.11,2025-06-03,2025-07-01,2025-07-10,-4580.32,2948.9,2543.05,405.85,Paid,,Non-positive billed_amount
CLM00003571,M003808,PR0021,Professional,Z00.00,2025-04-20,2025-05-04,2025-05-26,-204.27,139.58,116.58,23.0,Paid,,Non-positive billed_amount
CLM00009537,M001118,PR0072,Professional,Z00.00,2024-06-14,2024-07-08,2024-07-20,-67.86,47.99,37.09,10.9,Paid,,Non-positive billed_amount
CLM00013169,M002337,PR0344,Outpatient,I25.10,2024-06-28,2024-07-15,2024-07-20,-1132.17,630.29,617.68,12.61,Paid,,Non-positive billed_amount
CLM00007500,M007561,PR0331,Professional,H66.90,2024-04-27,2024-05-01,2024-05-06,-176.69,86.48,229.697,1.73,Paid,,Non-positive billed_amount
CLM00027948,M003960,PR0002,Pharmacy,I10,2025-05-08,2025-05-21,2025-05-27,-172.96,106.23,94.4,11.83,Paid,,Non-positive billed_amount
CLM00023924,M005546,PR0107,Outpatient,C34.90,2024-12-06,2024-12-18,2024-12-29,-8229.34,5653.31,0.0,0.0,Denied,Missing prior authorization,Non-positive billed_amount
CLM00057292,M002200,PR0086,Professional,E11.9,2024-01-29,2024-02-08,2024-02-14,-92.41,66.04,56.8,9.24,Paid,,Non-positive billed_amount
CLM00029523,M000340,PR0232,Outpatient,M54.5,2024-02-10,2024-02-20,2024-03-04,-1147.57,684.2,670.52,13.68,Paid,,Non-positive billed_amount
CLM00030190,M001764,PR0267,Professional,F41.1,2024-08-27,2024-09-22,2024-09-24,-271.68,157.35,137.94,19.41,Paid,,Non-positive billed_amount
CLM00027496,M005787,PR0074,Outpatient,R10.9,2024-07-26,2024-07-28,2024-07-30,-2024.05,1361.96,1334.72,27.24,Paid,,Non-positive billed_amount
CLM00043282,M002430,PR0143,Professional,J06.9,2025-10-21,2025-10-29,2025-11-02,-136.34,93.66,77.4,16.26,Paid,,Non-positive billed_amount
CLM00057523,M004218,PR0362,Outpatient,M54.5,2025-02-18,2025-03-15,2025-04-01,-956.62,359.02,0.0,0.0,Denied,Out-of-network provider,Non-positive billed_amount
CLM00054933,M005276,PR0050,Outpatient,M17.11,2025-12-28,2026-01-05,,-2773.06,1111.75,0.0,156.16,Pending,,Non-positive billed_amount
CLM00024621,M002325,PR0073,Inpatient,A41.9,2024-02-05,2024-02-10,2024-03-01,-2979.46,1191.0,0.0,0.0,Denied,Missing prior authorization,Non-positive billed_amount
CLM00008022,M005581,PR0172,Outpatient,R07.9,2025-03-21,2025-03-23,2025-04-01,-962.33,558.72,451.27,107.45,Paid,,Non-positive billed_amount
CLM00033170,M001865,PR0299,Professional,F43.10,2024-11-28,2024-12-03,2024-12-20,-128.9,78.67,0.0,0.0,Denied,Missing/invalid information,Non-positive billed_amount
CLM00050011,M005745,PR0293,Outpatient,M54.5,2024-03-14,2024-04-07,2024-04-28,-484.28,345.19,278.4,66.79,Paid,,Non-positive billed_amount
CLM00019274,M000771,PR0035,Professional,E11.9,2025-08-05,2025-08-12,2025-08-18,-105.67,78.74,60.89,17.85,Paid,,Non-positive billed_amount
CLM00054468,M005141,PR0047,Outpatient,C50.911,2024-05-15,2024-06-03,2024-06-06,-1561.49,1038.21,849.09,189.12,Paid,,Non-positive billed_amount
CLM00005390,M005796,PR0239,Outpatient,R10.9,2025-02-11,2025-02-19,2025-03-03,-1059.92,661.28,498.28,163.0,Paid,,Non-positive billed_amount
CLM00049654,M001160,PR0142,Professional,F41.1,2025-10-10,2025-11-04,2025-11-16,-372.53,232.86,180.28,52.58,Paid,,Non-positive billed_amount
CLM00055968,M005865,PR0223,Professional,Z00.00,2024-01-29,2024-02-21,2024-02-27,-414.87,258.88,208.5,50.38,Paid,,Non-positive billed_amount
CLM00030663,M004531,PR0029,Outpatient,C50.911,2025-04-04,2025-04-05,2025-04-25,-2970.14,1923.02,1450.41,472.61,Paid,,Non-positive billed_amount
CLM00008323,M004733,PR0328,Outpatient,I50.9,2025-10-31,2025-11-03,2025-11-14,-1631.87,1117.4,944.32,173.08,Paid,,Non-positive billed_amount
CLM00049108,M006588,PR0366,Professional,I10,2025-09-24,2025-10-15,2025-10-29,-152.39,99.56,97.57,1.99,Paid,,Non-positive billed_amount
CLM00035699,M007355,PR0217,Professional,I10,2025-06-07,2025-06-29,2025-07-07,-203.28,129.73,109.42,20.31,Paid,,Non-positive billed_amount
CLM00000607,M007775,PR0251,Professional,I10,2025-01-05,2025-02-01,2025-02-08,-152.37,109.73,97.58,12.15,Paid,,Non-positive billed_amount
CLM00001394,M002372,PR0223,Professional,I10,2024-03-16,2024-03-20,2024-03-26,-430.83,292.5,258.41,34.09,Paid,,Non-positive billed_amount
CLM00008149,M000349,PR0014,Professional,Z00.00,2025-05-27,2025-05-30,2025-06-22,-193.09,130.05,0.0,0.0,Denied,Timely filing limit exceeded,Non-positive billed_amount
CLM00007213,M000454,PR0045,Professional,J06.9,2025-09-15,2025-09-19,2025-09-30,-368.21,248.56,205.54,43.02,Paid,,Non-positive billed_amount
CLM00052868,M000257,PR0318,Outpatient,S09.90XA,2025-12-25,2026-01-17,,-1589.29,923.84,0.0,217.9,Pending,,Non-positive billed_amount
CLM00004786,M004212,PR0148,Pharmacy,I10,2024-11-17,2024-12-10,2024-12-16,-150.32,64.05,51.54,12.51,Paid,,Non-positive billed_amount
CLM00024011,M007496,PR0090,Inpatient,I21.4,2024-09-01,2024-09-12,2024-10-21,-10381.98,4911.7,0.0,0.0,Denied,Out-of-network provider,Non-positive billed_amount
CLM00022051,M002162,PR0085,Professional,F41.1,2024-09-02,2024-09-05,2024-09-14,-114.49,59.97,53.66,6.31,Paid,,Non-positive billed_amount
CLM00016731,M001332,PR0195,Outpatient,M54.5,2024-10-29,2024-11-06,2024-11-11,-828.77,465.71,369.21,96.5,Paid,,Non-positive billed_amount
CLM00031295,M006292,PR0116,Professional,F41.1,2024-08-02,2024-08-28,2024-09-03,-71.07,26.8,26.26,0.54,Paid,,Non-positive billed_amount
CLM00039862,M004355,PR0358,Professional,F43.10,2024-12-10,2024-12-15,2024-12-26,-75.58,55.57,54.46,1.11,Paid,,Non-positive billed_amount
CLM00024281,M006646,PR0362,Outpatient,M54.5,2025-01-12,2025-01-28,2025-02-02,-1641.75,605.04,489.43,115.61,Paid,,Non-positive billed_amount
CLM00035535,M007020,PR0087,Outpatient,R91.8,2025-02-08,2025-02-21,2025-03-06,-334.98,200.26,151.95,48.31,Paid,,Non-positive billed_amount
CLM00045292,M006839,PR0202,Outpatient,C50.911,2024-02-09,2024-02-13,2024-03-02,-2948.8,2199.17,2155.19,43.98,Paid,,Non-positive billed_amount
CLM00018333,M003988,PR0132,Professional,Z00.00,2025-07-03,2025-07-16,2025-08-09,-122.1,84.54,67.91,16.63,Paid,,Non-positive billed_amount
CLM00044110,M002300,PR0099,Outpatient,R10.9,2025-03-10,2025-04-03,2025-04-12,-424.72,160.92,127.19,33.73,Paid,,Non-positive billed_amount
CLM00013927,M002864,PR0200,Professional,E11.9,2024-12-04,2024-12-19,2024-12-26,-130.32,80.4,62.71,17.69,Paid,,Non-positive billed_amount
CLM00020497,M002490,PR0147,Professional,J06.9,2025-07-09,2025-08-01,2025-08-06,-134.0,83.23,67.96,15.27,Paid,,Non-positive billed_amount
CLM00029924,M005300,PR0310,Professional,E11.9,2025-08-20,2025-09-03,2025-09-19,-196.89,94.94,0.0,0.0,Denied,Out-of-network provider,Non-positive billed_amount
CLM00036803,M001366,PR0207,Outpatient,I25.10,2024-07-02,2024-07-17,2024-07-21,-1512.81,978.1,813.13,164.97,Paid,,Non-positive billed_amount
CLM00014471,M000380,PR0213,Professional,Z00.00,2025-05-04,2025-05-19,2025-05-22,-404.39,246.42,206.14,40.28,Paid,,Non-positive billed_amount
CLM00041071,M003569,PR0398,Outpatient,I25.10,2024-07-15,2024-07-26,2024-08-05,-1263.92,708.27,694.1,14.17,Paid,,Non-positive billed_amount
CLM00053005,M004718,PR0309,Outpatient,M54.5,2025-01-27,2025-02-08,2025-02-20,-1085.66,714.59,603.53,111.06,Paid,,Non-positive billed_amount
CLM00038727,M007669,PR0105,Professional,J06.9,2025-01-31,2025-02-23,2025-03-22,-182.72,104.92,82.25,22.67,Paid,,Non-positive billed_amount
CLM00046437,M007077,PR0075,Pharmacy,E78.5,2024-07-30,2024-08-26,2024-08-30,-73.26,49.78,39.3,10.48,Paid,,Non-positive billed_amount
CLM00015576,M001065,PR0127,Professional,F32.9,2025-06-03,2025-06-05,2025-06-14,-314.25,234.84,209.43,25.41,Paid,,Non-positive billed_amount
CLM00000120,M005532,PR0133,Professional,F41.1,2024-12-13,2025-01-03,2025-01-16,-167.71,72.6,71.15,1.45,Paid,,Non-positive billed_amount
CLM00030157,M004729,PR0195,Outpatient,M54.5,2025-02-01,2025-02-22,2025-03-15,-673.88,438.99,358.53,80.46,Paid,,Non-positive billed_amount
CLM00047547,M002114,PR0004,Inpatient,I50.9,2024-12-13,2025-01-05,2025-01-21,-5423.91,2136.72,1800.43,336.29,Paid,,Non-positive billed_amount
CLM00052086,M001150,PR0004,Inpatient,J18.9,2024-04-20,2024-05-08,2024-05-27,-21426.28,10599.64,10387.65,211.99,Paid,,Non-positive billed_amount
CLM00026665,M002930,PR0281,Professional,J06.9,2024-04-19,2024-05-08,2024-05-16,-295.64,106.48,90.66,15.82,Paid,,Non-positive billed_amount
CLM00028882,M004436,PR0195,Outpatient,M54.5,2024-12-26,2025-01-11,2025-02-17,-283.51,158.84,135.98,22.86,Paid,,Non-positive billed_amount
CLM00032205,M006731,PR0256,Pharmacy,I10,2025-05-10,2025-05-19,2025-05-28,-79.49,45.44,34.54,10.9,Paid,,Non-positive billed_amount
CLM00039417,M003209,PR0304,Outpatient,R10.9,2024-05-27,2024-06-02,2024-06-11,-327.49,130.88,0.0,0.0,Denied,Out-of-network provider,Non-positive billed_amount
CLM00029707,M000373,PR0302,Outpatient,M54.5,2025-09-04,2025-10-01,2025-10-20,-636.22,465.91,376.65,89.26,Paid,,Non-positive billed_amount
CLM00014655,M003392,PR0094,Outpatient,R10.9,2024-07-08,2024-07-15,2024-07-18,-291.81,215.5,183.86,31.64,Paid,,Non-positive billed_amount
CLM00005415,M000566,PR0380,Outpatient,R91.8,2025-08-01,2025-08-11,2025-08-20,-660.67,474.66,368.57,106.09,Paid,,Non-positive billed_amount
CLM00003460,M001546,PR0023,Outpatient,M54.5,2024-02-13,2024-03-02,2024-03-16,-440.89,283.66,253.12,30.54,Paid,,Non-positive billed_amount
CLM00036316,M006398,PR0085,Professional,F43.10,2025-09-28,2025-10-08,2025-10-18,-153.58,84.31,70.94,13.37,Paid,,Non-positive billed_amount
CLM00041808,M005466,PR0317,Professional,E11.9,2025-05-04,2025-05-11,2025-05-20,-125.45,69.65,54.68,14.97,Paid,,Non-positive billed_amount
CLM00004849,M007174,PR0120,Professional,F32.9,2024-01-04,2024-01-24,2024-02-26,-222.89,164.54,134.25,30.29,Paid,,Non-positive billed_amount
CLM00038476,M001667,PR0091,Professional,I10,2025-12-14,2025-12-30,,-198.42,86.97,0.0,1.74,Pending,,Non-positive billed_amount
CLM00014635,M006165,PR0078,Professional,F32.9,2025-06-24,2025-07-21,2025-07-24,-495.45,333.68,327.01,6.67,Paid,,Non-positive billed_amount
CLM00030186,M004785,PR0185,Professional,F41.1,2025-06-21,2025-07-17,2025-07-20,-115.48,64.2,62.92,1.28,Paid,,Non-positive billed_amount
CLM00031082,M007949,PR0250,Outpatient,I50.9,2024-10-27,2024-11-19,2024-11-30,-1400.77,1002.42,761.53,240.89,Paid,,Non-positive billed_amount
CLM00036483,M006348,PR0133,Professional,F32.9,2025-05-08,2025-05-14,2025-06-11,-218.72,82.14,70.84,11.3,Paid,,Non-positive billed_amount
CLM00031181,M006843,PR0085,Professional,F41.1,2025-04-24,2025-05-20,2025-06-09,-147.65,68.56,60.57,7.99,Paid,,Non-positive billed_amount
CLM00037140,M002943,PR0168,Professional,F32.9,2024-03-15,2024-04-05,2024-04-12,-161.76,105.56,80.48,25.08,Paid,,Non-positive billed_amount
CLM00017415,M003210,PR0115,Outpatient,S83.511A,2024-07-14,2024-08-07,2024-08-12,-1241.98,764.78,686.0,78.78,Paid,,Non-positive billed_amount
CLM00039800,M000610,PR0265,Outpatient,S09.90XA,2024-12-08,2024-12-16,2025-01-05,-2467.67,1133.12,0.0,0.0,Denied,Out-of-network provider,Non-positive billed_amount
CLM00012196,M002855,PR0337,Professional,J06.9,2025-10-08,2025-11-05,2025-11-16,-376.33,154.94,0.0,0.0,Denied,Out-of-network provider,Non-positive billed_amount
CLM00032694,M000173,PR0167,Professional,E11.9,2025-12-28,2026-01-21,,-248.23,143.8,0.0,32.96,Pending,,Non-positive billed_amount
CLM00031343,M003699,PR0038,Professional,J06.9,2024-12-01,2024-12-29,2025-02-06,-211.13,135.2,106.79,28.41,Paid,,Non-positive billed_amount
CLM00020312,M004608,PR0289,Inpatient,J18.9,2025-12-04,2025-12-28,2026-02-25,-12181.64,8984.32,7053.94,1930.38,Paid,,Non-positive billed_amount
CLM00026415,M002098,PR0154,Outpatient,M54.5,2024-04-29,2024-05-03,2024-05-27,-756.2,301.14,0.0,0.0,Denied,Timely filing limit exceeded,Non-positive billed_amount
CLM00045464,M003128,PR0095,Pharmacy,I10,2024-05-28,2024-06-09,2024-06-30,-111.9,67.44,56.65,10.79,Paid,,Non-positive billed_amount
CLM00027540,M006710,PR0025,Professional,E11.9,2024-12-03,2025-01-01,2025-01-06,-421.2,300.52,241.35,59.17,Paid,,Non-positive billed_amount
CLM00036150,M007261,PR0181,Professional,Z00.00,2025-02-14,2025-03-14,2025-03-21,-71.72,52.87,51.81,1.06,Paid,,Non-positive billed_amount
CLM00014871,M001031,PR0123,Pharmacy,I10,2025-05-17,2025-06-06,2025-06-20,-127.23,83.39,63.32,20.07,Paid,,Non-positive billed_amount
CLM00030737,M007453,PR0190,Outpatient,R91.8,2024-02-24,2024-03-07,2024-04-02,-1005.17,698.99,611.99,87.0,Paid,,Non-positive billed_amount
CLM00024764,M003413,PR0009,Pharmacy,I10,2025-02-24,2025-03-18,2025-03-31,-81.24,45.26,0.0,0.0,Denied,Missing prior authorization,Non-positive billed_amount
CLM00048723,M002038,PR0302,Outpatient,R10.9,2025-06-17,2025-06-19,2025-06-24,-870.45,489.69,390.84,98.85,Paid,,Non-positive billed_amount
CLM00035496,M005520,PR0107,Outpatient,C61,2024-06-09,2024-06-16,2024-06-26,-5921.33,4414.39,3735.65,678.74,Paid,,Non-positive billed_amount
CLM00050452,M002832,PR0173,Outpatient,C50.911,2025-04-28,2025-05-18,2025-05-27,-4066.63,2662.81,2282.22,380.59,Paid,,Non-positive billed_amount
CLM00050820,M004911,PR0204,Professional,I10,2024-12-28,2025-01-21,2025-01-31,-159.82,56.35,44.39,11.96,Paid,,Non-positive billed_amount
CLM00003055,M002172,PR0078,Professional,F43.10,2025-12-23,2026-01-15,,-247.26,167.86,0.0,18.23,Pending,,Non-positive billed_amount
CLM00010115,M001000,PR0130,Outpatient,I48.91,2024-08-16,2024-08-24,2024-09-01,-3636.96,2664.68,2270.95,393.73,Paid,,Non-positive billed_amount
CLM00047710,M005502,PR0331,Professional,H66.90,2025-10-28,2025-11-21,2025-11-24,-153.58,72.49,64.24,8.25,Paid,,Non-positive billed_amount
CLM00020991,M001604,PR0105,Professional,J06.9,2024-12-26,2025-01-24,2025-02-09,-73.55,49.09,41.56,7.53,Paid,,Non-positive billed_amount
CLM00003653,M006732,PR0037,Professional,J06.9,2025-03-04,2025-03-30,2025-04-01,-253.81,149.12,112.39,36.73,Paid,,Non-positive billed_amount
CLM00023675,M003840,PR0224,Professional,E11.9,2024-06-12,2024-07-08,2024-07-18,-185.19,104.31,81.04,23.27,Paid,,Non-positive billed_amount
CLM00032481,M005956,PR0171,Outpatient,I48.91,2024-06-26,2024-07-12,2024-07-27,-2778.7,1560.74,1196.89,363.85,Paid,,Non-positive billed_amount
CLM00013176,M003152,PR0382,Professional,J06.9,2024-10-04,2024-10-19,2024-11-02,-169.94,95.22,77.32,17.9,Paid,,Non-positive billed_amount
CLM00026711,M003527,PR0226,Professional,F43.10,2024-01-03,2024-01-15,2024-01-23,-333.69,207.64,169.63,38.01,Paid,,Non-positive billed_amount
CLM00026836,M005559,PR0120,Professional,F43.10,2024-04-12,2024-05-09,2024-05-16,-249.38,177.42,141.56,35.86,Paid,,Non-positive billed_amount
CLM00053958,M002059,PR0344,Outpatient,I48.91,2024-12-12,2024-12-22,2025-01-10,-418.97,235.1,0.0,0.0,Denied,Missing/invalid information,Non-positive billed_amount
CLM00015000,M003819,PR0190,Outpatient,M54.5,2025-12-21,2026-01-09,,-400.73,298.41,0.0,45.55,Pending,,Non-positive billed_amount
CLM00020115,M003831,PR0198,Pharmacy,I10,2025-02-03,2025-02-18,2025-02-26,-90.05,65.47,56.09,9.38,Paid,,Non-positive billed_amount
CLM00047813,M006147,PR0047,Outpatient,C34.90,2025-01-28,2025-02-05,2025-02-11,-2032.11,1119.49,980.13,139.36,Paid,,Non-positive billed_amount
CLM00053393,M006464,PR0265,Outpatient,S09.90XA,2025-05-27,2025-05-29,2025-06-18,-1568.39,738.61,558.76,179.85,Paid,,Non-positive billed_amount
CLM00005766,M007236,PR0266,Pharmacy,I10,2024-04-30,2024-05-24,2024-05-30,-86.68,51.13,43.13,8.0,Paid,,Non-positive billed_amount
CLM00020523,M005895,PR0063,Professional,J06.9,2025-01-28,2025-02-03,2025-02-23,-895.58,581.41,500.91,80.5,Paid,,Non-positive billed_amount
CLM00039462,M000555,PR0096,Outpatient,R10.9,2025-01-16,2025-02-07,2025-03-03,-874.19,461.89,412.97,48.92,Paid,,Non-positive billed_amount
CLM00057386,M001603,PR0331,Professional,H66.90,2025-02-20,2025-02-25,2025-03-04,-326.67,124.29,109.76,14.53,Paid,,Non-positive billed_amount
CLM00044668,M001615,PR0307,Professional,E11.9,2024-11-22,2024-12-07,2024-12-15,-52.38,29.03,28.45,0.58,Paid,,Non-positive billed_amount
CLM00021310,M001880,PR0092,Professional,F32.9,2024-04-09,2024-04-26,2024-05-05,-106.68,70.27,62.87,7.4,Paid,,Non-positive billed_amount
CLM00037891,M005184,PR0115,Outpatient,S83.511A,2024-06-28,2024-07-26,2024-07-31,-3634.1,2002.72,1552.13,450.59,Paid,,Non-positive billed_amount
CLM00031347,M000795,PR0090,Inpatient,A41.9,2024-08-26,2024-09-17,2024-10-02,-22375.53,11832.88,9655.86,2177.02,Paid,,Non-positive billed_amount
CLM00041553,M007445,PR0308,Outpatient,R07.9,2024-08-28,2024-09-12,2024-09-19,-1025.56,380.31,319.35,60.96,Paid,,Non-positive billed_amount
CLM00035339,M005228,PR0216,Professional,J06.9,2024-05-03,2024-05-16,2024-06-07,-163.79,104.02,83.9,20.12,Paid,,Non-positive billed_amount
CLM00029675,M006512,PR0276,Professional,Z00.00,2025-02-01,2025-03-02,2025-03-22,-83.61,29.66,24.2,5.46,Paid,,Non-positive billed_amount
CLM00036283,M000310,PR0153,Inpatient,I50.9,2025-06-05,2025-06-13,2025-07-08,-12901.39,6205.36,0.0,0.0,Denied,Service not covered,Non-positive billed_amount
CLM00031913,M001452,PR0352,Outpatient,M54.5,2024-02-13,2024-02-29,2024-03-02,-742.21,398.53,332.83,65.7,Paid,,Non-positive billed_amount
CLM00058718,M007058,PR0152,Professional,E11.9,2025-04-23,2025-05-02,2025-05-11,-151.72,81.6,62.71,18.89,Paid,,Non-positive billed_amount
CLM00058071,M007247,PR0257,Professional,F32.9,2025-02-12,2025-03-03,2025-03-20,-385.86,272.46,267.01,5.45,Paid,,Non-positive billed_amount
CLM00034230,M001570,PR0017,Outpatient,M54.5,2024-05-25,2024-06-17,2024-06-24,-409.03,306.55,233.43,73.12,Paid,,Non-positive billed_amount
CLM00033306,M007155,PR0191,Pharmacy,E11.9,2025-06-25,2025-07-11,2025-07-22,-330.2,159.32,130.42,28.9,Paid,,Non-positive billed_amount
CLM00055199,M003749,PR0248,Outpatient,R07.9,2024-02-29,2024-03-27,2024-04-12,-4084.31,2839.48,2230.63,608.85,Paid,,Non-positive billed_amount
CLM00006213,M005603,PR0020,Professional,J06.9,2025-10-03,2025-10-26,2025-11-14,-186.38,106.29,104.16,2.13,Paid,,Non-positive billed_amount
CLM00005774,M003967,PR0341,Professional,Z00.00,2025-02-27,2025-03-03,2025-03-17,-140.01,99.25,0.0,0.0,Denied,Timely filing limit exceeded,Non-positive billed_amount
CLM00034939,M007312,PR0218,Professional,J06.9,2025-08-11,2025-09-01,2025-09-16,-165.6,80.69,70.05,10.64,Paid,,Non-positive billed_amount
CLM00046927,M003599,PR0011,Professional,E11.9,2024-12-14,2024-12-17,2024-12-24,-412.5,167.77,164.41,3.36,Paid,,Non-positive billed_amount
CLM00031640,M003213,PR0103,Professional,F43.10,2025-03-29,2025-04-10,2025-04-15,-201.45,147.94,122.63,25.31,Paid,,Non-positive billed_amount
CLM00057181,M002048,PR0251,Professional,Z00.00,2024-11-02,2024-11-07,2024-11-16,-281.19,182.45,143.13,39.32,Paid,,Non-positive billed_amount
CLM00007904,M007475,PR0136,Professional,E11.9,2024-03-12,2024-03-24,2024-03-27,-114.32,57.71,46.03,11.68,Paid,,Non-positive billed_amount
CLM00042617,M001752,PR0333,Outpatient,I50.9,2024-02-06,2024-03-06,2024-03-17,-1290.94,723.6,585.0,138.6,Paid,,Non-positive billed_amount
CLM00044749,M004333,PR0035,Professional,Z00.00,2024-10-03,2024-10-16,2024-10-18,-103.15,73.41,62.69,10.72,Paid,,Non-positive billed_amount
CLM00002284,M007968,PR0030,Pharmacy,E11.9,2025-05-05,2025-05-27,2025-06-01,-183.95,137.7,134.95,2.75,Paid,,Non-positive billed_amount
CLM00011815,M004665,PR0381,Professional,F32.9,2025-12-25,2026-01-14,,-211.88,136.31,0.0,21.6,Pending,,Non-positive billed_amount
CLM00031407,M002432,PR0192,Pharmacy,I10,2025-09-27,2025-10-25,2025-10-29,-304.11,202.89,161.04,41.85,Paid,,Non-positive billed_amount
CLM00047648,M002251,PR0089,Professional,I10,2024-08-14,2024-08-27,2024-08-30,-96.45,71.64,61.09,10.55,Paid,,Non-positive billed_amount
CLM00031625,M000490,PR0027,Outpatient,S83.511A,2025-05-17,2025-06-06,2025-06-16,-3008.04,1906.67,1689.45,217.22,Paid,,Non-positive billed_amount
CLM00027303,M002220,PR0129,Inpatient,I21.4,2024-12-29,2025-01-21,2025-02-11,-3837.71,2594.51,1963.99,630.52,Paid,,Non-positive billed_amount
CLM00059187,M006059,PR0267,Professional,F41.1,2024-11-25,2024-12-11,2024-12-19,-192.32,138.52,119.4,19.12,Paid,,Non-positive billed_amount
CLM00005603,M001506,PR0149,Inpatient,I50.9,2024-09-18,2024-10-01,2024-10-17,-13783.23,10159.21,9125.96,1033.25,Paid,,Non-positive billed_amount
CLM00026028,M002423,PR0221,Pharmacy,E11.9,2025-06-10,2025-07-09,2025-07-13,-106.61,77.36,67.91,9.45,Paid,,Non-positive billed_amount
CLM00015883,M003279,PR0229,Pharmacy,I10,2025-11-06,2025-11-30,2025-12-08,-68.21,40.98,31.72,9.26,Paid,,Non-positive billed_amount
CLM00040709,M002575,PR0218,Professional,H66.90,2024-11-22,2024-12-15,2024-12-27,-90.91,35.08,0.0,0.0,Denied,Out-of-network provider,Non-positive billed_amount
CLM00026207,M003292,PR0301,Professional,E11.9,2025-08-09,2025-08-19,2025-09-07,-224.67,150.86,116.98,33.88,Paid,,Non-positive billed_amount
CLM00049243,M004528,PR0119,Professional,J06.9,2025-07-11,2025-07-24,2025-08-10,-188.55,82.54,73.29,9.25,Paid,,Non-positive billed_amount
CLM00029524,M002488,PR0296,Outpatient,S83.511A,2024-12-13,2025-01-04,2025-01-23,-2654.14,1742.29,1327.06,415.23,Paid,,Non-positive billed_amount
CLM00058837,M002477,PR0214,Professional,F43.10,2025-02-25,2025-03-13,2025-03-19,-786.82,550.69,453.98,96.71,Paid,,Non-positive billed_amount
CLM00052430,M000457,PR0136,Professional,I10,2025-05-13,2025-06-02,2025-07-08,-234.8,86.48,84.75,1.73,Paid,,Non-positive billed_amount
CLM00035532,M005771,PR0182,Professional,Z00.129,2025-04-14,2025-04-29,2025-05-10,-148.83,84.64,67.88,16.76,Paid,,Non-positive billed_amount
CLM00005483,M005807,PR0095,Pharmacy,I10,2024-08-29,2024-09-15,2024-09-20,-249.41,149.27,128.03,21.24,Paid,,Non-positive billed_amount
CLM00042469,M001271,PR0390,Professional,J06.9,2024-02-10,2024-03-07,2024-03-26,-173.54,97.5,0.0,0.0,Denied,Duplicate claim submission,Non-positive billed_amount
CLM00011564,M007870,PR0125,Professional,I10,2024-12-21,2025-01-09,2025-01-14,-163.49,98.03,83.05,14.98,Paid,,Non-positive billed_amount
CLM00041236,M001866,PR0200,Professional,E11.9,2025-10-15,2025-11-10,2025-11-12,-48.2,34.22,33.54,0.68,Paid,,Non-positive billed_amount
CLM00043321,M006340,PR0187,Outpatient,R91.8,2025-01-22,2025-02-08,2025-02-17,-659.23,377.22,317.99,59.23,Paid,,Non-positive billed_amount
CLM00014562,M006587,PR0001,Outpatient,R10.9,2025-11-06,2025-11-15,2025-11-23,-1236.25,481.93,0.0,0.0,Denied,Out-of-network provider,Non-positive billed_amount
CLM00024763,M005813,PR0150,Professional,F41.1,2025-03-11,2025-04-01,2025-04-07,-261.84,123.43,111.06,12.37,Paid,,Non-positive billed_amount
CLM00006470,M005923,PR0365,Professional,Z00.00,2024-10-01,2024-10-29,2024-11-17,-123.13,87.63,67.88,19.75,Paid,,Non-positive billed_amount
CLM00003708,M001694,PR0250,Outpatient,I25.10,2027-03-15,2024-02-27,2024-03-16,3128.56,2187.93,1823.91,364.02,Paid,,Future service_date
CLM00022293,M001900,PR0064,Outpatient,S83.511A,2027-03-15,2024-12-28,2025-01-16,1404.54,875.6,671.48,204.12,Paid,,Future service_date
CLM00029121,M003050,PR0252,Pharmacy,E11.9,2027-03-15,2025-11-28,2025-12-01,92.43,56.03,47.12,8.91,Paid,,Future service_date
CLM00050438,M003186,PR0283,Outpatient,S09.90XA,2027-03-15,2025-08-06,2025-08-21,1599.4,1080.67,824.4,256.27,Paid,,Future service_date
CLM00031485,M006794,PR0035,Professional,Z00.00,2027-03-15,2025-03-12,2025-03-21,124.18,72.97,56.53,16.44,Paid,,Future service_date
CLM00024647,M007484,PR0009,Pharmacy,I10,2027-03-15,2025-11-25,2025-11-26,180.64,112.29,94.66,17.63,Paid,,Future service_date
CLM00014683,M005242,PR0148,Pharmacy,E78.5,2027-03-15,2026-01-14,,155.16,81.05,0.0,14.65,Pending,,Future service_date
CLM00011377,M006553,PR0027,Outpatient,M54.5,2027-03-15,2025-02-10,2025-02-14,1587.52,995.97,976.05,19.92,Paid,,Future service_date
CLM00004623,M002714,PR0126,Professional,E11.9,2027-03-15,2025-11-30,2025-12-11,118.06,81.14,72.52,8.62,Paid,,Future service_date
CLM00010172,M007271,PR0153,Inpatient,I50.9,2027-03-15,2024-04-04,2024-04-30,13522.56,5643.65,5530.78,112.87,Paid,,Future service_date
CLM00022970,M001921,PR0324,Professional,I10,2027-03-15,2024-09-13,2024-09-25,230.64,159.99,0.0,0.0,Denied,Missing/invalid information,Future service_date
CLM00056572,M006911,PR0294,Pharmacy,E11.9,2027-03-15,2025-08-16,2025-08-31,90.52,59.11,50.07,9.04,Paid,,Future service_date
CLM00027708,M001951,PR0046,Professional,Z00.00,2027-03-15,2025-04-07,2025-04-14,206.01,129.48,126.89,2.59,Paid,,Future service_date
CLM00048433,M005768,PR0092,Professional,F41.1,2027-03-15,2024-09-24,2024-09-29,189.76,105.37,87.09,18.28,Paid,,Future service_date
CLM00012996,M000400,PR0330,Professional,F41.1,2027-03-15,2026-01-23,2026-02-17,121.41,60.71,0.0,0.0,Denied,Out-of-network provider,Future service_date
CLM00039542,M003999,PR0260,Outpatient,R91.8,2027-03-15,2025-12-12,2025-12-19,545.53,323.06,288.37,34.69,Paid,,Future service_date
CLM00031641,M007504,PR0142,Professional,F32.9,2027-03-15,2024-02-25,2024-02-26,146.06,88.67,71.27,17.4,Paid,,Future service_date
CLM00039293,M007635,PR0211,Pharmacy,I10,2027-03-15,2024-02-23,2024-03-01,80.74,45.03,40.28,4.75,Paid,,Future service_date
CLM00042731,M007511,PR0114,Professional,F41.1,2027-03-15,2024-10-06,2024-10-17,178.43,65.0,57.66,7.34,Paid,,Future service_date
CLM00046330,M002927,PR0350,Professional,Z00.00,2027-03-15,2025-02-27,2025-03-18,243.26,141.24,121.72,19.52,Paid,,Future service_date
CLM00053121,M002461,PR0318,Outpatient,S09.90XA,2027-03-15,2025-04-09,2025-04-15,1005.54,685.44,671.73,13.71,Paid,,Future service_date
CLM00009548,M003807,PR0296,Outpatient,M54.5,2027-03-15,2025-09-19,2025-09-28,3344.55,2405.41,1847.22,558.19,Paid,,Future service_date
CLM00057977,M001861,PR0231,Inpatient,I21.4,2027-03-15,2025-03-05,2025-03-20,9086.32,6074.53,5226.76,847.77,Paid,,Future service_date
CLM00049989,M004329,PR0294,Pharmacy,E11.9,2027-03-15,2025-03-19,2025-03-23,186.88,116.49,114.16,2.33,Paid,,Future service_date
CLM00029155,M001239,PR0014,Professional,E11.9,2027-03-15,2024-03-23,2024-04-03,198.38,122.06,106.51,15.55,Paid,,Future service_date
CLM00010880,M006118,PR0377,Outpatient,R91.8,2027-03-15,2025-07-05,2025-07-15,395.79,265.77,0.0,0.0,Denied,Duplicate claim submission,Future service_date
CLM00049070,M005186,PR0152,Professional,I10,2027-03-15,2024-09-02,2024-09-24,154.34,83.07,81.41,1.66,Paid,,Future service_date
CLM00023810,M006450,PR0294,Pharmacy,I10,2027-03-15,2025-02-25,2025-03-12,168.63,107.58,87.1,20.48,Paid,,Future service_date
CLM00033988,M004594,PR0309,Outpatient,S83.511A,2027-03-15,2025-06-10,2025-06-19,3775.18,2812.02,2279.39,532.63,Paid,,Future service_date
CLM00000530,M007404,PR0359,Professional,Z00.129,2027-03-15,2024-10-17,2024-11-05,261.32,186.54,160.85,25.69,Paid,,Future service_date
CLM00034968,M003187,PR0310,Professional,E11.9,2027-03-15,2025-06-20,2025-07-26,113.01,47.14,40.62,6.52,Paid,,Future service_date
CLM00054803,M006507,PR0289,Inpatient,I50.9,2027-03-15,2024-09-06,2024-10-03,11703.39,6829.77,6693.17,136.6,Paid,,Future service_date
CLM00018617,M001031,PR0003,Professional,E11.9,2027-03-15,2025-11-26,2025-11-30,89.08,64.31,57.46,6.85,Paid,,Future service_date
CLM00055777,M004371,PR0184,Outpatient,C34.90,2027-03-15,2025-02-08,2025-03-04,2574.2,1792.02,1440.7,351.32,Paid,,Future service_date
CLM00030434,M001716,PR0166,Pharmacy,I10,2027-03-15,2025-02-22,2025-03-15,87.33,51.4,41.25,10.15,Paid,,Future service_date
CLM00048836,M004684,PR0394,Professional,H66.90,2027-03-15,2025-07-15,2025-07-21,111.22,67.9,52.45,15.45,Paid,,Future service_date
CLM00058680,M005052,PR0050,Outpatient,S83.511A,2027-03-15,2025-12-30,2026-01-20,5617.41,3033.44,2333.21,700.23,Paid,,Future service_date
CLM00015427,M005376,PR0278,Professional,F41.1,2027-03-15,2024-09-06,2024-09-06,359.06,201.07,152.14,48.93,Paid,,Future service_date
CLM00023267,M001308,PR0077,Outpatient,S83.511A,2027-03-15,2024-12-14,2025-02-19,1568.01,1080.07,889.55,190.52,Paid,,Future service_date
CLM00010978,M006653,PR0100,Pharmacy,E78.5,2027-03-15,2024-06-26,2024-06-29,121.5,71.94,57.23,14.71,Paid,,Future service_date
CLM00003365,M001626,PR0399,Outpatient,M54.5,2027-03-15,2025-08-29,2025-09-05,1626.02,1159.83,871.4,288.43,Paid,,Future service_date
CLM00002805,M002817,PR0186,Outpatient,M54.5,2027-03-15,2025-05-23,2025-06-05,984.48,634.44,480.7,153.74,Paid,,Future service_date
CLM00058923,M007412,PR0272,Outpatient,R07.9,2027-03-15,2024-08-17,2024-08-21,1978.76,1172.54,998.21,174.33,Paid,,Future service_date
CLM00019969,M001066,PR0224,Professional,E11.9,2027-03-15,2025-01-22,2025-01-28,383.47,256.17,251.05,5.12,Paid,,Future service_date
CLM00028491,M002452,PR0327,Outpatient,M54.5,2027-03-15,2025-08-10,2025-08-16,2614.65,1559.71,1288.89,270.82,Paid,,Future service_date
CLM00026484,M007861,PR0017,Outpatient,R91.8,2027-03-15,2025-12-07,2025-12-08,552.69,310.31,276.12,34.19,Paid,,Future service_date
CLM00054140,M002345,PR0269,Professional,F41.1,2027-03-15,2025-09-21,2025-10-04,178.99,109.55,93.54,16.01,Paid,,Future service_date
CLM00015679,M005296,PR0042,Outpatient,M54.5,2027-03-15,2024-05-27,2024-06-15,18875.11,13383.73,10539.63,2844.1,Paid,,Future service_date
CLM00036953,M002650,PR0031,Professional,J06.9,2027-03-15,2024-09-14,2024-09-22,214.47,133.2,130.54,2.66,Paid,,Future service_date
CLM00008720,M000248,PR0348,Professional,H66.90,2027-03-15,2024-05-28,2024-06-10,258.72,159.64,128.08,31.56,Paid,,Future service_date
CLM00011796,M005548,PR0206,Pharmacy,E11.9,2027-03-15,2024-08-06,2024-08-23,217.99,158.35,129.62,28.73,Paid,,Future service_date
CLM00049171,M007457,PR0143,Professional,E11.9,2027-03-15,2024-02-01,2024-02-03,116.75,78.24,69.93,8.31,Paid,,Future service_date
CLM00014257,M002345,PR0310,Professional,E11.9,2027-03-15,2025-06-08,2025-06-27,57.94,28.7,25.77,2.93,Paid,,Future service_date
CLM00058946,M001324,PR0194,Outpatient,I25.10,2027-03-15,2024-10-02,2024-10-06,1445.21,530.64,406.76,123.88,Paid,,Future service_date
CLM00015276,M007653,PR0393,Outpatient,C34.90,2027-03-15,2025-08-04,2025-08-13,3300.22,2088.23,1872.52,215.71,Paid,,Future service_date
CLM00011173,M005965,PR0185,Professional,F41.1,2027-03-15,2025-11-12,2025-11-15,127.28,94.24,84.27,9.97,Paid,,Future service_date
CLM00013490,M000627,PR0087,Outpatient,R91.8,2027-03-15,2025-04-28,2025-05-08,1381.72,831.68,731.2,100.48,Paid,,Future service_date
CLM00030255,M002278,PR0190,Outpatient,R91.8,2027-03-15,2025-02-28,2025-03-18,734.0,442.24,352.91,89.33,Paid,,Future service_date
CLM00054824,M003808,PR0312,Professional,F41.1,2027-03-15,2025-12-23,,530.46,335.99,0.0,70.93,Pending,,Future service_date
CLM00010817,M000723,PR0076,Inpatient,A41.9,2027-03-15,2025-04-25,2025-05-27,6779.58,4169.34,3683.9,485.44,Paid,,Future service_date
CLM00041009,M001636,PR0208,Professional,J06.9,2024-08-25,2024-09-11,2024-09-06,59.05,39.03,32.57,6.46,Paid,,processed_date before received_date
CLM00056128,M006549,PR0094,Outpatient,R91.8,2024-11-25,2024-12-05,2024-11-30,837.73,481.69,396.36,85.33,Paid,,processed_date before received_date
CLM00021895,M007318,PR0277,Professional,Z00.00,2024-02-01,2024-02-28,2024-02-23,231.9,154.21,151.13,3.08,Paid,,processed_date before received_date
CLM00004249,M007382,PR0337,Professional,Z00.00,2025-09-16,2025-09-18,2025-09-13,320.85,150.33,120.52,29.81,Paid,,processed_date before received_date
CLM00019394,M002329,PR0204,Professional,I10,2024-02-20,2024-03-17,2024-03-12,274.81,103.25,81.88,21.37,Paid,,processed_date before received_date
CLM00019529,M002618,PR0191,Pharmacy,E11.9,2025-07-18,2025-08-06,2025-08-01,48.84,19.23,0.0,0.0,Denied,Missing prior authorization,processed_date before received_date
CLM00010090,M003664,PR0003,Professional,I10,2025-01-10,2025-02-06,2025-02-01,507.49,291.38,252.15,39.23,Paid,,processed_date before received_date
CLM00034500,M001155,PR0017,Outpatient,M54.5,2025-01-15,2025-02-06,2025-02-01,501.28,280.24,248.67,31.57,Paid,,processed_date before received_date
CLM00032193,M002342,PR0047,Outpatient,C50.911,2025-09-26,2025-10-24,2025-10-19,5114.29,3585.28,2991.51,593.77,Paid,,processed_date before received_date
CLM00010928,M007463,PR0148,Pharmacy,I10,2024-06-22,2024-06-27,2024-06-22,297.07,113.16,94.86,18.3,Paid,,processed_date before received_date
CLM00026748,M002883,PR0373,Outpatient,R07.9,2024-06-06,2024-06-29,2024-06-24,6612.58,4881.28,4225.11,656.17,Paid,,processed_date before received_date
CLM00028825,M004251,PR0210,Pharmacy,I10,2025-03-07,2025-04-02,2025-03-28,26.4,16.63,14.53,2.1,Paid,,processed_date before received_date
CLM00038513,M001573,PR0359,Professional,H66.90,2024-03-19,2024-03-30,2024-03-25,180.13,124.6,0.0,0.0,Denied,Service not covered,processed_date before received_date
CLM00001391,M003022,PR0169,Outpatient,M54.5,2025-08-18,2025-08-22,2025-08-17,733.81,443.42,361.18,82.24,Paid,,processed_date before received_date
CLM00000081,M001964,PR0227,Outpatient,R07.9,2024-10-23,2024-11-11,2024-11-06,1423.03,917.18,785.02,132.16,Paid,,processed_date before received_date
CLM00036297,M004757,PR0307,Professional,J06.9,2025-05-22,2025-06-03,2025-05-29,130.25,89.93,74.09,15.84,Paid,,processed_date before received_date
CLM00036697,M003160,PR0317,Professional,I10,2024-02-24,2024-02-27,2024-02-22,130.52,96.21,75.43,20.78,Paid,,processed_date before received_date
CLM00055439,M006062,PR0122,Professional,Z00.00,2024-03-01,2024-03-16,2024-03-11,124.0,76.89,62.16,14.73,Paid,,processed_date before received_date
CLM00005947,M007092,PR0333,Outpatient,I48.91,2025-07-08,2025-07-29,2025-07-24,724.55,484.04,391.49,92.55,Paid,,processed_date before received_date
CLM00033604,M001198,PR0373,Outpatient,R07.9,2024-12-05,2024-12-31,2024-12-26,3534.54,2640.09,2261.16,378.93,Paid,,processed_date before received_date
CLM00040589,M006246,PR0204,Professional,E11.9,2024-07-17,2024-08-05,2024-07-31,120.74,59.1,52.0,7.1,Paid,,processed_date before received_date
CLM00004400,M007044,PR0011,Professional,E11.9,2025-12-16,2026-01-07,2026-01-02,155.8,70.19,0.0,8.45,Pending,,processed_date before received_date
CLM00038583,M004851,PR0028,Inpatient,A41.9,2024-11-18,2024-11-20,2024-11-15,29394.67,17399.09,14715.31,2683.78,Paid,,processed_date before received_date
CLM00022906,M001313,PR0030,Pharmacy,E78.5,2024-06-08,2024-06-12,2024-06-07,129.91,84.8,66.71,18.09,Paid,,processed_date before received_date
CLM00056174,M002971,PR0383,Outpatient,C50.911,2025-03-29,2025-04-15,2025-04-10,7584.39,4263.58,0.0,0.0,Denied,Missing prior authorization,processed_date before received_date
CLM00049491,M002834,PR0337,Professional,J06.9,2024-10-28,2024-11-21,2024-11-16,171.36,74.29,72.8,1.49,Paid,,processed_date before received_date
CLM00038877,M003884,PR0130,Outpatient,I48.91,2024-02-07,2024-02-21,2024-02-16,775.94,562.36,474.86,87.5,Paid,,processed_date before received_date
CLM00055476,M006068,PR0327,Outpatient,R91.8,2025-07-09,2025-07-21,2025-07-16,1041.52,738.18,652.65,85.53,Paid,,processed_date before received_date
CLM00004860,M006990,PR0373,Outpatient,R07.9,2024-08-13,2024-08-29,2024-08-24,2242.13,1243.95,1053.74,190.21,Paid,,processed_date before received_date
CLM00051460,M004246,PR0092,Professional,F43.10,2025-02-05,2025-02-07,2025-02-02,136.22,89.48,67.46,22.02,Paid,,processed_date before received_date
CLM00032073,M007750,PR0251,Professional,I10,2024-05-20,2024-05-21,2024-05-16,237.04,158.05,134.78,23.27,Paid,,processed_date before received_date
CLM00032435,M006149,PR0205,Professional,Z00.00,2024-02-01,2024-02-28,2024-02-23,194.88,131.47,128.84,2.63,Paid,,processed_date before received_date
CLM00025431,M005804,PR0198,Pharmacy,E78.5,2025-07-04,2025-07-05,2025-06-30,96.74,70.9,61.13,9.77,Paid,,processed_date before received_date
CLM00003317,M005074,PR0101,Outpatient,S83.511A,2025-09-26,2025-10-18,2025-10-13,2104.28,1368.28,1066.33,301.95,Paid,,processed_date before received_date
CLM00050916,M000846,PR0215,Professional,J06.9,2025-11-06,2025-11-22,2025-11-17,199.46,139.29,136.5,2.79,Paid,,processed_date before received_date
CLM00042718,M001271,PR0132,Professional,I10,2025-01-09,2025-01-30,2025-01-25,172.21,125.81,123.29,2.52,Paid,,processed_date before received_date
CLM00051530,M000093,PR0075,Pharmacy,E11.9,2025-02-14,2025-02-28,2025-02-23,85.82,58.53,49.53,9.0,Paid,,processed_date before received_date
CLM00053842,M002526,PR0213,Professional,E11.9,2024-12-06,2024-12-18,2024-12-13,328.76,194.31,170.5,23.81,Paid,,processed_date before received_date
CLM00017667,M003403,PR0361,Pharmacy,E11.9,2025-02-20,2025-02-24,2025-02-19,187.22,110.82,97.2,13.62,Paid,,processed_date before received_date
CLM00053498,M005008,PR0380,Outpatient,R10.9,2024-09-04,2024-09-28,2024-09-23,699.51,447.6,337.02,110.58,Paid,,processed_date before received_date
CLM00022313,M000394,PR0285,Outpatient,I50.9,2025-12-28,2026-01-08,2026-01-03,1808.73,1355.6,0.0,155.0,Pending,,processed_date before received_date
CLM00033637,M004596,PR0133,Professional,F32.9,2024-01-12,2024-01-18,2024-01-13,164.27,60.1,58.9,1.2,Paid,,processed_date before received_date
CLM00054410,M004790,PR0187,Outpatient,M54.5,2024-04-09,2024-04-11,2024-04-06,359.48,258.33,231.29,27.04,Paid,,processed_date before received_date
CLM00056213,M000772,PR0221,Pharmacy,E11.9,2025-01-22,2025-01-27,2025-01-22,343.39,213.71,178.55,35.16,Paid,,processed_date before received_date
CLM00020669,M003401,PR0348,Professional,J06.9,2024-12-22,2024-12-25,2024-12-20,332.7,220.27,177.77,42.5,Paid,,processed_date before received_date
CLM00024185,M005660,PR0075,Pharmacy,I10,2025-12-16,2026-01-13,2026-01-08,72.81,53.81,0.0,5.98,Pending,,processed_date before received_date
CLM00006317,M001980,PR0013,Professional,I10,2024-11-11,2024-11-15,2024-11-10,119.75,78.07,67.67,10.4,Paid,,processed_date before received_date
CLM00008179,M006979,PR0284,Professional,H66.90,2024-10-06,2024-10-16,2024-10-11,514.81,351.27,281.33,69.94,Paid,,processed_date before received_date
CLM00041050,M005954,PR0109,Outpatient,M17.11,2025-12-16,2025-12-25,2025-12-20,2157.16,1100.89,0.0,0.0,Denied,Out-of-network provider,processed_date before received_date
CLM00022194,M004878,PR0344,Outpatient,I48.91,2025-12-29,2026-01-15,2026-01-10,3727.33,2474.53,0.0,334.64,Pending,,processed_date before received_date
CLM00045190,M002494,PR0253,Inpatient,I21.4,2025-10-13,2025-10-19,2025-10-14,18719.16,13008.49,12748.32,260.17,Paid,,processed_date before received_date
CLM00019950,M000455,PR0269,Professional,F41.1,2024-07-15,2024-07-31,2024-07-26,98.2,72.4,62.29,10.11,Paid,,processed_date before received_date
CLM00059905,M003579,PR0147,Professional,Z00.129,2025-02-07,2025-02-08,2025-02-03,265.93,162.82,133.55,29.27,Paid,,processed_date before received_date
CLM00057407,M004623,PR0074,Outpatient,M54.5,2025-05-21,2025-06-16,2025-06-11,499.01,279.91,245.71,34.2,Paid,,processed_date before received_date
CLM00039176,M007530,PR0057,Professional,E11.9,2024-06-03,2024-06-18,2024-06-13,92.32,56.39,42.53,13.86,Paid,,processed_date before received_date
CLM00056558,M001007,PR0173,Outpatient,C34.90,2024-06-10,2024-07-08,2024-07-03,3160.95,2021.12,1980.7,40.42,Paid,,processed_date before received_date
CLM00040691,M007093,PR0053,Outpatient,M17.11,2024-01-07,2024-01-10,2024-01-05,6276.74,4398.39,4310.42,87.97,Paid,,processed_date before received_date
CLM00010773,M006124,PR0309,Outpatient,M17.11,2024-01-15,2024-02-07,2024-02-02,2295.43,1440.6,1254.62,185.98,Paid,,processed_date before received_date
CLM00035485,M007888,PR0171,Outpatient,I25.10,2024-04-15,2024-04-18,2024-04-13,2123.34,1461.42,1255.35,206.07,Paid,,processed_date before received_date
CLM00036294,M003233,PR0340,Outpatient,R91.8,2024-12-12,2024-12-17,2024-12-12,431.74,238.24,180.36,57.88,Paid,,processed_date before received_date
CLM00037780,M000258,PR0216,Professional,H66.90,2024-03-12,2024-03-13,2024-03-08,110.8,75.96,58.06,17.9,Paid,,processed_date before received_date
CLM00019261,M005795,PR0031,Professional,J06.9,2024-01-02,2024-01-06,2024-01-01,92.44,60.64,50.91,9.73,Paid,,processed_date before received_date
CLM00001797,M000504,PR0181,Professional,I10,2025-05-01,2025-05-24,2025-05-19,239.88,154.51,133.12,21.39,Paid,,processed_date before received_date
CLM00041106,M007460,PR0042,Outpatient,M54.5,2024-09-23,2024-10-16,2024-10-11,1391.95,945.6,830.18,115.42,Paid,,processed_date before received_date
CLM00026821,M003954,PR0063,Professional,I10,2025-08-07,2025-08-17,2025-08-12,167.8,103.34,91.12,12.22,Paid,,processed_date before received_date
CLM00002266,M003424,PR0282,Outpatient,C34.90,2024-05-17,2024-05-19,2024-05-14,7470.69,5191.72,4116.49,1075.23,Paid,,processed_date before received_date
CLM00031412,M000260,PR0144,Professional,F43.10,2025-01-05,2025-01-08,2025-01-03,561.45,414.95,312.47,102.48,Paid,,processed_date before received_date
CLM00001272,M004737,PR0078,Professional,F32.9,2024-04-25,2024-05-08,2024-05-03,187.48,105.89,82.62,23.27,Paid,,processed_date before received_date
CLM00045564,M001342,PR0048,Professional,Z00.129,2024-01-13,2024-02-04,2024-01-30,74.69,27.18,22.39,4.79,Paid,,processed_date before received_date
CLM00016298,M003365,PR0061,Inpatient,I50.9,2025-09-26,2025-10-08,2025-10-03,16559.84,7750.03,6710.86,1039.17,Paid,,processed_date before received_date
CLM00011893,M005622,PR0173,Outpatient,C50.911,2025-04-14,2025-05-01,2025-04-26,5283.36,3942.02,3228.25,713.77,Paid,,processed_date before received_date
CLM00028172,M004189,PR0357,Inpatient,I21.4,2025-08-03,2025-08-14,2025-08-09,30990.07,23109.88,20385.55,2724.33,Paid,,processed_date before received_date
CLM00026823,M004223,PR0146,Outpatient,S09.90XA,2025-10-19,2025-11-16,2025-11-11,2629.22,1534.71,1336.6,198.11,Paid,,processed_date before received_date
CLM00042034,M007525,PR0237,Professional,E11.9,2024-01-16,2024-02-10,2024-02-05,287.22,209.98,187.65,22.33,Paid,,processed_date before received_date
CLM00029480,M006304,PR0329,Professional,Z00.00,2024-10-07,2024-10-14,2024-10-09,250.74,143.16,118.72,24.44,Paid,,processed_date before received_date
CLM00038390,M001517,PR0088,Outpatient,R10.9,2024-04-06,2024-04-28,2024-04-23,1023.25,380.34,0.0,0.0,Denied,Out-of-network provider,processed_date before received_date
CLM00034213,M002183,PR0285,Outpatient,I50.9,2024-06-19,2024-07-18,2024-07-13,1794.5,1329.67,1303.08,26.59,Paid,,processed_date before received_date
CLM00041475,M002171,PR0154,Outpatient,M54.5,2025-03-28,2025-04-14,2025-04-09,610.99,333.16,278.5,54.66,Paid,,processed_date before received_date
CLM00034409,M004435,PR0316,Outpatient,S83.511A,2025-06-03,2025-06-19,2025-06-14,956.21,604.78,498.94,105.84,Paid,,processed_date before received_date
CLM00040922,M003454,PR0209,Outpatient,R10.9,2025-12-03,2025-12-24,2025-12-19,3053.99,1247.75,1099.71,148.04,Paid,,processed_date before received_date
CLM00048171,M000883,PR0035,Professional,J06.9,2025-07-23,2025-08-05,2025-07-31,303.74,185.53,181.82,3.71,Paid,,processed_date before received_date
CLM00013876,M000342,PR0122,Professional,I10,2024-12-19,2025-01-03,2024-12-29,247.68,140.91,138.09,2.82,Paid,,processed_date before received_date
CLM00032959,M006133,PR0380,Outpatient,R10.9,2024-09-16,2024-10-06,2024-10-01,483.13,355.29,289.97,65.32,Paid,,processed_date before received_date
CLM00052700,M000089,PR0308,Outpatient,R10.9,2025-01-09,2025-01-29,2025-01-24,3112.75,1216.93,1080.93,136.0,Paid,,processed_date before received_date
CLM00028255,M004894,PR0373,Outpatient,S09.90XA,2025-12-28,2026-01-26,2026-01-21,2110.15,1324.98,0.0,140.1,Pending,,processed_date before received_date
CLM00010963,M002999,PR0214,Professional,F32.9,2025-05-18,2025-05-21,2025-05-16,197.54,126.29,123.76,2.53,Paid,,processed_date before received_date
CLM00028167,M007841,PR0231,Inpatient,J18.9,2025-11-10,2025-11-29,2025-11-24,9738.0,5381.96,5274.32,107.64,Paid,,processed_date before received_date
CLM00046542,M002846,PR0042,Outpatient,M54.5,2024-12-17,2025-01-14,2025-01-09,3944.83,2944.82,2308.32,636.5,Paid,,processed_date before received_date
CLM00017365,M000666,PR0158,Outpatient,C50.911,2024-01-06,2024-01-07,2024-01-02,6470.89,3262.49,2804.96,457.53,Paid,,processed_date before received_date
CLM00019061,M002151,PR0020,Professional,H66.90,2025-07-26,2025-08-08,2025-08-03,89.72,55.14,46.45,8.69,Paid,,processed_date before received_date
CLM00032157,M004318,PR0316,Outpatient,S83.511A,2024-06-10,2024-06-14,2024-06-09,1513.53,878.25,0.0,0.0,Denied,Missing prior authorization,processed_date before received_date
CLM00035069,M004273,PR0347,Inpatient,J18.9,2024-03-13,2024-04-06,2024-04-01,7375.43,4698.87,3684.31,1014.56,Paid,,processed_date before received_date
CLM00032105,M001980,PR0238,Outpatient,C34.90,2024-12-18,2025-01-04,2024-12-30,15628.85,10758.04,8510.78,2247.26,Paid,,processed_date before received_date
CLM00000001,M004582,PR0246,Professional,E11.9,2024-11-15,2024-12-14,2024-12-09,123.47,91.03,74.06,16.97,Paid,,processed_date before received_date
CLM00048098,M001599,PR0350,Professional,I10,2024-02-05,2024-02-08,2024-02-03,109.88,67.12,57.3,9.82,Paid,,processed_date before received_date
CLM00011060,M006305,PR0292,Professional,Z00.00,2025-05-24,2025-06-11,2025-06-06,103.94,58.27,50.6,7.67,Paid,,processed_date before received_date
CLM00058812,M006879,PR0314,Outpatient,R10.9,2025-10-29,2025-11-18,2025-11-13,202.89,98.07,0.0,0.0,Denied,Service not covered,processed_date before received_date
CLM00006040,M006077,PR0292,Professional,I10,2025-06-25,2025-07-17,2025-07-12,124.1,77.81,60.42,17.39,Paid,,processed_date before received_date
CLM00008278,M001863,PR0284,Professional,H66.90,2025-11-18,2025-11-22,2025-11-17,189.31,120.64,118.23,2.41,Paid,,processed_date before received_date
CLM00047312,M005026,PR0182,Professional,J06.9,2024-02-08,2024-02-25,2024-02-20,351.25,235.54,210.09,25.45,Paid,,processed_date before received_date
CLM00000377,M001419,PR0112,Professional,F43.10,2024-01-12,2024-01-22,2024-01-17,259.65,160.96,157.74,3.22,Paid,,processed_date before received_date
CLM00008136,M001501,PR0055,Outpatient,C50.911,2024-04-26,2024-05-20,2024-05-15,2806.76,1773.48,1468.53,304.95,Paid,,processed_date before received_date
CLM00012390,M002643,PR0200,Professional,Z00.00,2025-01-05,2025-01-20,2025-01-15,370.71,212.14,0.0,0.0,Denied,Missing/invalid information,processed_date before received_date
CLM00012300,M000923,PR0251,Professional,J06.9,2025-02-01,2025-03-01,2025-02-24,102.2,74.42,62.71,11.71,Paid,,processed_date before received_date
CLM00009420,M003647,PR0222,Professional,I10,2025-04-08,2025-04-26,2025-04-21,192.65,136.2,107.66,28.54,Paid,,processed_date before received_date
CLM00058817,M003552,PR0081,Professional,Z00.00,2025-06-29,2025-07-04,2025-06-29,219.23,133.44,116.26,17.18,Paid,,processed_date before received_date
CLM00006004,M004916,PR0177,Professional,F43.10,2025-08-22,2025-09-14,2025-09-09,142.79,95.85,77.41,18.44,Paid,,processed_date before received_date
CLM00053016,M000441,PR0031,Professional,J06.9,2024-08-21,2024-08-31,2024-08-26,374.04,220.87,216.45,4.42,Paid,,processed_date before received_date
CLM00003840,M000096,PR0018,Outpatient,I25.10,2025-12-03,2025-12-11,2025-12-06,5575.61,2038.48,1753.69,284.79,Paid,,processed_date before received_date
CLM00046379,M002377,PR0367,Professional,I10,2024-10-27,2024-11-20,2024-11-15,286.4,209.12,0.0,0.0,Denied,Missing prior authorization,processed_date before received_date
CLM00055877,M001714,PR0203,Professional,F32.9,2024-11-29,2024-12-16,2024-12-11,170.12,123.04,120.58,2.46,Paid,,processed_date before received_date
CLM00049530,M006218,PR0212,Pharmacy,E78.5,2024-04-12,2024-05-09,2024-05-04,61.85,29.36,23.8,5.56,Paid,,processed_date before received_date
CLM00036306,M000819,PR0376,Professional,Z00.00,2025-06-22,2025-07-07,2025-07-02,316.86,160.64,0.0,0.0,Denied,Missing/invalid information,processed_date before received_date
CLM00020367,M005523,PR0285,Outpatient,I50.9,2024-11-21,2024-11-29,2024-11-24,732.38,426.38,360.1,66.28,Paid,,processed_date before received_date
CLM00018981,M005708,PR0275,Professional,Z00.00,2025-10-27,2025-11-25,2025-11-20,90.04,35.94,35.22,0.72,Paid,,processed_date before received_date
CLM00049562,M002534,PR0307,Professional,I10,2025-07-22,2025-08-10,2025-08-05,99.68,61.61,50.17,11.44,Paid,,processed_date before received_date
CLM00053656,M002957,PR0210,Pharmacy,E78.5,2025-02-10,2025-02-21,2025-02-16,175.89,118.47,90.98,27.49,Paid,,processed_date before received_date
CLM00051436,M004038,PR0302,Outpatient,R91.8,2024-01-08,2024-01-12,2024-01-07,694.5,446.06,437.14,8.92,Paid,,processed_date before received_date
CLM00003589,M003010,PR0029,Outpatient,C50.911,2024-09-19,2024-09-23,2024-09-18,2884.68,1719.19,0.0,0.0,Denied,Missing/invalid information,processed_date before received_date
CLM00031167,M002474,PR0386,Outpatient,C34.90,2025-06-16,2025-07-15,2025-07-10,2041.88,1370.0,1176.66,193.34,Paid,,processed_date before received_date
CLM00043270,M000628,PR0208,Professional,Z00.00,2024-05-25,2024-06-18,2024-06-13,177.3,101.58,83.94,17.64,Paid,,processed_date before received_date
CLM00059483,M005415,PR0046,Professional,J06.9,2025-07-15,2025-08-07,2025-08-02,168.69,122.18,93.12,29.06,Paid,,processed_date before received_date
CLM00035153,M004909,PR0183,Outpatient,R07.9,2024-10-28,2024-11-24,2024-11-19,1984.96,1059.99,860.43,199.56,Paid,,processed_date before received_date
CLM00040429,M004400,PR0347,Inpatient,I21.4,2025-05-19,2025-06-11,2025-06-06,23429.8,13758.84,11936.46,1822.38,Paid,,processed_date before received_date
CLM00039682,M002997,PR0299,Professional,F43.10,2025-09-14,2025-10-08,2025-10-03,168.61,96.77,82.13,14.64,Paid,,processed_date before received_date
CLM00049073,M007543,PR0129,Inpatient,A41.9,2024-04-13,2024-04-23,2024-04-18,13795.59,9924.6,7622.96,2301.64,Paid,,processed_date before received_date
CLM00058416,M005815,PR0248,Outpatient,R07.9,2024-01-16,2024-02-04,2024-01-30,610.99,394.15,333.56,60.59,Paid,,processed_date before received_date
CLM00046065,M002151,PR0296,Outpatient,M17.11,2025-11-28,2025-12-22,2025-12-17,1168.15,825.74,624.04,201.7,Paid,,processed_date before received_date
CLM00022619,M005303,PR0249,Inpatient,A41.9,2024-04-05,2024-05-02,2024-04-27,6566.92,3800.91,3026.91,774.0,Paid,,processed_date before received_date
CLM00049838,M005166,PR0270,Professional,E11.9,2024-07-26,2024-08-18,2024-08-13,156.59,108.8,97.87,10.93,Paid,,processed_date before received_date
CLM00026996,M000374,PR0150,Professional,F43.10,2025-10-31,2025-11-06,2025-11-01,292.31,142.59,114.76,27.83,Paid,,processed_date before received_date
CLM00016535,M005452,PR0109,Outpatient,M54.5,2024-05-19,2024-06-07,2024-06-02,1392.98,731.54,558.72,172.82,Paid,,processed_date before received_date
CLM00033712,M003210,PR0316,Outpatient,S83.511A,2024-12-02,2024-12-09,2024-12-04,3201.71,2294.96,1782.56,512.4,Paid,,processed_date before received_date
CLM00056223,M005852,PR0345,Outpatient,M54.5,2024-12-29,2025-01-01,2024-12-27,2651.64,1692.51,0.0,0.0,Denied,Missing prior authorization,processed_date before received_date
CLM00051906,M002556,PR0143,Professional,I10,2025-12-18,2026-01-06,2026-01-01,332.23,201.87,0.0,35.08,Pending,,processed_date before received_date
CLM00013114,M002921,PR0248,Outpatient,S09.90XA,2025-03-24,2025-03-31,2025-03-26,4219.12,2737.83,2683.07,54.76,Paid,,processed_date before received_date
CLM00045207,M001488,PR0342,Outpatient,R10.9,2025-12-06,2026-01-03,2025-12-29,1424.0,857.53,704.08,153.45,Paid,,processed_date before received_date
CLM00040396,M007108,PR0239,Outpatient,R91.8,2025-02-28,2025-03-04,2025-02-27,490.2,344.62,295.37,49.25,Paid,,processed_date before received_date
CLM00036314,M006248,PR0180,Professional,I10,2024-04-17,2024-05-04,2024-04-29,148.57,99.13,97.15,1.98,Paid,,processed_date before received_date
CLM00049339,M004924,PR0148,Pharmacy,E78.5,2024-11-04,2024-11-25,2024-11-20,143.0,53.89,52.81,1.08,Paid,,processed_date before received_date
CLM00038442,M006012,PR0338,Pharmacy,E78.5,2025-08-04,2025-08-16,2025-08-11,255.76,147.43,111.06,36.37,Paid,,processed_date before received_date
CLM00003153,M005002,PR0056,Professional,F41.1,2025-06-05,2025-07-01,2025-06-26,231.61,149.81,129.12,20.69,Paid,,processed_date before received_date
CLM00046259,M004614,PR0304,Outpatient,R10.9,2024-08-20,2024-09-08,2024-09-03,381.84,204.21,183.49,20.72,Paid,,processed_date before received_date
CLM00040443,M005904,PR0163,Professional,J06.9,2024-05-30,2024-06-06,2024-06-01,97.05,70.03,0.0,0.0,Denied,Out-of-network provider,processed_date before received_date
CLM00045364,M005705,PR0178,Professional,J06.9,2024-04-23,2024-05-17,2024-05-12,231.79,117.37,100.01,17.36,Paid,,processed_date before received_date
CLM00048820,M003552,PR0371,Professional,I10,2024-11-16,2024-11-20,2024-11-15,268.59,154.86,122.91,31.95,Paid,,processed_date before received_date
CLM00052984,M007232,PR0061,Inpatient,I50.9,2024-02-02,2024-02-11,2024-02-06,22455.07,10104.98,7876.91,2228.07,Paid,,processed_date before received_date
CLM00057930,M003448,PR0057,Professional,E11.9,2024-01-15,2024-01-31,2024-01-26,152.82,92.56,79.39,13.17,Paid,,processed_date before received_date
CLM00028905,M007739,PR0015,Outpatient,R07.9,2025-07-20,2025-07-31,2025-07-26,3377.54,2512.38,2198.33,314.05,Paid,,processed_date before received_date
CLM00023501,M001335,PR0030,Pharmacy,,2024-05-16,2024-05-27,2024-05-22,132.93,87.21,85.47,1.74,Paid,,processed_date before received_date
CLM00044442,M007477,PR0022,Outpatient,R10.9,2024-06-28,2024-07-01,2024-06-26,499.44,361.76,288.12,73.64,Paid,,processed_date before received_date
CLM00004571,M004763,PR0024,Professional,F32.9,2025-12-06,2025-12-24,2025-12-19,190.44,125.78,0.0,0.0,Denied,Duplicate claim submission,processed_date before received_date
CLM00001723,M006734,PR0182,Professional,H66.90,2025-10-17,2025-10-24,2025-10-19,81.42,46.57,38.05,8.52,Paid,,processed_date before received_date
CLM00029047,M004836,PR0045,Professional,H66.90,2024-05-07,2024-05-21,2024-05-16,268.29,160.8,157.58,3.22,Paid,,processed_date before received_date
CLM00040909,M001958,PR0357,Inpatient,I21.4,2025-09-05,2025-09-06,2025-09-01,8538.47,6026.26,5330.93,695.33,Paid,,processed_date before received_date
CLM00054096,M005258,PR0064,Outpatient,M54.5,2024-12-04,2024-12-16,2024-12-11,2011.51,1127.21,961.03,166.18,Paid,,processed_date before received_date
CLM00013347,M003423,PR0347,Inpatient,A41.9,2025-03-13,2025-04-11,2025-04-06,20093.6,14841.46,12167.52,2673.94,Paid,,processed_date before received_date
CLM00001859,M005844,PR0184,Outpatient,C34.90,2024-12-08,2024-12-27,2024-12-22,1664.29,1088.65,966.26,122.39,Paid,,processed_date before received_date
CLM00013214,M006891,PR0238,Outpatient,C61,2024-11-20,2024-12-03,2024-11-28,6218.0,4625.61,3816.51,809.1,Paid,,processed_date before received_date
CLM00014761,M005223,PR0240,Outpatient,I25.10,2024-06-21,2024-07-12,2024-07-07,1208.4,774.11,582.05,192.06,Paid,,processed_date before received_date
CLM00043725,M004692,PR0328,Outpatient,I50.9,2025-10-08,2025-11-06,2025-11-01,660.41,458.1,372.1,86.0,Paid,,processed_date before received_date
CLM00005812,M001025,PR0333,Outpatient,I50.9,2024-10-20,2024-11-18,2024-11-13,1178.47,726.54,573.63,152.91,Paid,,processed_date before received_date
CLM00011302,M007588,PR0268,Professional,I10,2024-09-18,2024-10-02,2024-09-27,349.19,203.99,199.91,4.08,Paid,,processed_date before received_date
CLM00050693,M001984,PR0377,Outpatient,R91.8,2025-08-15,2025-09-09,2025-09-04,1300.42,801.94,691.67,110.27,Paid,,processed_date before received_date
CLM00003626,M002487,PR0080,Professional,F41.1,2025-04-24,2025-05-18,2025-05-13,130.01,63.72,57.22,6.5,Paid,,processed_date before received_date
CLM00057520,M007703,PR0145,Outpatient,C50.911,2025-09-03,2025-09-22,2025-09-17,6565.43,4920.09,3816.02,1104.07,Paid,,processed_date before received_date
CLM00030285,M000435,PR0245,Professional,J06.9,2024-02-24,2024-03-20,2024-03-15,187.28,135.88,121.26,14.62,Paid,,processed_date before received_date
CLM00048277,M006279,PR0353,Pharmacy,E11.9,2025-01-02,2025-01-16,2025-01-11,42.94,28.23,24.26,3.97,Paid,,processed_date before received_date
CLM00053796,M005146,PR0067,Pharmacy,E78.5,2024-11-26,2024-12-05,2024-11-30,106.51,77.61,76.06,1.55,Paid,,processed_date before received_date
CLM00036770,M000524,PR0080,Professional,F41.1,2025-02-09,2025-02-28,2025-02-23,233.94,102.98,83.36,19.62,Paid,,processed_date before received_date
CLM00006642,M007886,PR0206,Pharmacy,E11.9,2024-10-02,2024-10-27,2024-10-22,163.01,117.57,104.35,13.22,Paid,,processed_date before received_date
CLM00048938,M005054,PR0198,Pharmacy,I10,2025-03-03,2025-03-24,2025-03-19,126.24,72.81,54.92,17.89,Paid,,processed_date before received_date
CLM00041717,M006359,PR0019,Professional,Z00.00,2025-05-06,2025-05-24,2025-05-19,169.46,125.79,111.25,14.54,Paid,,processed_date before received_date
CLM00057153,M002653,PR0053,Outpatient,M17.11,2025-03-21,2025-03-27,2025-03-22,1122.44,740.73,0.0,0.0,Denied,Missing prior authorization,processed_date before received_date
CLM00013348,M001887,PR0319,Outpatient,S83.511A,2024-11-11,2024-12-08,2024-12-03,2147.83,1060.21,0.0,0.0,Denied,Missing/invalid information,processed_date before received_date
CLM00019281,M001395,PR0359,Professional,Z00.129,2024-03-14,2024-04-10,2024-04-05,234.78,159.26,156.07,3.19,Paid,,processed_date before received_date
CLM00040668,M002511,PR0193,Professional,Z00.00,2025-09-05,2025-09-30,2025-09-25,247.38,172.81,131.35,41.46,Paid,,processed_date before received_date
CLM00053648,M005824,PR0071,Outpatient,C50.911,2025-07-09,2025-07-22,2025-07-17,3812.2,2573.5,1992.23,581.27,Paid,,processed_date before received_date
CLM00040889,M006440,PR0296,Outpatient,S83.511A,2024-02-25,2024-03-13,2024-03-08,1953.62,1077.85,872.37,205.48,Paid,,processed_date before received_date
CLM00016448,M005658,PR0339,Outpatient,C34.90,2025-12-02,2025-12-27,2025-12-22,6631.15,3856.53,2946.13,910.4,Paid,,processed_date before received_date
CLM00048615,M000096,PR0374,Outpatient,I48.91,2024-09-08,2024-09-14,2024-09-09,1903.98,898.1,759.16,138.94,Paid,,processed_date before received_date
CLM00055829,M001611,PR0097,Pharmacy,I10,2024-09-15,2024-10-07,2024-10-02,90.66,60.25,48.77,11.48,Paid,,processed_date before received_date
CLM00059792,M004836,PR0352,Outpatient,M54.5,2025-12-15,2025-12-26,2025-12-21,562.71,240.74,0.0,4.81,Pending,,processed_date before received_date
CLM00043372,M007040,PR0107,Outpatient,C61,2025-09-14,2025-10-03,2025-09-28,3610.79,2285.2,2239.5,45.7,Paid,,processed_date before received_date
CLM00045591,M004192,PR0252,Pharmacy,E11.9,2024-09-25,2024-10-15,2024-10-10,104.99,74.73,59.51,15.22,Paid,,processed_date before received_date
CLM00036264,M007578,PR0270,Professional,I10,2025-01-31,2025-02-19,2025-02-14,105.03,65.47,50.46,15.01,Paid,,processed_date before received_date
CLM00013407,M001816,PR0035,Professional,Z00.00,2025-06-14,2025-06-24,2025-06-19,237.55,138.89,108.42,30.47,Paid,,processed_date before received_date
CLM00023071,M002740,PR0090,Inpatient,I50.9,2024-12-09,2025-01-03,2024-12-29,13292.29,5186.07,0.0,0.0,Denied,Out-of-network provider,processed_date before received_date
CLM00010533,M001539,PR0138,Professional,E11.9,2024-08-13,2024-08-29,2024-08-24,115.04,59.46,0.0,0.0,Denied,Missing/invalid information,processed_date before received_date
CLM00002838,M007588,PR0048,Professional,Z00.129,2025-07-25,2025-08-06,2025-08-01,188.71,93.74,91.87,1.87,Paid,,processed_date before received_date
CLM00000433,M003317,PR0315,Outpatient,M54.5,2024-02-24,2024-03-10,2024-03-05,1450.46,968.51,767.96,200.55,Paid,,processed_date before received_date
CLM00008628,M001956,PR0116,Professional,F43.10,2024-01-23,2024-02-11,2024-02-06,106.66,51.44,0.0,0.0,Denied,Missing prior authorization,processed_date before received_date
CLM00050571,M000637,PR0354,Outpatient,I25.10,2025-01-19,2025-01-27,2025-01-22,345.81,247.84,210.5,37.34,Paid,,processed_date before received_date
CLM00021361,M005291,PR0069,Inpatient,I50.9,2025-01-19,2025-02-07,2025-02-02,13115.46,9274.39,7687.67,1586.72,Paid,,processed_date before received_date
CLM00008999,M003055,PR0348,Professional,J06.9,2025-10-15,2025-11-08,2025-11-03,128.34,77.25,59.26,17.99,Paid,,processed_date before received_date
CLM00041578,M002593,PR0004,Inpatient,J18.9,2025-08-22,2025-09-10,2025-09-05,16868.96,6843.74,6084.04,759.7,Paid,,processed_date before received_date
CLM00003783,M005593,PR0377,Outpatient,M54.5,2024-02-22,2024-03-10,2024-03-05,1294.34,954.18,736.67,217.51,Paid,,processed_date before received_date
CLM00003171,M004157,PR0268,Professional,Z00.00,2024-02-24,2024-03-16,2024-03-11,306.1,205.17,201.07,4.1,Paid,,processed_date before received_date
CLM00027609,M003267,PR0215,Professional,J06.9,2024-12-30,2025-01-17,2025-01-12,430.07,239.91,213.46,26.45,Paid,,processed_date before received_date
CLM00046720,M006035,PR0251,Professional,J06.9,2024-11-13,2024-11-30,2024-11-25,63.85,35.35,34.64,0.71,Paid,,processed_date before received_date
CLM00023782,M000507,PR0329,Professional,I10,2025-08-15,2025-09-04,2025-08-30,236.74,142.36,121.67,20.69,Paid,,processed_date before received_date
CLM00035363,M003029,PR0178,Professional,J06.9,2024-07-30,2024-08-20,2024-08-15,166.08,60.41,53.62,6.79,Paid,,processed_date before received_date
CLM00010314,M003848,PR0336,Outpatient,C61,2025-03-27,2025-04-20,2025-04-15,1658.12,984.1,771.75,212.35,Paid,,processed_date before received_date
CLM00040068,M005890,PR0198,Pharmacy,E11.9,2025-03-22,2025-04-09,2025-04-04,246.29,157.29,140.21,17.08,Paid,,processed_date before received_date
CLM00024427,M002833,PR0023,Outpatient,M54.5,2025-07-09,2025-07-29,2025-07-24,334.32,247.98,200.37,47.61,Paid,,processed_date before received_date
CLM00035140,M004169,PR0169,Outpatient,M54.5,2024-06-01,2024-06-25,2024-06-20,471.3,287.47,227.54,59.93,Paid,,processed_date before received_date
CLM00046806,M007461,PR0228,Outpatient,I50.9,2024-07-30,2024-08-20,2024-08-15,2719.14,1922.57,1626.47,296.1,Paid,,processed_date before received_date
CLM00044911,M003480,PR0235,Professional,Z00.00,2024-06-09,2024-06-20,2024-06-15,175.35,128.25,107.0,21.25,Paid,,processed_date before received_date
CLM00028748,M001563,PR0362,Outpatient,M17.11,2025-08-24,2025-09-17,2025-09-12,1994.97,929.17,910.59,18.58,Paid,,processed_date before received_date
CLM00035184,M007488,PR0075,Pharmacy,E11.9,2025-07-03,2025-07-30,2025-07-25,101.61,70.67,58.66,12.01,Paid,,processed_date before received_date
CLM00053946,M000318,PR0140,Professional,Z00.00,2024-03-23,2024-03-25,2024-03-20,121.83,80.98,66.63,14.35,Paid,,processed_date before received_date
CLM00055035,M001842,PR0102,Outpatient,M17.11,2025-09-26,2025-10-15,2025-10-10,1150.97,804.66,612.76,191.9,Paid,,processed_date before received_date
CLM00002033,M003906,PR0127,Professional,F43.10,2025-12-21,2025-12-29,2025-12-24,246.72,157.04,0.0,19.66,Pending,,processed_date before received_date
CLM00005751,M003879,PR0167,Professional,I10,2025-08-23,2025-08-25,2025-08-20,355.08,210.87,183.59,27.28,Paid,,processed_date before received_date
CLM00038438,M006982,PR0042,Outpatient,S83.511A,2024-12-29,2025-01-21,2025-01-16,1186.08,712.89,0.0,0.0,Denied,Service not covered,processed_date before received_date
CLM00047166,M007876,PR0399,Outpatient,M54.5,2024-10-14,2024-11-08,2024-11-03,767.01,447.6,398.39,49.21,Paid,,processed_date before received_date
CLM00030699,M007137,PR0154,Outpatient,M54.5,2025-12-11,2025-12-25,2025-12-20,957.03,399.74,354.35,45.39,Paid,,processed_date before received_date
CLM00052939,M000853,PR0210,Pharmacy,E11.9,2024-01-28,2024-01-30,2024-01-25,70.48,49.69,48.7,0.99,Paid,,processed_date before received_date
CLM00019338,M004814,PR0260,Outpatient,R91.8,2024-11-02,2024-11-16,2024-11-11,959.23,583.27,571.6,11.67,Paid,,processed_date before received_date
CLM00000558,M006444,PR0335,Outpatient,I48.91,2025-10-02,2025-10-13,2025-10-08,507.17,303.92,237.14,66.78,Paid,,processed_date before received_date
CLM00016978,M001275,PR0034,Professional,E11.9,2025-04-15,2025-05-14,2025-05-09,221.72,159.92,131.69,28.23,Paid,,processed_date before received_date
CLM00005411,M007837,PR0052,Outpatient,R10.9,2024-12-29,2025-01-24,2025-01-19,2018.12,1457.02,1244.58,212.44,Paid,,processed_date before received_date
CLM00043473,M001273,PR0266,Pharmacy,I10,2024-06-11,2024-07-01,2024-06-26,175.49,100.93,87.07,13.86,Paid,,processed_date before received_date
CLM00007419,M001266,PR0130,Outpatient,I25.10,2025-02-16,2025-03-04,2025-02-27,1995.73,1369.46,1213.53,155.93,Paid,,processed_date before received_date
CLM00019922,M005727,PR0253,Inpatient,I50.9,2025-04-29,2025-05-27,2025-05-22,8623.25,4760.82,3906.64,854.18,Paid,,processed_date before received_date
CLM00057451,M006417,PR0039,Outpatient,S09.90XA,2025-09-10,2025-10-09,2025-10-04,891.97,563.48,483.07,80.41,Paid,,processed_date before received_date
CLM00051682,M004015,PR0248,Outpatient,R10.9,2024-03-12,2024-04-06,2024-04-01,3627.3,2128.69,1798.96,329.73,Paid,,processed_date before received_date
CLM00034504,M005905,PR0334,Professional,F41.1,2024-01-29,2024-02-18,2024-02-13,225.71,136.34,121.31,15.03,Paid,,processed_date before received_date
CLM00035758,M002476,PR0076,Inpatient,J18.9,2025-01-26,2025-02-08,2025-02-03,30123.32,16576.43,13655.09,2921.34,Paid,,processed_date before received_date
CLM00004600,M002083,PR0168,Professional,F43.10,2025-04-25,2025-05-09,2025-05-04,339.72,205.8,154.36,51.44,Paid,,processed_date before received_date
CLM00059043,M004005,PR0376,Professional,I10,2024-07-12,2024-07-30,2024-07-25,110.19,39.79,35.15,4.64,Paid,,processed_date before received_date
CLM00028536,M002292,PR0100,Pharmacy,E11.9,2024-02-18,2024-03-08,2024-03-03,99.33,56.14,50.07,6.07,Paid,,processed_date before received_date
CLM00010396,M002450,PR0105,Professional,J06.9,2024-02-05,2024-02-09,2024-02-04,264.16,159.04,122.83,36.21,Paid,,processed_date before received_date
CLM00050133,M002176,PR0395,Professional,Z00.00,2024-07-28,2024-08-17,2024-08-12,211.59,139.35,112.41,26.94,Paid,,processed_date before received_date
CLM00047255,M000184,PR0205,Professional,I10,2024-02-20,2024-03-04,2024-02-28,291.11,176.81,143.47,33.34,Paid,,processed_date before received_date
CLM00053641,M002239,PR0317,Professional,E11.9,2024-05-13,2024-05-28,2024-05-23,147.96,92.84,75.55,17.29,Paid,,processed_date before received_date
CLM00049882,M004531,PR0326,Pharmacy,E78.5,2025-10-28,2025-11-01,2025-11-09,37.15,27.5,48.295,3.25,Paid,,paid_amount exceeds allowed_amount
CLM00054235,M007308,PR0264,Professional,I10,2024-01-08,2024-01-18,2024-02-06,95.09,62.06,123.617,13.36,Paid,,paid_amount exceeds allowed_amount
CLM00033977,M002001,PR0364,Professional,J06.9,2025-06-30,2025-07-05,2025-07-12,200.87,121.61,261.13100000000003,2.43,Paid,,paid_amount exceeds allowed_amount
CLM00013960,M001198,PR0135,Pharmacy,I10,2025-08-22,2025-08-27,2025-09-12,41.01,30.29,53.313,4.84,Paid,,paid_amount exceeds allowed_amount
CLM00049652,M003807,PR0343,Outpatient,I48.91,2024-12-12,2025-01-01,2025-01-04,1903.16,1188.0,2474.108,159.93,Paid,,paid_amount exceeds allowed_amount
CLM00058704,M002403,PR0101,Outpatient,S83.511A,2025-02-16,2025-03-10,2025-03-12,763.42,445.04,992.446,83.26,Paid,,paid_amount exceeds allowed_amount
CLM00059345,M007555,PR0034,Professional,I10,2024-12-24,2025-01-15,2025-01-31,98.07,58.1,127.491,8.67,Paid,,paid_amount exceeds allowed_amount
CLM00059587,M007300,PR0340,Outpatient,R10.9,2025-06-10,2025-07-07,2025-07-15,479.59,264.4,623.467,59.07,Paid,,paid_amount exceeds allowed_amount
CLM00035971,M001572,PR0279,Professional,E11.9,2025-07-24,2025-07-31,2025-08-15,206.73,120.71,268.749,28.52,Paid,,paid_amount exceeds allowed_amount
CLM00030938,M006605,PR0107,Outpatient,C34.90,2025-03-08,2025-03-24,2025-04-13,2558.57,1465.69,3326.1410000000005,248.12,Paid,,paid_amount exceeds allowed_amount
CLM00044306,M000780,PR0174,Pharmacy,I10,2025-01-20,2025-02-16,2025-02-25,70.05,40.33,91.065,0.81,Paid,,paid_amount exceeds allowed_amount
CLM00035764,M007118,PR0237,Professional,Z00.00,2024-04-25,2024-05-10,2024-05-17,245.58,135.7,319.254,25.54,Paid,,paid_amount exceeds allowed_amount
CLM00043856,M001017,PR0344,Outpatient,I50.9,2024-08-08,2024-08-18,2024-09-13,584.27,342.06,759.551,74.9,Paid,,paid_amount exceeds allowed_amount
CLM00023840,M006934,PR0109,Outpatient,M17.11,2025-02-26,2025-03-21,2025-04-07,1765.15,839.92,2294.695,114.28,Paid,,paid_amount exceeds allowed_amount
CLM00010050,M005192,PR0019,Professional,I10,2025-12-19,2026-01-17,,125.69,87.54,163.397,18.35,Pending,,paid_amount exceeds allowed_amount
CLM00006248,M006176,PR0308,Outpatient,R07.9,2025-01-09,2025-01-21,2025-02-03,2653.3,1276.63,3449.2900000000004,25.53,Paid,,paid_amount exceeds allowed_amount
CLM00027422,M004445,PR0294,Pharmacy,I10,2024-04-20,2024-05-18,2024-06-13,198.94,138.22,258.622,15.58,Paid,,paid_amount exceeds allowed_amount
CLM00030526,M002522,PR0149,Inpatient,J18.9,2024-09-01,2024-09-05,2024-09-25,16046.31,10730.93,20860.203,1755.48,Paid,,paid_amount exceeds allowed_amount
CLM00041275,M002991,PR0180,Professional,I10,2024-07-26,2024-08-07,2024-08-12,350.64,200.81,455.832,25.67,Paid,,paid_amount exceeds allowed_amount
CLM00013034,M002021,PR0127,Professional,F43.10,2025-05-01,2025-05-14,2025-05-17,232.22,143.2,301.886,18.44,Paid,,paid_amount exceeds allowed_amount
CLM00048931,M002875,PR0089,Professional,Z00.00,2025-01-16,2025-02-10,2025-03-04,230.17,152.53,299.221,34.12,Paid,,paid_amount exceeds allowed_amount
CLM00009697,M002972,PR0286,Outpatient,S09.90XA,2025-07-28,2025-08-23,2025-08-31,2172.02,1476.44,2823.626,166.37,Paid,,paid_amount exceeds allowed_amount
CLM00034607,M001744,PR0208,Professional,I10,2025-06-08,2025-06-28,2025-07-08,200.2,135.99,260.26,2.72,Paid,,paid_amount exceeds allowed_amount
CLM00033941,M004271,PR0030,Pharmacy,E78.5,2024-09-04,2024-09-30,2024-10-05,158.79,108.39,206.427,2.17,Paid,,paid_amount exceeds allowed_amount
CLM00038127,M003916,PR0245,Professional,J06.9,2025-08-12,2025-08-23,2025-09-05,138.93,78.65,180.609,15.95,Paid,,paid_amount exceeds allowed_amount
CLM00029533,M002386,PR0376,Professional,J06.9,2024-05-08,2024-06-02,2024-06-15,136.35,50.52,177.255,11.13,Paid,,paid_amount exceeds allowed_amount
CLM00008279,M000758,PR0045,Professional,J06.9,2024-02-11,2024-02-14,2024-02-26,163.05,108.29,125.0,0.0,Denied,Service not covered,paid_amount exceeds allowed_amount
CLM00043032,M002740,PR0273,Professional,I10,2024-01-25,2024-02-22,2024-03-07,308.58,152.49,401.154,30.59,Paid,,paid_amount exceeds allowed_amount
CLM00043977,M004647,PR0364,Professional,Z00.129,2025-06-01,2025-06-09,2025-06-13,102.68,61.74,133.484,1.23,Paid,,paid_amount exceeds allowed_amount
CLM00018458,M000744,PR0240,Outpatient,I48.91,2025-10-06,2025-11-02,2025-11-20,1909.55,1180.93,2482.415,0.0,Denied,Service not covered,paid_amount exceeds allowed_amount
CLM00022176,M004708,PR0340,Outpatient,M54.5,2025-04-13,2025-05-01,2025-05-08,288.81,171.14,375.453,40.9,Paid,,paid_amount exceeds allowed_amount
CLM00055341,M001912,PR0136,Professional,E11.9,2025-10-28,2025-11-15,2025-11-17,347.63,166.72,451.919,21.87,Paid,,paid_amount exceeds allowed_amount
CLM00051877,M001421,PR0296,Outpatient,M17.11,2024-04-09,2024-05-03,2024-05-17,970.91,537.62,1262.183,106.26,Paid,,paid_amount exceeds allowed_amount
CLM00057738,M006741,PR0166,Pharmacy,I10,2024-07-11,2024-07-18,2024-08-07,220.08,150.66,286.10400000000004,0.0,Denied,Missing/invalid information,paid_amount exceeds allowed_amount
CLM00050047,M004635,PR0351,Outpatient,M54.5,2024-07-20,2024-08-08,2024-08-13,2302.67,1198.75,2993.471,289.03,Paid,,paid_amount exceeds allowed_amount
CLM00028845,M007679,PR0204,Professional,E11.9,2025-07-30,2025-08-11,2025-08-17,455.23,225.69,591.7990000000001,4.51,Paid,,paid_amount exceeds allowed_amount
CLM00002677,M000642,PR0247,Professional,H66.90,2025-11-30,2025-12-02,2025-12-14,113.13,52.28,147.069,9.47,Paid,,paid_amount exceeds allowed_amount
CLM00007506,M001838,PR0064,Outpatient,S83.511A,2025-09-26,2025-09-30,2025-10-11,2003.31,1424.07,2604.303,0.0,Denied,Missing prior authorization,paid_amount exceeds allowed_amount
CLM00007295,M006954,PR0379,Inpatient,J18.9,2025-02-25,2025-02-27,2025-03-14,37709.11,27213.46,49021.843,4136.19,Paid,,paid_amount exceeds allowed_amount
CLM00024077,M004693,PR0198,Pharmacy,E11.9,2024-08-31,2024-09-21,2024-10-05,81.43,56.45,105.859,14.05,Paid,,paid_amount exceeds allowed_amount
CLM00031278,M002961,PR0028,Inpatient,J18.9,2024-03-28,2024-04-01,2024-04-20,11075.1,6582.66,14397.63,1329.91,Paid,,paid_amount exceeds allowed_amount
CLM00055879,M005593,PR0110,Professional,I10,2024-04-09,2024-04-18,2024-04-19,221.74,133.15,288.262,25.37,Paid,,paid_amount exceeds allowed_amount
CLM00050673,M001716,PR0111,Professional,E11.9,2024-10-18,2024-11-06,2024-11-12,125.33,88.7,162.929,14.74,Paid,,paid_amount exceeds allowed_amount
CLM00039601,M006082,PR0312,Professional,F43.10,2024-03-05,2024-03-09,2024-03-21,403.95,248.82,525.135,59.78,Paid,,paid_amount exceeds allowed_amount
CLM00022883,M004544,PR0076,Inpatient,J18.9,2024-11-24,2024-12-13,2025-01-17,10233.34,6369.81,13303.342,0.0,Denied,Missing prior authorization,paid_amount exceeds allowed_amount
CLM00035721,M000670,PR0112,Professional,F43.10,2024-12-16,2024-12-24,2024-12-26,297.99,203.37,387.387,32.03,Paid,,paid_amount exceeds allowed_amount
CLM00057991,M000564,PR0185,Professional,F43.10,2024-01-10,2024-01-16,2024-01-28,369.06,234.39,479.778,0.0,Denied,Missing prior authorization,paid_amount exceeds allowed_amount
CLM00022956,M001934,PR0181,Professional,Z00.00,2024-10-08,2024-10-28,2024-11-05,207.77,122.25,270.101,19.89,Paid,,paid_amount exceeds allowed_amount
CLM00015633,M003084,PR0397,Professional,E11.9,2024-05-06,2024-05-17,2024-05-23,648.66,450.71,843.258,111.54,Paid,,paid_amount exceeds allowed_amount
CLM00033887,M002887,PR0006,Professional,J06.9,2024-01-03,2024-01-11,2024-01-14,218.71,140.14,284.32300000000004,20.81,Paid,,paid_amount exceeds allowed_amount
CLM00058876,M005740,PR0086,Professional,E11.9,2025-11-05,2025-11-27,2025-12-04,129.38,81.63,168.194,8.65,Paid,,paid_amount exceeds allowed_amount
CLM00030327,M002071,PR0305,Professional,Z00.00,2024-10-15,2024-11-11,2024-11-24,156.02,103.69,125.0,0.0,Denied,Missing/invalid information,paid_amount exceeds allowed_amount
CLM00002349,M004531,PR0382,Professional,I10,2024-12-15,2024-12-22,2025-01-01,149.55,95.76,194.415,12.02,Paid,,paid_amount exceeds allowed_amount
CLM00034003,M004306,PR0195,Outpatient,R10.9,2025-09-20,2025-09-23,2025-09-29,294.16,171.23,382.4080000000001,18.31,Paid,,paid_amount exceeds allowed_amount
CLM00016421,M004685,PR0308,Outpatient,R07.9,2024-02-20,2024-02-24,2024-03-07,1979.57,934.24,2573.441,18.68,Paid,,paid_amount exceeds allowed_amount
CLM00012350,M004993,PR0400,Professional,E11.9,2025-03-17,2025-04-04,2025-04-17,104.99,37.15,125.0,0.0,Denied,Missing/invalid information,paid_amount exceeds allowed_amount
CLM00004825,M006789,PR0150,Professional,F41.1,2024-01-18,2024-01-21,2024-01-26,262.96,142.08,341.848,31.44,Paid,,paid_amount exceeds allowed_amount
CLM00013240,M005050,PR0114,Professional,F43.10,2024-10-24,2024-11-10,2024-11-12,223.74,105.83,290.862,2.12,Paid,,paid_amount exceeds allowed_amount
CLM00038014,M007945,PR0385,Pharmacy,I10,2025-05-06,2025-05-16,2025-05-26,75.26,53.06,97.838,12.59,Paid,,paid_amount exceeds allowed_amount
CLM00007185,M002271,PR0276,Professional,Z00.00,2024-01-29,2024-02-25,2024-03-09,90.42,43.71,117.546,5.43,Paid,,paid_amount exceeds allowed_amount
CLM00005992,M007425,PR0097,Pharmacy,E78.5,2025-05-13,2025-05-22,2025-05-31,94.49,61.66,122.837,0.0,Denied,Timely filing limit exceeded,paid_amount exceeds allowed_amount
CLM00028599,M004659,PR0063,Professional,I10,2024-04-16,2024-04-19,2024-04-29,109.97,80.7,142.961,10.63,Paid,,paid_amount exceeds allowed_amount
CLM00050167,M004196,PR0119,Professional,I10,2024-12-24,2024-12-30,2025-01-12,244.62,122.43,318.00600000000003,20.85,Paid,,paid_amount exceeds allowed_amount
CLM00000264,M006992,PR0119,Professional,E11.9,2024-06-08,2024-06-26,2024-06-30,363.88,176.88,473.044,36.85,Paid,,paid_amount exceeds allowed_amount
CLM00024866,M000563,PR0123,Pharmacy,I10,2024-03-05,2024-03-26,2024-04-04,85.58,49.59,111.254,0.99,Paid,,paid_amount exceeds allowed_amount
CLM00056477,M006291,PR0215,Professional,E11.9,2024-03-11,2024-04-04,2024-04-06,413.95,287.38,538.135,56.3,Paid,,paid_amount exceeds allowed_amount
CLM00040156,M004566,PR0059,Professional,E11.9,2024-02-15,2024-02-18,2024-02-27,161.33,62.62,209.729,0.0,Denied,Missing prior authorization,paid_amount exceeds allowed_amount
CLM00037609,M001618,PR0048,Professional,J06.9,2025-08-31,2025-09-04,2025-09-14,187.63,81.8,125.0,0.0,Denied,Service not covered,paid_amount exceeds allowed_amount
CLM00029454,M003576,PR0120,Professional,F43.10,2025-06-08,2025-06-14,2025-06-26,208.3,139.34,270.79,26.72,Paid,,paid_amount exceeds allowed_amount
CLM00024297,M001517,PR0119,Professional,E11.9,2025-07-05,2025-07-22,2025-08-02,277.05,134.64,360.165,30.5,Paid,,paid_amount exceeds allowed_amount
CLM00032000,M003678,PR0343,Outpatient,I25.10,2024-03-11,2024-03-28,2024-04-02,2119.03,1213.23,2754.7390000000005,231.66,Paid,,paid_amount exceeds allowed_amount
CLM00040820,M007568,PR0231,Inpatient,I21.4,2025-07-15,2025-07-29,2025-08-16,13341.19,7656.79,17343.547000000002,883.22,Paid,,paid_amount exceeds allowed_amount
CLM00032448,M007606,PR0175,Professional,J06.9,2024-04-21,2024-05-02,2024-05-11,299.41,128.53,389.23300000000006,2.57,Paid,,paid_amount exceeds allowed_amount
CLM00006053,M007729,PR0178,Professional,Z00.00,2025-05-20,2025-06-11,2025-06-15,101.83,45.15,132.379,5.84,Paid,,paid_amount exceeds allowed_amount
CLM00051222,M002959,PR0213,Professional,J06.9,2024-03-19,2024-04-16,2024-04-24,284.96,194.42,370.448,39.48,Paid,,paid_amount exceeds allowed_amount
CLM00052468,M007045,PR0052,Outpatient,R07.9,2025-09-17,2025-10-10,2025-10-16,3402.35,1970.16,4423.055,39.4,Paid,,paid_amount exceeds allowed_amount
CLM00026648,M007545,PR0013,Professional,E11.9,2025-05-23,2025-06-07,2025-06-15,1213.51,876.38,1577.563,121.6,Paid,,paid_amount exceeds allowed_amount
CLM00002956,M007213,PR0109,Outpatient,S83.511A,2024-12-20,2024-12-29,2025-01-08,3092.67,1217.09,4020.471000000001,128.33,Paid,,paid_amount exceeds allowed_amount
CLM00015981,M006533,PR0119,Professional,Z00.00,2025-04-12,2025-05-08,2025-05-22,109.33,44.05,125.0,0.0,Denied,Service not covered,paid_amount exceeds allowed_amount
CLM00002351,M006880,PR0093,Pharmacy,I10,2024-11-17,2024-12-13,2024-12-22,86.59,64.05,112.567,13.09,Paid,,paid_amount exceeds allowed_amount
CLM00033525,M005710,PR0215,Professional,Z00.00,2024-03-22,2024-03-24,2024-04-13,150.48,105.8,195.624,25.41,Paid,,paid_amount exceeds allowed_amount
CLM00023819,M003838,PR0051,Outpatient,M17.11,2025-03-20,2025-04-14,2025-04-30,1961.01,1159.77,2549.313,186.45,Paid,,paid_amount exceeds allowed_amount
CLM00037398,M002106,PR0246,Professional,I10,2024-01-01,2024-01-12,2024-01-20,164.38,92.71,213.694,13.0,Paid,,paid_amount exceeds allowed_amount
CLM00034538,M004781,PR0170,Pharmacy,E11.9,2025-03-26,2025-04-20,2025-05-08,133.43,87.29,173.459,12.79,Paid,,paid_amount exceeds allowed_amount
CLM00032156,M005087,PR0120,Professional,F41.1,2024-04-10,2024-05-08,2024-05-15,167.37,98.16,217.581,20.48,Paid,,paid_amount exceeds allowed_amount
CLM00056127,M003606,PR0059,Professional,J06.9,2025-06-28,2025-07-10,2025-07-31,142.06,77.82,184.678,0.0,Denied,Out-of-network provider,paid_amount exceeds allowed_amount
CLM00005077,M000471,PR0070,Outpatient,M17.11,2024-08-01,2024-08-19,2024-09-12,1979.02,1056.47,2572.726,0.0,Denied,Missing/invalid information,paid_amount exceeds allowed_amount
CLM00012915,M005840,PR0304,Outpatient,R91.8,2025-11-28,2025-12-19,2025-12-30,409.56,190.69,532.428,0.0,Denied,Missing prior authorization,paid_amount exceeds allowed_amount
CLM00051637,M006691,PR0202,Outpatient,C61,2024-08-28,2024-09-11,2024-09-21,4220.97,2677.73,5487.261,372.88,Paid,,paid_amount exceeds allowed_amount
CLM00033248,M007854,PR0066,Professional,F32.9,2025-06-03,2025-06-18,2025-07-02,396.61,261.25,515.5930000000001,32.46,Paid,,paid_amount exceeds allowed_amount
CLM00041984,M007444,PR0326,Pharmacy,E78.5,2025-08-07,2025-08-31,2025-09-07,157.04,95.95,125.0,0.0,Denied,Service not covered,paid_amount exceeds allowed_amount
CLM00054348,M005008,PR0351,Outpatient,S83.511A,2024-04-12,2024-04-15,2024-04-21,1089.54,565.68,1416.402,132.21,Paid,,paid_amount exceeds allowed_amount
CLM00031357,M002407,PR0137,Pharmacy,E11.9,2024-10-14,2024-11-01,2024-11-12,97.17,58.88,126.321,12.36,Paid,,paid_amount exceeds allowed_amount
CLM00049577,M001213,PR0075,Pharmacy,E11.9,2024-12-23,2024-12-30,2025-01-03,143.39,96.37,186.407,16.36,Paid,,paid_amount exceeds allowed_amount
CLM00038530,M004734,PR0023,Outpatient,R91.8,2025-03-31,2025-04-14,2025-04-16,367.15,251.14,477.295,41.5,Paid,,paid_amount exceeds allowed_amount
CLM00008651,M001498,PR0198,Pharmacy,I10,2025-12-17,2025-12-21,,98.57,62.82,128.141,7.35,Pending,,paid_amount exceeds allowed_amount
CLM00050364,M001364,PR0001,Outpatient,S09.90XA,2024-05-01,2024-05-15,2024-05-23,1499.42,682.05,1949.246,0.0,Denied,Out-of-network provider,paid_amount exceeds allowed_amount
CLM00048170,M005536,PR0038,Professional,J06.9,2025-01-05,2025-01-09,2025-01-22,721.98,503.66,938.574,121.72,Paid,,paid_amount exceeds allowed_amount
CLM00002288,M006111,PR0166,Pharmacy,E11.9,2025-11-20,2025-12-10,2025-12-18,67.55,41.31,87.815,4.98,Paid,,paid_amount exceeds allowed_amount
CLM00041084,M004979,PR0167,Professional,I10,2025-01-08,2025-02-02,2025-02-25,189.5,119.65,246.35,22.55,Paid,,paid_amount exceeds allowed_amount
CLM00001769,M005511,PR0035,Professional,E11.9,2025-10-13,2025-10-14,2025-11-05,165.97,91.32,215.761,16.01,Paid,,paid_amount exceeds allowed_amount
CLM00052416,M005034,PR0085,Professional,F43.10,2025-05-29,2025-06-03,2025-06-20,182.83,97.67,125.0,0.0,Denied,Duplicate claim submission,paid_amount exceeds allowed_amount
CLM00026992,M006131,PR0081,Professional,J06.9,2024-10-25,2024-10-26,2024-11-01,169.17,108.04,219.921,16.05,Paid,,paid_amount exceeds allowed_amount
CLM00047866,M005025,PR0047,Outpatient,C34.90,2024-10-12,2024-10-27,2024-11-06,4715.71,2996.11,6130.423000000001,484.89,Paid,,paid_amount exceeds allowed_amount
CLM00019408,M006576,PR0361,Pharmacy,E11.9,2025-04-25,2025-05-14,2025-05-22,205.93,143.05,267.709,16.23,Paid,,paid_amount exceeds allowed_amount
CLM00002064,M001199,PR0123,Pharmacy,I10,2024-09-05,2024-09-20,2024-10-03,112.61,78.14,146.393,0.0,Denied,Missing prior authorization,paid_amount exceeds allowed_amount
CLM00030640,M007656,PR0255,Outpatient,R10.9,2024-01-13,2024-02-09,2024-02-11,326.13,215.95,423.969,22.23,Paid,,paid_amount exceeds allowed_amount
CLM00054491,M002796,PR0136,Professional,I10,2025-12-02,2025-12-25,2026-01-02,68.47,28.09,89.011,6.76,Paid,,paid_amount exceeds allowed_amount
CLM00019352,M006214,PR0330,Professional,F41.1,2025-09-05,2025-09-17,2025-10-11,208.27,88.29,270.75100000000003,0.0,Denied,Duplicate claim submission,paid_amount exceeds allowed_amount
CLM00013212,M007844,PR0121,Outpatient,R10.9,2025-11-22,2025-12-12,2025-12-27,2415.1,1425.6,3139.63,207.03,Paid,,paid_amount exceeds allowed_amount
CLM00031795,M007165,PR0077,Outpatient,S83.511A,2025-01-14,2025-01-26,2025-02-05,1377.82,926.74,1791.166,18.53,Paid,,paid_amount exceeds allowed_amount
CLM00012395,M004361,PR0162,Outpatient,I25.10,2024-03-07,2024-04-05,2024-04-07,673.74,463.13,875.8620000000001,111.86,Paid,,paid_amount exceeds allowed_amount
CLM00046511,M007706,PR0043,Professional,I10,2025-04-19,2025-05-12,2025-05-30,176.97,107.25,230.061,24.47,Paid,,paid_amount exceeds allowed_amount
CLM00023908,M006841,PR0050,Outpatient,M54.5,2025-02-25,2025-03-17,2025-03-29,684.73,313.3,890.149,0.0,Denied,Service not covered,paid_amount exceeds allowed_amount
CLM00016640,M005854,PR0116,Professional,F32.9,2025-08-28,2025-09-19,2025-09-27,172.67,88.68,125.0,0.0,Denied,Missing/invalid information,paid_amount exceeds allowed_amount
CLM00029980,M002866,PR0300,Outpatient,I25.10,2025-07-23,2025-08-11,2025-08-17,780.95,307.08,1015.235,35.07,Paid,,paid_amount exceeds allowed_amount
CLM00015449,M002178,PR0301,Professional,I10,2024-02-08,2024-02-21,2024-03-02,177.29,102.11,125.0,0.0,Denied,Service not covered,paid_amount exceeds allowed_amount
CLM00030467,M007558,PR0003,Professional,J06.9,2025-06-30,2025-07-14,2025-07-18,285.94,157.93,371.722,24.66,Paid,,paid_amount exceeds allowed_amount
CLM00024592,M001158,PR0269,Professional,F32.9,2025-12-11,2025-12-12,2025-12-23,188.86,133.0,245.51800000000003,14.28,Paid,,paid_amount exceeds allowed_amount
CLM00055279,M002652,PR0094,Outpatient,R10.9,2025-12-21,2026-01-08,,630.09,358.62,819.1170000000001,47.28,Pending,,paid_amount exceeds allowed_amount
CLM00034881,M007657,PR0108,Professional,Z00.00,2025-01-02,2025-01-16,2025-01-28,91.19,45.53,125.0,0.0,Denied,Service not covered,paid_amount exceeds allowed_amount
CLM00010439,M007579,PR0289,Inpatient,A41.9,2024-02-01,2024-02-26,2024-03-11,11762.14,7366.35,15290.782,1189.93,Paid,,paid_amount exceeds allowed_amount
CLM00058014,M003917,PR0190,Outpatient,R10.9,2024-05-27,2024-06-11,2024-06-14,1317.7,770.08,1713.0100000000002,155.93,Paid,,paid_amount exceeds allowed_amount
CLM00028513,M002814,PR0080,Professional,F43.10,2024-08-27,2024-09-10,2024-09-16,89.21,46.72,115.973,7.94,Paid,,paid_amount exceeds allowed_amount
CLM00030942,M007815,PR0312,Professional,F43.10,2025-10-31,2025-11-20,2025-11-25,444.13,286.89,577.369,57.05,Paid,,paid_amount exceeds allowed_amount
CLM00026105,M006986,PR0154,Outpatient,M54.5,2024-12-19,2024-12-24,2024-12-28,374.45,185.55,486.785,37.32,Paid,,paid_amount exceeds allowed_amount
CLM00004319,M000627,PR0030,Pharmacy,E78.5,2024-05-13,2024-06-08,2024-06-29,390.0,254.83,507.0,53.23,Paid,,paid_amount exceeds allowed_amount
CLM00006648,M005349,PR0170,Pharmacy,E78.5,2025-04-03,2025-04-09,2025-04-25,160.1,118.08,208.13,18.51,Paid,,paid_amount exceeds allowed_amount
CLM00021171,M005785,PR0360,Inpatient,I50.9,2025-01-24,2025-02-04,2025-02-25,24692.25,18113.35,32099.925000000003,0.0,Denied,Timely filing limit exceeded,paid_amount exceeds allowed_amount
CLM00055556,M003797,PR0257,Professional,F43.10,2025-05-06,2025-05-14,2025-05-21,115.5,69.44,150.15,12.07,Paid,,paid_amount exceeds allowed_amount
CLM00019729,M005608,PR0353,Pharmacy,E78.5,2025-05-13,2025-05-19,2025-05-23,34.52,24.79,44.876000000000005,5.12,Paid,,paid_amount exceeds allowed_amount
CLM00023582,M007590,PR0055,Outpatient,C34.90,2025-02-17,2025-03-06,2025-03-18,2301.4,1358.87,2991.82,209.75,Paid,,paid_amount exceeds allowed_amount
CLM00021149,M007496,PR0228,Outpatient,I48.91,2024-01-11,2024-02-05,2024-02-11,1015.4,727.66,1320.02,125.25,Paid,,paid_amount exceeds allowed_amount
CLM00008084,M006014,PR0211,Pharmacy,E78.5,2024-03-05,2024-03-20,2024-03-26,89.05,60.31,115.765,8.13,Paid,,paid_amount exceeds allowed_amount
CLM00014802,M003198,PR0382,Professional,Z00.00,2025-06-06,2025-06-18,2025-06-21,344.58,251.61,447.954,39.27,Paid,,paid_amount exceeds allowed_amount
CLM00003252,M006925,PR0205,Professional,Z00.00,2024-10-12,2024-10-24,2024-11-08,76.05,55.43,98.865,7.21,Paid,,paid_amount exceeds allowed_amount
CLM00033965,M003728,PR0081,Professional,E11.9,2024-02-28,2024-03-25,2024-03-28,636.62,406.42,827.606,42.32,Paid,,paid_amount exceeds allowed_amount
CLM00053760,M002508,PR0098,Inpatient,J18.9,2024-07-30,2024-08-13,2024-09-10,11995.0,8417.21,15593.5,168.34,Paid,,paid_amount exceeds allowed_amount
CLM00006087,M004243,PR0062,Professional,J06.9,2024-10-23,2024-11-14,2024-11-22,179.97,115.82,233.961,12.04,Paid,,paid_amount exceeds allowed_amount
CLM00038377,M006057,PR0049,Professional,E11.9,2024-06-12,2024-06-28,2024-07-01,462.48,310.12,601.224,36.79,Paid,,paid_amount exceeds allowed_amount
CLM00046386,M007806,PR0302,Outpatient,R91.8,2025-09-20,2025-09-21,2025-10-05,949.04,638.32,1233.752,141.64,Paid,,paid_amount exceeds allowed_amount
CLM00057038,M002565,PR0128,Outpatient,I48.91,2024-07-27,2024-08-24,2024-09-06,1641.07,967.52,2133.391,161.44,Paid,,paid_amount exceeds allowed_amount
CLM00023458,M002472,PR0279,Professional,Z00.00,2025-07-12,2025-07-27,2025-07-29,280.82,193.82,365.066,3.88,Paid,,paid_amount exceeds allowed_amount
CLM00021077,M000276,PR0226,Professional,F41.1,2025-06-16,2025-06-27,2025-07-02,150.62,96.25,195.806,15.08,Paid,,paid_amount exceeds allowed_amount
CLM00044297,M002959,PR0390,Professional,Z00.129,2025-02-16,2025-03-09,2025-04-01,113.09,67.77,147.017,8.61,Paid,,paid_amount exceeds allowed_amount
CLM00004762,M001671,PR0120,Professional,F32.9,2025-09-25,2025-09-28,2025-10-07,279.84,176.46,363.792,38.6,Paid,,paid_amount exceeds allowed_amount
CLM00053033,M004266,PR0072,Professional,Z00.00,2025-04-27,2025-05-22,2025-05-25,206.13,141.66,267.969,26.07,Paid,,paid_amount exceeds allowed_amount
CLM00001507,M002793,PR0228,Outpatient,I48.91,2025-01-26,2025-02-24,2025-03-01,681.65,454.32,886.145,92.62,Paid,,paid_amount exceeds allowed_amount
CLM00009426,M005171,PR0221,Pharmacy,I10,2024-12-09,2025-01-02,2025-01-20,470.19,344.58,611.2470000000001,68.46,Paid,,paid_amount exceeds allowed_amount
CLM00032061,M003841,PR0385,Pharmacy,E11.9,2025-09-11,2025-09-24,2025-10-23,81.56,53.41,106.028,5.55,Paid,,paid_amount exceeds allowed_amount
CLM00053481,M000109,PR0268,Professional,J06.9,2025-09-16,2025-09-18,2025-09-27,143.34,81.86,186.342,18.68,Paid,,paid_amount exceeds allowed_amount
CLM00001215,M007523,PR0039,Outpatient,R10.9,2025-02-24,2025-03-18,2025-04-05,2057.65,1374.87,2674.945,322.64,Paid,,paid_amount exceeds allowed_amount
CLM00055936,M002602,PR0243,Professional,J06.9,2025-11-06,2025-11-22,2025-12-06,130.47,67.38,169.61100000000002,12.53,Paid,,paid_amount exceeds allowed_amount
CLM00023917,M002064,PR0170,Pharmacy,I10,2024-05-24,2024-06-03,2024-06-16,141.93,89.04,184.509,11.95,Paid,,paid_amount exceeds allowed_amount
CLM00007646,M006418,PR0124,Outpatient,M17.11,2025-09-07,2025-09-09,2025-09-12,5585.3,3316.43,7260.89,626.87,Paid,,paid_amount exceeds allowed_amount
CLM00027766,M000700,PR0072,Professional,J06.9,2025-02-04,2025-02-12,2025-02-20,320.82,188.18,417.066,29.32,Paid,,paid_amount exceeds allowed_amount
CLM00043227,M005669,PR0208,Professional,Z00.00,2024-12-06,2025-01-01,2025-01-19,377.87,276.7,491.231,44.03,Paid,,paid_amount exceeds allowed_amount
CLM00023206,M005859,PR0382,Professional,Z00.00,2024-01-27,2024-02-19,2024-03-05,183.84,119.41,238.992,21.45,Paid,,paid_amount exceeds allowed_amount
CLM00028061,M005617,PR0269,Professional,F32.9,2024-10-19,2024-10-29,2024-11-08,325.56,201.45,423.228,29.2,Paid,,paid_amount exceeds allowed_amount
CLM00007038,M002545,PR0129,Inpatient,I21.4,2024-02-25,2024-03-12,2024-03-29,8899.96,5083.57,11569.948,1160.6,Paid,,paid_amount exceeds allowed_amount
CLM00016556,M004114,PR0378,Outpatient,R10.9,2025-10-23,2025-11-16,2025-11-24,818.93,548.06,1064.609,119.99,Paid,,paid_amount exceeds allowed_amount
CLM00009317,M002010,PR0186,Outpatient,R91.8,2024-06-27,2024-06-28,2024-07-21,212.94,118.05,125.0,0.0,Denied,Missing prior authorization,paid_amount exceeds allowed_amount
CLM00058896,M004196,PR0242,Inpatient,I21.4,2024-08-01,2024-08-21,2024-09-11,7408.07,5422.13,9630.491,1332.19,Paid,,paid_amount exceeds allowed_amount
CLM00051034,M002450,PR0271,Pharmacy,I10,2024-12-12,2024-12-23,2025-01-06,96.58,57.28,125.554,7.68,Paid,,paid_amount exceeds allowed_amount
CLM00022485,M006318,PR0075,Pharmacy,E11.9,2024-07-18,2024-07-30,2024-08-02,170.44,112.91,221.572,18.31,Paid,,paid_amount exceeds allowed_amount
CLM00016527,M002252,PR0086,Professional,I10,2025-02-18,2025-02-26,2025-03-24,374.71,233.41,487.123,55.3,Paid,,paid_amount exceeds allowed_amount
CLM00003263,M004778,PR0036,Outpatient,I48.91,2025-02-18,2025-03-14,2025-03-27,2658.67,1519.33,3456.271,316.83,Paid,,paid_amount exceeds allowed_amount
CLM00011255,M005302,PR0274,Professional,J06.9,2024-01-31,2024-02-24,2024-03-14,94.57,67.06,125.0,0.0,Denied,Duplicate claim submission,paid_amount exceeds allowed_amount
CLM00043527,M005178,PR0048,Professional,H66.90,2025-08-10,2025-08-13,2025-08-20,341.88,170.87,444.444,40.84,Paid,,paid_amount exceeds allowed_amount
CLM00033920,M000857,PR0068,Professional,E11.9,2025-01-19,2025-02-06,2025-02-22,150.42,57.06,125.0,0.0,Denied,Out-of-network provider,paid_amount exceeds allowed_amount
CLM00057978,M007180,PR0205,Professional,Z00.00,2024-07-16,2024-08-03,2024-08-13,106.74,77.8,138.762,16.01,Paid,,paid_amount exceeds allowed_amount
CLM00020094,M003348,PR0201,Inpatient,A41.9,2024-11-14,2024-11-21,2024-12-17,21200.15,13989.17,27560.195000000003,0.0,Denied,Service not covered,paid_amount exceeds allowed_amount
CLM00046521,M006504,PR0360,Inpatient,A41.9,2025-05-12,2025-05-29,2025-06-15,33664.34,20199.65,43763.642,403.99,Paid,,paid_amount exceeds allowed_amount
CLM00059805,M006605,PR0077,Outpatient,M54.5,2024-02-19,2024-02-26,2024-03-07,3103.47,2121.51,4034.511,470.63,Paid,,paid_amount exceeds allowed_amount
CLM00050877,M001295,PR0324,Professional,UNKNOWN,2025-01-31,2025-02-05,2025-02-16,233.61,144.19,303.69300000000004,21.24,Paid,,paid_amount exceeds allowed_amount
CLM00004493,M002054,PR0353,Pharmacy,E11.9,2024-02-15,2024-03-04,2024-03-15,159.78,90.76,207.714,1.82,Paid,,paid_amount exceeds allowed_amount
CLM00009753,M001242,PR0030,Pharmacy,E11.9,2025-06-21,2025-07-05,2025-07-10,154.55,92.75,200.915,12.56,Paid,,paid_amount exceeds allowed_amount
CLM00009370,M002499,PR0383,Outpatient,C50.911,2025-11-15,2025-11-21,2025-11-29,4927.78,3297.56,6406.114,665.98,Paid,,paid_amount exceeds allowed_amount
CLM00014358,M006503,PR0182,Professional,H66.90,2024-03-16,2024-04-12,2024-04-16,189.36,122.76,246.16800000000003,21.04,Paid,,paid_amount exceeds allowed_amount
CLM00015893,M003808,PR0214,Professional,F43.10,2024-09-09,2024-10-07,2024-10-15,265.2,175.52,344.76,32.79,Paid,,paid_amount exceeds allowed_amount
CLM00056615,M002721,PR0320,Outpatient,C61,2024-08-08,2024-09-06,2024-10-09,6029.03,2322.26,7837.739,0.0,Denied,Missing prior authorization,paid_amount exceeds allowed_amount
CLM00033998,M006690,PR0327,Outpatient,M54.5,2025-10-05,2025-10-17,2025-10-24,481.67,301.43,626.171,61.56,Paid,,paid_amount exceeds allowed_amount
CLM00026144,M005050,PR0320,Outpatient,C34.90,2025-11-21,2025-11-28,2025-12-08,2804.58,1106.84,3645.954,22.14,Paid,,paid_amount exceeds allowed_amount
CLM00038710,M000564,PR0311,Professional,F41.1,2024-06-10,2024-07-09,2024-07-23,143.19,57.22,125.0,0.0,Denied,Timely filing limit exceeded,paid_amount exceeds allowed_amount
CLM00048514,M003914,PR0315,Outpatient,R91.8,2025-06-10,2025-06-21,2025-07-02,689.45,472.34,896.2850000000001,49.27,Paid,,paid_amount exceeds allowed_amount
CLM00023794,M000834,PR0394,Professional,Z00.129,2025-09-01,2025-09-20,2025-09-24,157.78,117.07,205.114,20.36,Paid,,paid_amount exceeds allowed_amount
CLM00034621,M007575,PR0309,Outpatient,M17.11,2025-12-24,2026-01-11,,2020.13,1451.44,2626.1690000000003,204.8,Pending,,paid_amount exceeds allowed_amount
CLM00049727,M006836,PR0213,Professional,Z00.00,2024-04-11,2024-04-26,2024-05-04,127.98,82.47,166.37400000000002,17.29,Paid,,paid_amount exceeds allowed_amount
CLM00057002,M000663,PR0317,Professional,I10,2025-09-18,2025-09-28,2025-10-07,161.86,115.49,210.41800000000003,12.58,Paid,,paid_amount exceeds allowed_amount
