member_id,gender,birth_year,state,plan_id,enrollment_start,enrollment_end,chronic_condition_flag
M000001,M,1936,MN,P04,2024-01-01,,0
M000002,M,1992,GA,P02,2024-01-01,,0
M000003,M,1986,AZ,P05,2024-01-01,,0
M000004,M,1938,TX,P03,2024-01-01,,0
M000005,F,1968,GA,P01,2024-01-01,,0
M000006,M,2021,FL,P05,2024-04-11,,1
M000007,F,1950,CA,P04,2024-08-18,,0
M000008,F,1960,OH,P04,2024-01-01,,0
M000009,M,1994,CA,P01,2024-01-01,,0
M000010,M,2014,FL,P02,2024-06-11,,0
M000011,F,1999,CA,P02,2024-01-01,,0
M000012,M,2009,FL,P05,2024-01-01,,1
M000013,M,1950,NY,P03,2024-11-27,,1
M000014,M,2010,TX,P05,2024-01-01,,0
M000015,F,2000,CA,P02,2024-01-01,,0
M000016,M,1966,NY,P01,2024-01-01,,0
M000017,M,1950,MN,P03,2024-01-01,,1
M000018,F,1976,CA,P01,2024-01-01,2025-04-12,0
M000019,F,2020,CA,P05,2025-06-08,,0
M000020,M,1946,MN,P03,2025-03-09,,0
M000021,M,1953,AZ,P04,2024-01-01,,0
M000022,M,1963,OH,P02,2025-06-09,,0
M000023,F,2009,NY,P05,2024-04-11,2024-10-07,0
M000024,F,2022,FL,P05,2024-01-01,2024-06-09,0
M000025,M,1958,NY,P04,2025-05-17,,1
M000026,F,1967,GA,P01,2025-06-07,,0
M000027,F,1989,MN,P02,2025-03-20,,0
M000028,M,2022,TX,P01,2024-04-13,2024-11-27,0
M000029,M,1993,FL,P01,2024-01-01,,0
M000030,M,1960,AZ,P03,2024-01-01,,1
M000031,F,1946,AZ,P04,2024-01-31,,1
M000032,M,2022,OH,P05,2025-06-19,,0
M000033,M,2005,TX,P02,2024-01-01,,0
M000034,M,1961,OH,P02,2024-01-01,,0
M000035,F,2023,CA,P02,2024-01-01,2024-07-29,0
M000036,M,1966,FL,P01,2024-05-04,,0
M000037,M,1992,FL,P01,2024-01-01,,0
M000038,M,1987,FL,P02,2024-01-01,,0
M000039,M,1965,NY,P01,2024-01-01,,0
M000040,F,1945,TX,P03,2024-01-01,,0
M000041,M,1962,CA,P02,2025-02-22,2025-06-28,0
M000042,F,2008,TX,P05,2024-01-01,,1
M000043,F,1946,CA,P04,2024-01-01,,0
M000044,F,1996,MN,P02,2024-01-01,,0
M000045,M,1986,OH,P05,2024-11-20,,1
M000046,M,1937,TX,P04,2024-01-01,,0
M000047,F,1974,OH,P02,2024-01-01,,0
M000048,M,2024,TX,P01,2024-01-01,2024-10-21,0
M000049,M,1950,CA,P03,2024-03-15,,1
M000050,M,1983,FL,P01,2024-07-14,,0
M000051,F,1991,MN,P01,2025-04-25,,0
M000052,M,1986,TX,P01,2024-01-01,2024-09-15,0
M000053,M,1943,AZ,P04,2024-01-12,2024-08-14,0
M000054,M,1951,OH,P03,2024-07-05,,0
M000055,F,1938,FL,P04,2024-01-01,,0
M000056,M,1942,AZ,P04,2024-11-19,,0
M000057,F,1989,CA,P02,2024-12-12,,0
M000058,F,1936,OH,P03,2024-08-17,,0
M000059,F,1962,GA,P01,2024-03-18,,0
M000060,M,1992,FL,P01,2024-01-01,,0
M000061,F,1960,TX,P03,2024-01-01,,1
M000062,M,2013,AZ,P02,2024-01-01,,0
M000063,M,1943,FL,P03,2024-01-01,2024-07-27,0
M000064,F,1951,MN,P04,2024-01-01,,1
M000065,M,1957,FL,P03,2024-01-01,,1
M000066,F,1946,CA,P03,2025-02-11,,0
M000067,M,1940,CA,P03,2024-01-01,,1
M000068,F,2016,CA,P02,2024-09-28,,0
M000069,M,2003,MN,P01,2024-01-01,,0
M000070,M,2005,FL,P02,2024-01-01,,0
M000071,M,1972,NY,P01,2024-01-01,,0
M000072,M,1969,FL,P02,2024-01-01,,0
M000073,M,1995,TX,P05,2024-01-01,,0
M000074,F,1993,FL,P01,2024-01-01,2025-04-01,0
M000075,F,2006,NY,P01,2024-01-01,,0
M000076,M,1991,NY,P01,2024-01-01,,0
M000077,F,1980,FL,P01,2024-01-01,,0
M000078,F,1958,MN,P03,2024-01-01,2024-04-04,1
M000079,F,1955,FL,P03,2024-01-01,,0
M000080,F,1940,GA,P04,2024-01-01,,1
M000081,F,1946,TX,P03,2024-01-01,,0
M000082,M,2021,OH,P02,2024-07-13,,0
M000083,M,1960,FL,P04,2024-01-01,,1
M000084,F,1973,NY,P01,2024-07-12,,0
M000085,M,1990,GA,P01,2024-07-03,,1
M000086,F,1966,OH,P01,2024-01-01,,0
M000087,F,1938,FL,P04,2024-01-01,,0
M000088,M,2022,OH,P02,2024-01-01,,1
M000089,F,1984,CA,P01,2024-01-01,,1
M000090,F,2018,TX,P02,2024-01-01,,0
M000091,M,2020,OH,P01,2024-01-01,,0
M000092,F,1955,MN,P03,2024-02-03,,0
M000093,F,1997,TX,P02,2024-01-01,,0
M000094,F,1986,OH,P02,2024-01-01,,1
M000095,M,1977,GA,P02,2024-04-14,,0
M000096,M,1936,NY,P03,2024-01-01,,1
M000097,M,1986,CA,P02,2024-01-01,,1
M000098,M,1990,FL,P01,2024-01-01,,0
M000099,M,1988,TX,P01,2024-01-01,,0
M000100,M,1980,CA,P05,2024-05-15,,0
M000101,F,2001,NY,P05,2024-01-01,,0
M000102,M,1951,FL,P03,2024-01-01,,0
M000103,M,1987,CA,P01,2024-01-01,,0
M000104,F,2016,NY,P05,2024-01-01,,0
M000105,M,1937,FL,P04,2024-01-01,,1
M000106,F,1938,OH,P04,2024-01-01,2024-10-29,1
M000107,F,2013,NY,P02,2024-01-01,,0
M000108,F,1997,NY,P01,2024-01-01,,0
M000109,M,1965,CA,P01,2024-01-24,,0
M000110,M,1966,FL,P05,2025-06-14,,0
M000111,F,1976,NY,P02,2024-05-25,,0
M000112,M,1989,GA,P01,2024-01-01,,0
M000113,M,2012,OH,P02,2024-07-07,2025-10-29,0
M000114,M,1946,OH,P03,2024-02-09,,0
M000115,M,1976,FL,P01,2024-01-01,,0
M000116,M,1966,GA,P05,2024-01-01,2024-07-26,0
M000117,F,1938,FL,P04,2024-01-01,2024-12-24,1
M000118,F,1943,FL,P04,2024-09-07,,1
M000119,M,1994,TX,P02,2024-05-28,,0
M000120,M,1938,GA,P03,2025-05-10,,0
M000121,F,1958,NY,P03,2024-01-01,,0
M000122,F,1944,GA,P03,2024-01-10,,1
M000123,M,2023,NY,P01,2024-01-01,2025-01-25,0
M000124,M,1978,AZ,P02,2024-01-01,,0
M000125,M,2011,NY,P01,2024-01-01,2024-08-18,0
M000126,F,1980,NY,P02,2024-05-20,,0
M000127,M,2001,TX,P02,2024-05-13,,0
M000128,F,1974,OH,P01,2024-01-01,,0
M000129,F,2018,NY,P01,2024-01-01,,0
M000130,M,1937,FL,P03,2024-01-01,,1
M000131,M,2012,TX,P01,2024-01-01,,0
M000132,F,1997,FL,P05,2025-02-07,,0
M000133,F,1960,TX,P03,2024-01-01,,1
M000134,M,2015,NY,P02,2024-01-01,,0
M000135,F,1949,NY,P03,2024-01-01,,0
M000136,M,1963,AZ,P01,2024-04-19,,0
M000137,F,2023,CA,P05,2024-11-10,,0
M000138,M,2020,OH,P02,2024-01-01,,0
M000139,F,1954,OH,P04,2024-01-01,,0
M000140,F,1983,OH,P01,2025-02-02,,0
M000141,F,1966,FL,P02,2024-01-01,2024-12-23,1
M000142,M,1980,CA,P02,2024-01-01,,0
M000143,M,1979,TX,P05,2024-01-01,,0
M000144,M,1947,OH,P03,2024-08-16,2025-05-25,1
M000145,M,1992,FL,P02,2025-06-06,,0
M000146,F,2002,NY,P01,2024-01-01,,0
M000147,F,1971,AZ,P02,2024-01-01,,0
M000148,M,2023,OH,P02,2024-01-01,,0
M000149,M,2024,FL,P02,2024-01-01,,0
M000150,M,1989,CA,P01,2024-01-01,,1
M000151,M,1962,NY,P05,2024-01-01,,0
M000152,F,1961,AZ,P05,2024-01-01,,1
M000153,M,1987,GA,P01,2024-01-01,,0
M000154,F,1960,FL,P03,2024-01-01,2024-10-11,0
M000155,M,2008,AZ,P01,2024-01-01,,0
M000156,M,1954,TX,P03,2024-04-30,,1
M000157,M,2014,FL,P01,2024-01-01,,0
M000158,F,1936,TX,P03,2024-09-17,,1
M000159,F,1945,FL,P04,2025-06-08,,0
M000160,M,1936,CA,P04,2024-10-07,,1
M000161,M,1993,FL,P01,2024-01-01,2024-05-31,0
M000162,F,1967,TX,P05,2024-01-01,,1
M000163,F,2008,TX,P01,2024-01-01,,0
M000164,M,1969,AZ,P01,2024-01-01,,1
M000165,M,1953,OH,P03,2024-01-01,,0
M000166,F,2004,OH,P02,2024-01-01,2024-10-19,0
M000167,F,2025,GA,P05,2024-01-01,,0
M000168,F,1946,OH,P04,2024-02-06,,0
M000169,M,1970,TX,P02,2024-01-01,,0
M000170,M,1968,AZ,P05,2024-07-05,2025-02-13,0
M000171,M,2015,CA,P01,2024-08-23,,0
M000172,M,1976,CA,P02,2024-01-01,,0
M000173,F,2016,AZ,P01,2024-01-01,,1
M000174,M,1985,FL,P05,2024-01-01,,0
M000175,F,1980,FL,P01,2024-01-24,2024-09-09,0
M000176,F,2016,AZ,P01,2025-02-18,2025-08-27,0
M000177,M,2018,CA,P02,2024-01-01,,1
M000178,M,2021,CA,P05,2024-01-01,,0
M000179,M,1979,MN,P05,2024-01-01,,0
M000180,M,1958,AZ,P04,2024-03-18,,0
M000181,M,2018,AZ,P05,2025-02-25,,0
M000182,F,1993,FL,P05,2024-05-04,,0
M000183,M,1974,GA,P02,2024-01-01,,0
M000184,F,2010,OH,P02,2024-01-01,,0
M000185,M,1958,OH,P04,2024-01-01,,0
M000186,F,1954,TX,P03,2024-01-01,,0
M000187,F,2009,NY,P02,2024-01-01,,0
M000188,F,2000,FL,P01,2024-10-07,,1
M000189,M,1949,AZ,P04,2024-04-13,,0
M000190,M,1993,NY,P01,2024-01-01,,0
M000191,F,2012,NY,P05,2024-01-01,,1
M000192,M,2000,FL,P01,2024-01-01,,0
M000193,M,1985,CA,P01,2025-01-27,,0
M000194,F,2000,CA,P05,2025-04-24,,0
M000195,M,1983,GA,P01,2024-01-01,,0
M000196,F,2018,NY,P01,2024-01-01,2024-10-29,1
M000197,M,1952,TX,P03,2024-01-01,,0
M000198,F,1969,CA,P05,2024-01-01,,1
M000199,F,1995,FL,P01,2024-01-01,,1
M000200,M,1986,NY,P02,2024-01-01,,0
M000201,M,1941,CA,P04,2024-01-01,,0
M000202,M,2016,TX,P05,2024-01-01,2024-04-03,0
M000203,M,1962,FL,P02,2024-01-01,,0
M000204,M,1998,OH,P01,2024-06-26,2024-10-17,0
M000205,M,1968,NY,P01,2024-01-01,,0
M000206,M,1998,TX,P01,2024-01-01,,0
M000207,F,1999,NY,P01,2025-06-22,,1
M000208,M,1942,CA,P03,2024-01-01,,0
M000209,M,2013,TX,P01,2024-01-01,,0
M000210,F,1986,TX,P02,2024-01-01,,0
M000211,M,1948,FL,P03,2024-06-08,,1
M000212,F,1960,GA,P03,2024-01-01,2024-06-24,0
M000213,F,2021,TX,P01,2024-01-01,,1
M000214,M,1954,MN,P04,2024-01-01,,1
M000215,F,1937,NY,P04,2024-05-16,,1
M000216,M,1940,GA,P04,2024-01-01,,0
M000217,F,2007,MN,P01,2024-01-01,,0
M000218,M,2006,FL,P01,2024-01-01,,0
M000219,M,2025,NY,P05,2024-01-01,,0
M000220,M,2024,FL,P02,2024-01-01,,0
M000221,M,1974,TX,P02,2024-01-01,,1
M000222,M,1996,GA,P02,2024-01-01,,0
M000223,M,1944,TX,P03,2024-01-01,,1
M000224,F,1998,AZ,P05,2024-01-09,,0
M000225,F,1980,GA,P01,2024-01-01,2024-11-19,0
M000226,M,1978,NY,P05,2024-01-01,,0
M000227,M,2007,NY,P01,2024-05-30,,0
M000228,M,1942,GA,P03,2024-03-04,,0
M000229,M,1937,TX,P03,2024-01-01,,0
M000230,F,1984,OH,P01,2024-02-11,,0
M000231,F,1962,TX,P01,2024-01-01,,0
M000232,M,2006,TX,P02,2025-02-28,,0
M000233,M,2018,FL,P05,2024-01-01,,1
M000234,F,1946,FL,P03,2024-01-01,,0
M000235,F,2004,TX,P05,2025-05-28,,0
M000236,M,1952,OH,P04,2024-01-01,,1
M000237,M,1979,NY,P02,2025-03-23,,0
M000238,F,1951,AZ,P04,2024-01-01,,0
M000239,F,1987,GA,P01,2024-01-01,,0
M000240,F,2003,GA,P01,2025-03-19,,0
M000241,M,1986,AZ,P05,2024-01-01,,0
M000242,M,1951,GA,P04,2024-04-08,2024-10-20,1
M000243,M,1991,TX,P01,2024-03-23,,0
M000244,M,1979,TX,P02,2024-01-01,,0
M000245,M,1937,CA,P03,2024-01-01,,0
M000246,F,2013,FL,P05,2024-01-01,,1
M000247,M,1938,AZ,P03,2024-01-01,,0
M000248,F,1964,CA,P02,2024-01-01,,0
M000249,M,1997,AZ,P02,2024-01-01,,0
M000250,M,1961,CA,P02,2025-03-23,,0
M000251,M,1959,AZ,P03,2024-01-01,,1
M000252,M,1972,TX,P05,2024-06-03,,0
M000253,F,1961,CA,P02,2024-01-01,,0
M000254,M,2006,AZ,P01,2024-01-01,,0
M000255,F,2016,CA,P01,2024-01-01,,0
M000256,F,1943,OH,P04,2024-01-01,,1
M000257,F,1955,FL,P04,2024-01-01,,0
M000258,M,2020,GA,P01,2024-01-01,,1
M000259,F,1984,NY,P01,2024-05-12,,0
M000260,M,1949,GA,P03,2024-04-20,,1
M000261,F,2023,NY,P01,2024-01-01,,0
M000262,F,1992,NY,P05,2025-04-24,,0
M000263,M,2020,CA,P02,2025-03-10,,0
M000264,F,2014,NY,P01,2024-01-01,,1
M000265,F,1994,OH,P05,2024-05-15,2024-10-12,0
M000266,F,2004,TX,P01,2024-01-01,,0
M000267,F,2020,GA,P01,2024-01-01,2024-09-19,0
M000268,F,1973,FL,P01,2024-01-01,2024-10-02,0
M000269,F,2012,TX,P01,2024-05-14,,0
M000270,M,1969,NY,P01,2025-03-22,,0
M000271,F,2014,NY,P01,2025-04-19,,0
M000272,F,1992,OH,P01,2024-08-17,,0
M000273,M,1978,MN,P01,2024-01-01,,0
M000274,M,1947,CA,P03,2024-01-01,,0
M000275,F,1958,MN,P03,2024-01-01,,0
M000276,M,1977,NY,P02,2024-01-01,,0
M000277,M,2025,FL,P02,2024-01-01,,0
M000278,M,1972,OH,P02,2024-05-18,,0
M000279,M,1981,TX,P05,2024-01-01,,0
M000280,M,1976,MN,P05,2024-01-01,,0
M000281,M,1998,CA,P01,2025-06-17,,1
M000282,M,2001,TX,P01,2025-02-10,2025-09-20,0
M000283,M,1988,OH,P01,2024-01-01,,0
M000284,F,1984,TX,P01,2024-01-01,,0
M000285,M,1952,TX,P03,2025-01-06,,0
M000286,F,1970,TX,P02,2024-01-01,,0
M000287,M,2022,AZ,P01,2024-01-01,,0
M000288,M,2016,TX,P02,2024-01-01,,1
M000289,F,1964,NY,P02,2024-01-01,,0
M000290,F,2000,CA,P01,2024-01-01,,1
M000291,F,1988,AZ,P05,2024-01-01,2024-04-20,0
M000292,F,2022,AZ,P01,2024-01-01,2024-12-10,0
M000293,F,2019,AZ,P05,2024-01-01,,0
M000294,F,1999,CA,P01,2024-01-01,,0
M000295,F,1979,CA,P05,2024-01-01,,0
M000296,F,1975,GA,P05,2024-01-01,,1
M000297,M,1967,TX,P05,2024-01-01,,0
M000298,F,1940,TX,P04,2024-05-08,,0
M000299,F,1938,AZ,P04,2024-01-01,,1
M000300,M,1958,TX,P03,2024-01-01,,0
M000301,M,1946,CA,P04,2024-01-01,,0
M000302,M,2023,TX,P01,2024-07-03,2024-12-23,0
M000303,F,1996,TX,P02,2024-01-01,,0
M000304,M,1967,MN,P02,2024-01-01,2024-10-15,0
M000305,M,2015,TX,P05,2025-01-10,,0
M000306,F,1972,CA,P02,2025-06-06,,0
M000307,M,1996,FL,P02,2024-01-01,,0
M000308,M,1938,CA,P03,2024-01-01,,0
M000309,F,1984,GA,P01,2024-11-20,2025-12-05,1
M000310,F,1980,OH,P01,2024-06-13,,0
M000311,M,1984,NY,P02,2024-11-02,,0
M000312,M,2019,CA,P02,2024-03-10,,0
M000313,M,2006,TX,P01,2024-07-01,,0
M000314,F,1971,CA,P02,2025-02-01,,0
M000315,F,2023,AZ,P02,2024-01-01,,0
M000316,F,1979,GA,P02,2024-04-29,2024-09-07,0
M000317,F,1992,TX,P02,2025-05-06,,0
M000318,M,1954,GA,P03,2024-01-01,,0
M000319,M,2018,GA,P01,2024-01-01,,0
M000320,F,1962,GA,P05,2024-01-01,,0
M000321,F,2023,GA,P05,2025-04-20,,1
M000322,F,2024,MN,P02,2024-01-01,,0
M000323,F,2024,TX,P02,2024-01-01,2025-01-03,0
M000324,F,1985,CA,P02,2024-01-01,,0
M000325,M,1965,MN,P05,2024-01-01,,0
M000326,M,1955,NY,P03,2024-01-01,,1
M000327,M,1953,OH,P04,2024-01-01,,0
M000328,M,1979,FL,P02,2024-01-01,,1
M000329,F,1938,FL,P03,2024-01-01,,1
M000330,M,2021,MN,P01,2024-01-01,,0
M000331,M,1950,FL,P04,2024-01-01,,0
M000332,F,2020,NY,P01,2024-01-01,,0
M000333,M,1941,FL,P03,2025-04-23,,0
M000334,F,1995,MN,P05,2025-05-29,,0
M000335,M,1972,FL,P01,2025-04-15,,0
M000336,M,1936,AZ,P03,2024-01-01,,1
M000337,F,1985,FL,P01,2024-01-01,,0
M000338,F,1955,MN,P04,2024-04-20,,1
M000339,F,2004,FL,P01,2024-01-01,2024-08-31,0
M000340,F,1986,AZ,P05,2024-01-01,,0
M000341,M,2014,NY,P01,2024-01-01,,0
M000342,M,1992,TX,P05,2024-01-01,,1
M000343,M,1943,FL,P04,2024-01-01,,1
M000344,F,1943,GA,P03,2024-01-01,,0
M000345,F,1955,OH,P04,2024-01-01,2024-10-23,1
M000346,M,1946,FL,P04,2024-01-01,,1
M000347,M,2009,TX,P05,2024-01-01,2024-05-01,0
M000348,M,1989,GA,P01,2024-02-28,,0
M000349,F,1956,NY,P03,2024-08-12,,0
M000350,M,1964,OH,P01,2024-01-01,,0
M000351,F,1936,CA,P03,2024-01-01,,0
M000352,M,2004,FL,P01,2024-01-01,,0
M000353,M,1943,CA,P03,2024-01-01,,1
M000354,F,1945,TX,P03,2024-04-03,,0
M000355,M,2023,MN,P02,2024-03-08,2024-12-27,0
M000356,M,1968,FL,P02,2024-01-01,,0
M000357,F,1942,CA,P04,2024-07-04,2025-03-06,1
M000358,M,1947,FL,P04,2024-01-01,2024-06-12,1
M000359,F,1990,FL,P02,2024-01-01,,0
M000360,M,1951,OH,P03,2024-12-17,,0
M000361,F,2011,OH,P05,2024-01-01,,0
M000362,M,2006,GA,P01,2024-01-01,,1
M000363,M,2019,TX,P01,2025-03-13,,1
M000364,M,1973,AZ,P01,2024-01-01,2024-11-04,0
M000365,M,1938,MN,P03,2024-01-01,,0
M000366,M,1965,MN,P02,2024-01-01,,0
M000367,M,1955,TX,P04,2024-01-01,,1
M000368,M,1960,CA,P03,2024-01-01,,0
M000369,M,1989,MN,P02,2024-01-01,,0
M000370,F,1985,GA,P05,2024-01-01,,0
M000371,F,1958,TX,P04,2024-01-01,,0
M000372,M,2000,AZ,P01,2024-01-01,,0
M000373,F,2016,GA,P02,2024-01-10,,0
M000374,M,2025,GA,P02,2024-01-01,,0
M000375,M,1994,CA,P01,2024-01-01,,1
M000376,F,2014,NY,P01,2024-12-17,,0
M000377,M,2016,OH,P05,2024-01-01,,1
M000378,M,2016,CA,P02,2024-01-01,,0
M000379,F,2007,GA,P02,2024-01-01,,1
M000380,M,1940,FL,P04,2024-01-01,,0
M000381,F,1956,TX,P03,2024-06-23,,0
M000382,M,1983,AZ,P05,2024-01-01,,0
M000383,F,1936,FL,P04,2024-01-16,,1
M000384,F,2017,TX,P02,2024-01-01,,1
M000385,F,1988,GA,P02,2024-01-01,,0
M000386,M,2020,GA,P05,2024-01-01,,1
M000387,F,1945,GA,P04,2024-01-01,2024-12-22,1
M000388,M,2001,FL,P05,2024-01-01,,0
M000389,M,1999,NY,P01,2024-01-01,,0
M000390,F,2009,TX,P05,2024-01-01,,0
M000391,M,1957,TX,P03,2024-12-21,,1
M000392,M,2016,FL,P01,2024-12-28,,0
M000393,M,1942,CA,P03,2024-01-01,,0
M000394,M,1945,NY,P03,2025-04-24,,0
M000395,M,1981,TX,P01,2024-01-01,,0
M000396,F,2009,AZ,P02,2024-01-01,,0
M000397,F,1989,MN,P05,2024-01-01,2024-09-07,0
M000398,M,1991,TX,P01,2024-01-01,,1
M000399,M,1984,GA,P02,2024-01-01,,0
M000400,F,1976,NY,P02,2024-01-01,,0
M000401,F,1989,CA,P02,2024-09-19,,0
M000402,F,1970,CA,P05,2024-01-01,,0
M000403,M,1957,OH,P04,2024-04-15,,0
M000404,F,1977,FL,P01,2024-01-01,,0
M000405,M,2003,NY,P05,2024-01-01,,0
M000406,M,1985,FL,P05,2024-01-01,,0
M000407,M,1994,TX,P01,2024-01-01,,0
M000408,M,1967,NY,P05,2024-01-01,,0
M000409,M,2008,FL,P01,2024-10-06,,0
M000410,M,1992,OH,P05,2024-01-01,,0
M000411,M,1936,OH,P03,2024-01-01,,1
M000412,F,1951,FL,P03,2025-05-29,,0
M000413,M,2023,AZ,P01,2024-01-01,2024-12-16,0
M000414,F,1999,FL,P05,2024-09-12,,0
M000415,M,2025,OH,P01,2024-01-01,,1
M000416,M,2004,FL,P01,2024-01-01,2024-08-18,1
M000417,F,1994,TX,P01,2024-01-01,,0
M000418,M,1945,AZ,P04,2024-01-01,2025-03-06,0
M000419,F,2000,AZ,P01,2024-01-01,,0
M000420,F,2016,FL,P05,2024-01-01,,0
M000421,M,1943,FL,P03,2024-09-28,,0
M000422,F,1974,OH,P01,2024-10-29,,0
M000423,M,1996,FL,P01,2024-01-01,,0
M000424,M,2022,AZ,P01,2024-01-01,,0
M000425,M,1942,TX,P03,2025-01-14,,0
M000426,M,1944,TX,P04,2024-01-01,,1
M000427,M,1965,TX,P01,2024-01-01,,1
M000428,F,1969,FL,P05,2024-01-01,,0
M000429,F,1999,AZ,P01,2024-01-01,,1
M000430,M,1955,NY,P04,2024-01-01,,1
M000431,F,2015,TX,P05,2024-08-04,,0
M000432,F,1959,TX,P04,2024-01-01,,0
M000433,F,1942,FL,P03,2024-12-31,,0
M000434,M,1998,NY,P05,2024-07-23,,0
M000435,F,1993,NY,P01,2024-01-01,2024-07-24,0
M000436,F,2003,TX,P01,2024-10-27,,0
M000437,F,2005,GA,P01,2024-01-01,,0
M000438,M,1961,NY,P02,2024-01-03,2025-02-23,1
M000439,M,1941,MN,P04,2024-01-01,,0
M000440,F,1940,NY,P03,2024-01-01,,1
M000441,F,2000,FL,P05,2024-01-01,,0
M000442,M,1979,TX,P01,2024-01-28,,0
M000443,M,1937,AZ,P04,2024-01-01,,0
M000444,M,1992,TX,P01,2025-01-23,,0
M000445,M,2016,FL,P01,2024-01-01,,1
M000446,F,1952,NY,P04,2024-01-01,,1
M000447,M,2022,NY,P05,2024-01-01,2024-09-03,0
M000448,F,1937,NY,P03,2024-01-01,,0
M000449,F,1986,OH,P01,2024-01-01,,0
M000450,M,1954,TX,P03,2024-01-01,,0
M000451,F,1993,OH,P01,2024-01-31,,0
M000452,F,2011,AZ,P05,2024-10-30,,0
M000453,F,1940,TX,P04,2024-01-01,,1
M000454,F,2025,TX,P01,2024-01-01,,1
M000455,F,1979,MN,P01,2024-01-01,2024-11-14,0
M000456,M,1992,FL,P01,2024-08-17,,1
M000457,F,2002,CA,P05,2025-04-11,,1
M000458,F,1969,FL,P02,2024-02-17,,1
M000459,M,1950,NY,P04,2025-06-08,,1
M000460,M,1944,OH,P03,2024-01-01,,1
M000461,F,1957,GA,P03,2024-01-01,,1
M000462,M,1993,FL,P01,2024-01-14,,0
M000463,M,1980,FL,P05,2024-01-01,2024-04-28,0
M000464,F,1965,NY,P02,2024-01-01,,1
M000465,M,1945,CA,P03,2024-01-01,,1
M000466,F,1937,NY,P03,2024-09-30,,1
M000467,M,1953,NY,P03,2024-01-01,,0
M000468,F,2021,AZ,P05,2024-12-17,,0
M000469,M,2005,TX,P01,2024-01-01,,1
M000470,M,1966,TX,P02,2024-01-01,2024-04-30,1
M000471,M,1973,GA,P02,2024-01-01,,0
M000472,F,1967,NY,P02,2024-08-27,,0
M000473,F,2003,TX,P01,2024-01-01,,0
M000474,M,1981,MN,P01,2024-11-13,,0
M000475,M,1980,OH,P01,2024-01-01,,0
M000476,M,2010,CA,P02,2025-05-13,,1
M000477,F,1964,GA,P02,2024-04-19,,0
M000478,M,1944,NY,P03,2024-01-01,2024-04-03,0
M000479,M,1942,FL,P03,2024-01-10,,1
M000480,F,1976,FL,P02,2024-01-01,,0
M000481,M,1996,CA,P02,2024-10-31,,0
M000482,F,1982,CA,P01,2025-04-02,,0
M000483,M,1960,OH,P03,2024-01-01,,1
M000484,M,2011,CA,P02,2024-01-01,,1
M000485,M,2019,TX,P01,2025-05-31,,0
M000486,M,1992,OH,P02,2024-05-27,,1
M000487,F,1971,TX,P02,2024-01-01,,0
M000488,M,1972,GA,P01,2024-02-28,,1
M000489,M,1960,OH,P03,2024-01-01,,1
M000490,F,1937,NY,P03,2024-01-01,,0
M000491,F,1952,CA,P04,2024-01-01,,0
M000492,M,1956,TX,P03,2024-01-01,,1
M000493,F,1948,OH,P03,2024-01-01,2024-11-13,1
M000494,F,1992,TX,P02,2024-01-01,,0
M000495,M,1941,NY,P04,2024-01-01,2024-10-04,1
M000496,M,1980,TX,P02,2024-01-01,,0
M000497,F,1995,NY,P02,2025-01-10,,0
M000498,M,1951,TX,P03,2024-11-02,,1
M000499,F,1983,TX,P02,2024-01-19,2025-01-03,0
M000500,F,1998,CA,P02,2024-01-01,,0
M000501,M,1948,OH,P04,2024-11-08,2025-02-07,0
M000502,M,2020,FL,P05,2024-01-01,,0
M000503,M,1969,CA,P05,2024-01-01,,0
M000504,M,2017,GA,P02,2025-02-01,,1
M000505,F,1969,NY,P02,2024-01-01,2024-06-14,0
M000506,F,1942,NY,P04,2024-09-28,,0
M000507,F,1964,FL,P02,2024-01-01,,0
M000508,F,2024,TX,P05,2024-01-01,,0
M000509,F,2011,TX,P02,2024-01-01,,1
M000510,M,2022,MN,P01,2024-01-01,2024-08-16,0
M000511,F,1998,TX,P01,2024-01-01,,1
M000512,M,1967,TX,P05,2024-01-01,,1
M000513,F,1976,FL,P01,2024-01-01,,0
M000514,F,1980,GA,P01,2024-06-16,,1
M000515,M,1970,CA,P02,2024-01-01,,0
M000516,F,2025,GA,P01,2024-01-01,,0
M000517,F,1974,CA,P02,2024-01-01,,0
M000518,M,1942,GA,P04,2024-01-01,,0
M000519,M,1981,AZ,P01,2024-01-01,,0
M000520,F,1976,CA,P05,2024-01-01,,0
M000521,M,1981,MN,P05,2024-07-06,,0
M000522,F,1998,MN,P02,2024-01-01,,0
M000523,M,1986,TX,P01,2024-08-09,2025-11-20,0
M000524,F,1958,NY,P03,2024-01-01,,1
M000525,F,1985,OH,P01,2024-01-01,,0
M000526,M,1996,GA,P02,2024-01-01,,0
M000527,F,2000,OH,P05,2024-01-01,2024-08-21,0
M000528,F,2012,OH,P05,2024-01-01,,0
M000529,F,1937,FL,P04,2024-01-01,,0
M000530,F,1979,GA,P02,2024-01-01,,0
M000531,F,1946,TX,P03,2024-01-01,,0
M000532,F,1936,OH,P04,2024-01-01,,1
M000533,M,2014,FL,P02,2024-08-12,,0
M000534,F,1937,GA,P03,2024-08-07,,0
M000535,M,1980,GA,P01,2024-01-01,,0
M000536,M,2014,TX,P01,2024-01-01,,0
M000537,F,2004,GA,P02,2024-01-01,,0
M000538,F,2022,GA,P01,2024-08-20,,0
M000539,F,2022,TX,P01,2024-01-01,,0
M000540,F,2016,CA,P05,2024-01-01,,0
M000541,F,1978,TX,P05,2025-03-24,,0
M000542,M,1948,TX,P03,2024-01-01,2024-11-21,0
M000543,M,1993,GA,P05,2024-01-01,,0
M000544,M,2014,FL,P05,2024-05-08,,0
M000545,M,1966,NY,P01,2025-01-05,,1
M000546,M,2007,TX,P02,2024-01-01,,0
M000547,M,2015,TX,P02,2024-01-01,,0
M000548,F,2017,NY,P01,2024-01-01,,0
M000549,M,1938,FL,P04,2024-01-01,,0
M000550,M,1978,AZ,P02,2024-01-01,,0
M000551,M,2000,TX,P02,2024-01-01,,0
M000552,M,1997,NY,P01,2024-01-01,2024-09-16,1
M000553,M,2003,OH,P01,2025-03-21,,0
M000554,M,1964,NY,P05,2025-05-30,,0
M000555,M,1981,OH,P01,2024-08-25,,1
M000556,F,1982,FL,P01,2024-01-01,,1
M000557,M,1997,GA,P01,2024-01-01,,0
M000558,F,1991,NY,P02,2024-01-01,,0
M000559,F,1941,GA,P03,2024-01-01,,0
M000560,F,1983,TX,P02,2024-01-01,,0
M000561,M,1973,TX,P01,2024-07-03,,0
M000562,M,2023,CA,P01,2024-01-01,,0
M000563,F,1970,CA,P05,2024-01-01,,0
M000564,F,1946,TX,P03,2024-01-01,2025-03-05,1
M000565,M,1950,TX,P03,2024-09-26,,0
M000566,M,1951,TX,P03,2024-01-01,,0
M000567,M,1958,TX,P04,2024-01-01,,0
M000568,M,2008,TX,P01,2024-01-01,,0
M000569,F,1986,GA,P02,2024-03-09,2025-03-26,0
M000570,M,1985,MN,P02,2024-01-01,,0
M000571,M,2016,CA,P02,2024-01-01,,1
M000572,M,2012,TX,P05,2024-08-10,2025-05-09,0
M000573,F,2007,FL,P02,2024-08-03,,0
M000574,M,1950,GA,P04,2024-01-01,,0
M000575,F,2016,AZ,P05,2024-09-01,,0
M000576,F,1975,FL,P02,2024-01-01,,1
M000577,M,2018,TX,P05,2024-01-01,,0
M000578,M,1952,FL,P03,2024-01-01,,1
M000579,M,1982,CA,P05,2024-01-01,,0
M000580,F,2003,TX,P02,2024-01-01,,0
M000581,M,2001,OH,P02,2024-04-04,,0
M000582,F,1980,TX,P02,2024-10-22,,0
M000583,F,2020,TX,P01,2024-01-01,,0
M000584,F,1979,OH,P02,2024-02-17,,0
M000585,M,1990,GA,P05,2024-09-26,,0
M000586,M,1949,TX,P03,2024-01-01,,1
M000587,F,1967,GA,P01,2025-05-07,,0
M000588,F,1985,FL,P02,2024-06-15,,0
M000589,F,2015,FL,P01,2025-06-23,,0
M000590,F,1983,TX,P01,2024-01-01,,0
M000591,M,1999,FL,P05,2025-06-04,,0
M000592,F,1976,TX,P02,2024-10-26,,0
M000593,F,1994,OH,P02,2024-01-01,,0
M000594,M,1944,AZ,P03,2024-01-01,,0
M000595,M,1965,TX,P01,2024-01-01,,0
M000596,M,2023,FL,P01,2024-01-01,,0
M000597,F,1937,FL,P04,2024-01-01,,1
M000598,M,1960,CA,P03,2024-01-01,,1
M000599,F,1996,GA,P05,2024-03-02,,1
M000600,F,1952,TX,P03,2025-02-05,,1
M000601,M,1991,NY,P02,2024-01-01,2024-08-02,0
M000602,M,1943,NY,P04,2024-01-01,,0
M000603,M,1985,GA,P05,2024-01-01,,0
M000604,F,1951,FL,P04,2024-01-01,2024-07-22,1
M000605,M,1961,TX,P05,2024-01-01,,0
M000606,F,1955,TX,P04,2024-01-01,,0
M000607,M,1986,NY,P05,2024-11-02,,0
M000608,M,1996,NY,P01,2024-01-01,,0
M000609,F,1941,NY,P04,2024-01-01,,0
M000610,M,1982,TX,P02,2024-02-18,,0
M000611,M,1940,TX,P03,2024-01-01,2025-04-18,0
M000612,M,1958,NY,P03,2024-01-01,,0
M000613,M,1961,TX,P05,2024-01-01,,0
M000614,F,2005,AZ,P05,2024-01-01,,1
M000615,F,2025,GA,P01,2024-01-01,,0
M000616,M,1944,TX,P04,2025-05-01,,0
M000617,F,1945,NY,P04,2024-01-01,,0
M000618,F,1983,TX,P02,2025-04-27,2025-09-15,1
M000619,M,1984,MN,P01,2024-01-01,,1
M000620,M,2003,NY,P01,2024-11-08,,0
M000621,F,1940,FL,P04,2024-01-01,,0
M000622,M,1966,OH,P02,2024-01-01,,1
M000623,M,1970,TX,P05,2024-01-01,,0
M000624,F,1993,FL,P02,2024-01-01,2024-06-08,0
M000625,M,2005,FL,P05,2024-01-01,,1
M000626,F,2013,FL,P02,2024-01-01,,1
M000627,F,1956,TX,P04,2024-01-01,,1
M000628,F,1994,MN,P01,2024-01-01,,0
M000629,M,1936,CA,P03,2024-01-01,,1
M000630,F,1955,AZ,P04,2024-01-01,,1
M000631,F,1973,TX,P05,2024-01-01,,0
M000632,M,2002,GA,P05,2024-01-01,,0
M000633,M,2015,OH,P01,2024-01-01,,0
M000634,M,1971,OH,P02,2024-01-01,,0
M000635,M,1976,GA,P01,2024-01-01,,0
M000636,F,1991,CA,P01,2024-01-01,,0
M000637,F,1942,NY,P03,2025-06-08,,1
M000638,M,1953,AZ,P04,2025-01-19,,1
M000639,M,1941,TX,P04,2024-01-01,2024-07-16,0
M000640,M,1970,TX,P05,2024-01-01,2025-03-07,0
M000641,M,1936,MN,P04,2024-01-01,,1
M000642,M,1960,AZ,P04,2024-01-01,,1
M000643,M,2001,CA,P01,2024-01-01,,0
M000644,F,1999,GA,P01,2024-01-01,,0
M000645,M,1937,AZ,P03,2024-01-01,2025-01-07,1
M000646,F,2019,CA,P05,2024-01-01,,0
M000647,F,1976,TX,P01,2024-06-03,,0
M000648,M,2002,CA,P02,2024-01-01,,0
M000649,M,1948,FL,P03,2025-05-31,,1
M000650,M,2000,TX,P01,2024-06-18,,0
M000651,M,1961,MN,P02,2024-01-01,,0
M000652,F,2014,OH,P05,2025-01-21,,0
M000653,M,1939,GA,P03,2025-02-16,,1
M000654,F,1987,NY,P01,2024-01-01,2025-05-01,0
M000655,F,1973,FL,P05,2024-01-01,,0
M000656,F,2016,NY,P02,2025-04-03,,0
M000657,F,1993,OH,P05,2024-01-01,,0
M000658,F,2011,NY,P01,2024-01-01,,0
M000659,F,1941,TX,P03,2024-01-01,,0
M000660,F,1989,GA,P02,2024-01-01,,0
M000661,M,1983,FL,P01,2024-01-01,,1
M000662,M,2008,CA,P05,2024-02-13,,0
M000663,F,2007,NY,P01,2024-01-01,,0
M000664,M,1984,MN,P01,2024-01-01,,0
M000665,F,2003,FL,P02,2024-01-01,,0
M000666,M,1958,TX,P04,2024-01-01,,1
M000667,F,1943,MN,P04,2024-08-04,,1
M000668,F,2006,MN,P05,2024-01-01,,0
M000669,M,2019,TX,P01,2024-01-01,,1
M000670,F,2020,GA,P02,2024-01-01,,0
M000671,M,2008,AZ,P01,2024-07-07,2025-04-24,0
M000672,F,1943,TX,P03,2025-03-04,,0
M000673,M,2016,GA,P05,2024-01-01,,0
M000674,F,1940,TX,P04,2024-01-01,,0
M000675,F,1951,GA,P03,2024-01-01,,1
M000676,M,1992,TX,P02,2024-11-07,,0
M000677,F,1979,OH,P05,2025-01-12,,1
M000678,F,1978,GA,P02,2024-01-01,2024-04-16,1
M000679,F,2019,TX,P01,2025-05-17,,0
M000680,F,1985,GA,P02,2024-01-01,,0
M000681,M,1970,TX,P01,2024-01-01,,0
M000682,M,1996,TX,P01,2024-01-01,,0
M000683,F,1969,AZ,P01,2024-01-01,2025-03-25,1
M000684,M,1964,AZ,P02,2024-01-01,,0
M000685,F,1952,OH,P03,2024-01-01,,1
M000686,F,2019,AZ,P02,2025-05-11,,0
M000687,M,1985,TX,P02,2024-01-28,,0
M000688,M,1968,CA,P05,2024-01-01,,1
M000689,F,1947,AZ,P04,2024-01-01,2024-04-29,0
M000690,F,1973,AZ,P02,2024-03-25,,0
M000691,M,1991,FL,P01,2024-01-01,,0
M000692,F,1998,FL,P05,2024-08-20,,0
M000693,M,1964,OH,P01,2024-01-01,2025-05-03,0
M000694,F,2016,TX,P02,2024-01-01,2024-12-10,0
M000695,F,1996,GA,P05,2025-02-01,,0
M000696,M,2015,FL,P02,2024-01-01,,1
M000697,M,1956,CA,P04,2024-01-01,,1
M000698,M,1960,TX,P03,2024-01-01,,0
M000699,M,1960,OH,P03,2025-04-11,,0
M000700,M,2010,MN,P01,2024-06-29,2025-02-20,0
M000701,M,1978,NY,P01,2024-01-01,,0
M000702,M,1969,MN,P02,2024-01-01,,0
M000703,F,1971,CA,P01,2024-01-01,,0
M000704,F,1993,FL,P05,2024-01-01,,0
M000705,M,2014,GA,P01,2024-01-01,,0
M000706,M,1940,TX,P03,2024-01-01,,0
M000707,F,1942,FL,P04,2024-01-01,,0
M000708,F,1956,OH,P04,2024-01-01,,0
M000709,F,2000,TX,P02,2024-01-01,,0
M000710,M,2012,AZ,P02,2024-01-01,,0
M000711,M,1983,CA,P05,2024-01-01,,0
M000712,F,1941,FL,P03,2024-01-01,2024-08-13,1
M000713,M,1958,FL,P04,2024-01-01,,1
M000714,F,1964,FL,P05,2024-01-01,,0
M000715,F,1940,OH,P04,2024-01-01,,1
M000716,M,2010,TX,P01,2024-01-01,,0
M000717,M,1950,AZ,P03,2024-01-01,,1
M000718,M,1966,TX,P01,2024-01-01,,0
M000719,F,1960,FL,P03,2024-01-01,,0
M000720,M,1961,NY,P05,2024-01-01,,1
M000721,M,2012,FL,P02,2024-01-01,,0
M000722,M,2022,CA,P02,2024-01-01,2024-08-27,0
M000723,M,2006,NY,P01,2024-01-01,,0
M000724,F,1991,FL,P05,2024-01-01,,0
M000725,M,2025,NY,P01,2024-08-03,2024-11-21,0
M000726,F,2014,MN,P01,2024-01-01,,0
M000727,M,1974,TX,P01,2024-05-21,2025-02-19,0
M000728,F,1985,NY,P01,2024-01-01,,0
M000729,M,1986,FL,P02,2024-09-02,,0
M000730,F,1961,AZ,P02,2024-09-01,,0
M000731,M,2011,TX,P02,2024-01-01,2024-04-25,1
M000732,F,1967,TX,P01,2024-01-01,,0
M000733,M,2002,CA,P01,2024-01-01,2024-11-30,0
M000734,F,1965,OH,P02,2024-01-01,,0
M000735,M,1975,TX,P01,2024-01-01,,0
M000736,M,1942,GA,P03,2025-01-16,,1
M000737,M,2012,FL,P01,2024-07-13,,0
M000738,F,1990,AZ,P02,2025-05-31,,0
M000739,M,1993,AZ,P02,2024-07-12,,0
M000740,F,2010,GA,P02,2024-12-08,2025-05-31,1
M000741,M,2009,OH,P01,2024-01-09,,0
M000742,F,1967,NY,P01,2024-01-01,2024-12-08,0
M000743,M,1977,GA,P05,2024-07-09,2025-03-09,0
M000744,M,2013,TX,P01,2024-01-01,,1
M000745,F,1978,GA,P02,2024-01-01,,0
M000746,F,2015,NY,P02,2024-01-01,2024-07-23,0
M000747,M,1997,GA,P02,2024-01-01,,0
M000748,M,2025,CA,P02,2024-03-08,,0
M000749,F,1954,NY,P04,2024-01-01,,0
M000750,M,2014,FL,P05,2024-01-01,,0
M000751,F,2010,CA,P01,2024-01-01,,1
M000752,M,2013,FL,P02,2024-01-01,,0
M000753,M,2014,OH,P01,2024-01-01,,0
M000754,M,2020,FL,P02,2024-01-01,,0
M000755,M,1956,MN,P03,2024-01-01,,0
M000756,M,1969,GA,P01,2024-01-01,,1
M000757,M,2006,AZ,P02,2024-01-01,,0
M000758,F,1975,AZ,P05,2024-01-01,2024-05-29,0
M000759,M,1990,CA,P01,2024-01-01,,0
M000760,M,2009,AZ,P02,2024-08-09,,0
M000761,M,1944,CA,P04,2025-01-25,,0
M000762,F,1975,TX,P01,2024-10-05,,0
M000763,F,2024,TX,P01,2024-01-01,,0
M000764,F,1998,TX,P01,2024-01-01,,0
M000765,F,2023,TX,P05,2025-06-11,,0
M000766,M,1975,FL,P01,2024-10-27,2025-07-01,0
M000767,M,1961,MN,P01,2024-01-01,2024-04-28,0
M000768,M,2005,FL,P01,2024-01-01,,0
M000769,F,2005,AZ,P01,2024-01-01,,0
M000770,F,1956,GA,P03,2024-01-01,,1
M000771,F,1993,AZ,P01,2024-06-04,,0
M000772,F,1951,GA,P03,2024-04-28,,1
M000773,M,1957,MN,P03,2024-10-25,,0
M000774,F,2013,TX,P05,2024-01-01,,0
M000775,M,2009,CA,P01,2024-01-01,,0
M000776,M,1987,FL,P05,2024-12-22,,0
M000777,M,1946,FL,P03,2024-01-01,,1
M000778,M,1977,CA,P01,2024-01-01,,0
M000779,F,1946,CA,P04,2024-01-01,2024-07-11,1
M000780,F,1977,MN,P05,2024-01-01,,0
M000781,M,1987,FL,P01,2024-01-01,,0
M000782,F,2002,AZ,P05,2024-06-02,,0
M000783,M,2003,TX,P02,2024-01-01,,0
M000784,F,1950,OH,P03,2024-01-01,,0
M000785,M,2006,FL,P05,2024-01-01,,0
M000786,M,1976,MN,P02,2024-01-01,,0
M000787,F,1959,NY,P04,2024-01-01,2024-10-07,1
M000788,M,2022,TX,P02,2024-01-01,,0
M000789,M,1950,AZ,P04,2024-06-10,,0
M000790,M,1959,FL,P03,2024-01-01,2024-12-15,0
M000791,F,2013,AZ,P01,2024-01-01,,0
M000792,M,2001,TX,P02,2024-01-01,,0
M000793,F,2025,FL,P02,2024-01-01,,0
M000794,F,2011,FL,P01,2024-01-01,,0
M000795,M,1990,OH,P01,2024-01-01,,0
M000796,F,2001,GA,P02,2024-01-01,,0
M000797,F,1967,NY,P01,2024-01-01,,0
M000798,F,2019,TX,P01,2024-01-01,,0
M000799,M,1938,CA,P04,2024-01-01,,1
M000800,M,1941,CA,P04,2024-01-01,,1
M000801,M,1950,FL,P04,2024-01-01,,0
M000802,M,1982,CA,P02,2024-01-01,,0
M000803,F,2022,CA,P05,2024-01-01,2024-10-05,0
M000804,M,1956,NY,P03,2024-01-12,,0
M000805,F,2004,NY,P01,2024-01-01,2024-05-11,0
M000806,F,1983,FL,P01,2024-03-14,,0
M000807,M,1947,AZ,P03,2024-01-01,2025-01-20,0
M000808,M,2000,GA,P01,2024-01-01,,0
M000809,F,1980,GA,P02,2024-01-01,,0
M000810,F,1965,GA,P05,2024-01-01,,1
M000811,F,1968,CA,P01,2024-04-18,,0
M000812,F,1978,MN,P01,2024-02-04,2024-10-24,1
M000813,F,1990,FL,P05,2024-07-20,2025-07-01,1
M000814,F,1956,CA,P03,2024-01-01,,0
M000815,F,1963,GA,P01,2024-06-12,,0
M000816,F,2012,AZ,P05,2024-01-01,,0
M000817,F,1963,CA,P05,2024-06-06,,0
M000818,F,1983,GA,P02,2024-01-01,,0
M000819,M,1943,NY,P03,2024-05-10,,1
M000820,F,1987,CA,P01,2024-01-01,,1
M000821,M,1973,AZ,P01,2024-01-01,,0
M000822,M,1943,CA,P03,2024-12-09,,1
M000823,F,2019,GA,P01,2024-01-01,,0
M000824,M,1948,GA,P03,2024-07-27,,0
M000825,F,1978,TX,P05,2024-01-01,,0
M000826,M,1966,AZ,P01,2024-01-01,,0
M000827,F,1945,TX,P03,2024-10-04,,1
M000828,M,1964,GA,P01,2024-01-01,,0
M000829,M,2023,GA,P05,2024-12-22,,1
M000830,M,1985,OH,P01,2024-01-01,,0
M000831,F,1953,AZ,P03,2024-01-01,,0
M000832,M,1940,NY,P03,2024-01-01,,0
M000833,M,1990,FL,P02,2024-01-01,2025-05-06,0
M000834,F,1937,NY,P03,2025-06-01,2025-09-18,0
M000835,F,1937,OH,P04,2024-11-01,,1
M000836,M,1939,FL,P03,2024-01-01,,1
M000837,M,1956,FL,P04,2024-01-01,,0
M000838,F,1984,CA,P05,2024-01-01,2025-05-10,0
M000839,M,1988,AZ,P02,2024-01-01,,0
M000840,F,2014,NY,P02,2025-03-12,,0
M000841,M,1966,AZ,P01,2024-01-01,,0
M000842,M,1953,CA,P04,2024-01-01,,0
M000843,M,1998,MN,P02,2024-01-01,2025-04-25,0
M000844,F,2006,GA,P02,2024-01-01,,0
M000845,M,1962,FL,P01,2024-02-10,,1
M000846,F,1994,CA,P05,2024-01-01,,0
M000847,F,2018,MN,P02,2024-01-01,,0
M000848,F,1936,MN,P03,2024-01-01,,1
M000849,M,1962,CA,P01,2024-01-01,,0
M000850,M,2010,GA,P05,2024-01-01,,0
M000851,M,1975,AZ,P01,2025-05-02,,0
M000852,M,2024,FL,P01,2024-01-01,,0
M000853,M,1967,CA,P05,2024-01-01,2024-04-11,0
M000854,F,1983,GA,P05,2024-01-01,,0
M000855,M,2011,TX,P01,2024-09-27,,0
M000856,F,1968,GA,P02,2024-01-01,,0
M000857,M,1946,FL,P04,2024-01-01,,1
M000858,M,1961,CA,P05,2025-05-11,,0
M000859,F,1987,FL,P02,2024-01-01,,0
M000860,F,1996,OH,P02,2025-03-13,,0
M000861,F,1956,FL,P04,2024-12-08,,0
M000862,F,1960,CA,P04,2024-09-25,,0
M000863,M,1955,FL,P04,2024-01-01,,0
M000864,F,1960,TX,P03,2024-01-01,,0
M000865,F,2019,GA,P01,2025-01-01,,0
M000866,M,2018,FL,P05,2024-01-01,,0
M000867,F,2017,FL,P05,2024-01-01,,0
M000868,F,1944,TX,P04,2024-01-01,,1
M000869,F,1962,CA,P01,2024-01-01,2024-07-10,0
M000870,F,1979,FL,P01,2024-01-01,2024-07-01,0
M000871,F,1944,NY,P04,2024-07-07,,0
M000872,F,1993,OH,P01,2024-01-01,,0
M000873,F,1964,TX,P05,2024-01-01,,0
M000874,M,2019,FL,P02,2024-09-22,,0
M000875,F,1951,CA,P04,2024-01-01,2024-11-25,0
M000876,F,2024,AZ,P05,2024-01-01,,1
M000877,M,1973,TX,P02,2024-01-01,,0
M000878,M,1990,OH,P02,2024-01-01,,0
M000879,M,1956,MN,P03,2024-01-01,,1
M000880,M,1956,TX,P03,2024-01-01,,0
M000881,F,1974,FL,P02,2024-01-01,,0
M000882,F,1941,GA,P03,2024-01-01,,1
M000883,M,2004,MN,P05,2024-01-01,,0
M000884,F,1984,FL,P02,2024-01-01,,0
M000885,M,1996,NY,P01,2024-01-01,,0
M000886,F,1997,OH,P02,2024-01-01,,0
M000887,F,1974,CA,P02,2024-01-01,,0
M000888,M,2011,OH,P01,2024-10-15,2025-10-23,0
M000889,M,2018,NY,P01,2024-01-01,,0
M000890,M,1939,MN,P03,2025-01-23,,1
M000891,F,1972,NY,P02,2024-01-01,,1
M000892,M,2015,CA,P05,2024-01-01,,0
M000893,F,2003,OH,P01,2024-01-01,2024-10-17,0
M000894,M,1982,TX,P01,2024-01-01,,0
M000895,M,1945,NY,P04,2024-01-01,,0
M000896,M,1986,TX,P05,2025-05-10,,0
M000897,F,1991,NY,P01,2025-05-11,,0
M000898,M,1973,NY,P01,2025-03-11,2025-11-01,0
M000899,M,1969,GA,P01,2025-02-02,,0
M000900,F,1996,GA,P02,2024-01-01,,0
M000901,M,1997,CA,P02,2024-01-01,,0
M000902,M,2007,OH,P01,2024-01-01,,1
M000903,M,1997,FL,P01,2024-01-01,,0
M000904,M,1971,CA,P02,2025-03-25,,0
M000905,M,1993,TX,P05,2024-01-01,,0
M000906,M,1957,TX,P03,2024-01-01,,0
M000907,M,1998,GA,P02,2024-01-01,,0
M000908,M,1980,MN,P01,2024-04-04,,0
M000909,M,1979,CA,P01,2024-01-01,,0
M000910,M,1991,TX,P01,2025-01-27,2025-05-14,0
M000911,M,1948,TX,P04,2024-01-01,2025-04-20,1
M000912,M,1969,TX,P05,2024-01-01,2025-05-10,0
M000913,F,2015,AZ,P05,2024-01-01,,0
M000914,M,2011,CA,P05,2025-03-20,2025-07-01,0
M000915,F,1963,AZ,P05,2025-03-14,2025-10-24,0
M000916,M,1999,FL,P05,2024-01-01,2025-05-07,0
M000917,F,2005,NY,P01,2024-01-01,2024-09-10,0
M000918,F,1974,OH,P01,2024-01-01,,0
M000919,M,1986,TX,P02,2024-01-01,,1
M000920,F,1947,OH,P03,2024-01-01,,1
M000921,F,2020,GA,P01,2024-01-01,2024-12-11,0
M000922,M,1973,TX,P05,2024-01-01,,0
M000923,M,1949,TX,P03,2024-04-18,,0
M000924,M,2003,CA,P02,2024-01-26,,0
M000925,F,1969,MN,P01,2024-03-22,,0
M000926,M,2017,MN,P01,2024-09-05,,0
M000927,M,1969,TX,P01,2025-06-04,,0
M000928,F,2020,GA,P05,2024-01-01,,0
M000929,M,1955,GA,P03,2024-01-01,,0
M000930,M,1944,AZ,P04,2024-01-01,2024-10-27,0
M000931,F,1985,TX,P01,2024-04-12,2025-03-27,0
M000932,F,1975,MN,P02,2024-01-01,,0
M000933,M,2003,GA,P02,2024-01-01,,1
M000934,M,1951,NY,P04,2024-01-01,,0
M000935,M,1959,TX,P04,2024-01-01,,0
M000936,M,2018,FL,P01,2024-01-01,,0
M000937,F,2007,FL,P05,2024-02-12,2025-05-07,0
M000938,M,2009,AZ,P01,2024-01-01,,1
M000939,M,1976,GA,P05,2025-03-15,,0
M000940,M,2012,MN,P01,2024-01-01,,0
M000941,F,2015,CA,P01,2024-04-09,,0
M000942,M,1978,AZ,P05,2024-01-01,2024-09-02,0
M000943,M,1991,AZ,P01,2024-01-01,2025-02-21,0
M000944,F,2011,TX,P02,2025-04-02,,0
M000945,F,1980,FL,P02,2025-05-27,,0
M000946,M,2011,GA,P01,2024-09-15,,0
M000947,F,1941,OH,P04,2024-10-12,2025-07-16,1
M000948,F,2023,FL,P05,2024-01-01,,0
M000949,F,1987,GA,P05,2024-01-01,,0
M000950,F,1987,FL,P02,2024-01-01,,0
M000951,F,2001,NY,P02,2024-05-27,,0
M000952,M,1981,MN,P01,2024-10-18,,0
M000953,M,2001,FL,P01,2024-11-26,,0
M000954,F,1983,TX,P01,2024-10-31,,0
M000955,F,2011,OH,P05,2024-01-01,2024-06-23,0
M000956,M,1989,OH,P05,2024-01-01,2024-04-30,0
M000957,M,1959,FL,P04,2024-01-01,,1
M000958,F,1963,CA,P02,2024-01-01,,0
M000959,M,2002,CA,P02,2024-10-11,2025-10-29,0
M000960,F,1995,GA,P02,2024-01-01,,0
M000961,M,1995,OH,P02,2024-10-16,,0
M000962,F,1970,FL,P02,2024-01-01,,0
M000963,M,1963,FL,P01,2024-01-01,,0
M000964,F,1984,FL,P01,2024-07-10,,0
M000965,M,1972,TX,P05,2024-01-01,,0
M000966,F,2020,TX,P02,2024-05-27,,1
M000967,F,1976,GA,P05,2024-01-01,,0
M000968,M,1973,GA,P01,2024-01-01,,0
M000969,F,1951,FL,P03,2024-01-01,,0
M000970,M,1988,AZ,P01,2024-01-01,,0
M000971,F,1967,NY,P01,2024-01-29,,0
M000972,F,1983,OH,P01,2024-06-20,,0
M000973,F,1970,AZ,P01,2025-01-20,,0
M000974,M,2014,FL,P05,2024-01-01,,0
M000975,F,1982,OH,P02,2025-04-24,,1
M000976,M,1959,FL,P03,2024-01-01,,0
M000977,F,1969,AZ,P02,2024-01-01,,0
M000978,M,1968,FL,P02,2025-06-06,,0
M000979,F,1971,NY,P02,2024-10-27,,0
M000980,M,2011,TX,P01,2024-02-15,,0
M000981,M,1994,FL,P05,2025-05-20,,0
M000982,M,1955,FL,P04,2024-01-01,,0
M000983,F,1947,GA,P04,2024-01-01,,1
M000984,F,2009,FL,P02,2024-01-01,,0
M000985,M,1985,FL,P01,2024-01-01,,0
M000986,F,1994,TX,P05,2024-01-01,,1
M000987,F,1967,FL,P02,2024-01-01,,0
M000988,F,1972,FL,P01,2024-01-01,2025-03-24,0
M000989,F,1975,NY,P02,2024-01-01,2024-07-05,0
M000990,M,1945,CA,P04,2025-01-02,,0
M000991,M,1945,MN,P03,2024-01-01,,0
M000992,F,1947,NY,P04,2024-01-01,,1
M000993,M,1960,TX,P04,2024-01-01,,0
M000994,M,1996,GA,P01,2024-01-01,,0
M000995,M,2001,TX,P05,2024-01-01,2025-01-17,0
M000996,F,2000,GA,P02,2024-01-01,,0
M000997,F,1959,CA,P03,2024-01-20,2024-04-28,1
M000998,F,2010,TX,P01,2024-08-14,,0
M000999,F,1988,MN,P05,2024-01-01,,0
M001000,F,2011,CA,P01,2024-01-01,,0
M001001,F,1966,AZ,P01,2024-01-01,,0
M001002,M,1978,CA,P02,2024-01-01,,0
M001003,F,1999,CA,P01,2024-01-01,,1
M001004,F,2020,FL,P01,2024-10-06,2025-03-02,0
M001005,F,1941,FL,P03,2024-01-01,,0
M001006,M,2010,GA,P02,2024-01-01,,0
M001007,M,1999,TX,P05,2024-02-05,,1
M001008,M,1968,CA,P02,2024-01-01,,0
M001009,F,1950,FL,P04,2024-01-01,,0
M001010,F,1988,NY,P02,2024-01-01,,0
M001011,F,1952,FL,P03,2024-01-01,,1
M001012,M,1954,FL,P03,2024-01-01,2024-11-29,1
M001013,F,1985,NY,P02,2025-05-20,,0
M001014,M,1980,OH,P05,2024-01-01,,0
M001015,M,1963,MN,P02,2024-09-18,,0
M001016,M,1993,FL,P01,2024-01-01,,0
M001017,M,1954,CA,P03,2024-04-12,,0
M001018,F,1970,FL,P05,2024-01-01,,0
M001019,M,2009,NY,P01,2024-01-01,,0
M001020,M,1981,FL,P02,2024-01-01,,0
M001021,M,1964,TX,P05,2024-01-01,,0
M001022,M,1953,NY,P04,2024-01-01,,0
M001023,F,1965,TX,P05,2024-01-01,,0
M001024,M,2012,TX,P02,2025-01-14,,0
M001025,M,1941,AZ,P03,2024-01-01,2024-11-06,1
M001026,F,2009,AZ,P02,2024-01-01,,0
M001027,M,2016,NY,P05,2024-04-10,,0
M001028,M,1980,TX,P02,2024-01-01,,0
M001029,F,1946,FL,P04,2024-01-01,,1
M001030,M,1992,FL,P02,2025-03-21,,0
M001031,F,1960,OH,P03,2024-09-21,,1
M001032,F,1946,GA,P04,2024-01-01,,0
M001033,F,1963,FL,P02,2024-01-01,,0
M001034,M,1992,CA,P05,2024-01-01,,0
M001035,F,2015,FL,P02,2024-01-01,,0
M001036,F,1956,OH,P03,2024-12-23,,1
M001037,M,1993,FL,P02,2024-05-01,,0
M001038,F,2019,OH,P02,2024-01-01,,0
M001039,F,2011,OH,P02,2024-01-01,2024-11-28,0
M001040,M,2012,TX,P01,2025-04-08,,0
M001041,F,1962,AZ,P01,2024-01-01,,0
M001042,F,1945,GA,P03,2024-03-07,,1
M001043,M,1954,NY,P03,2024-01-01,,0
M001044,F,1951,TX,P03,2024-01-01,,0
M001045,F,1993,TX,P01,2024-01-01,,0
M001046,M,1964,TX,P02,2025-03-27,,0
M001047,M,1981,CA,P01,2024-01-01,,0
M001048,M,1950,FL,P04,2025-05-12,,1
M001049,M,2007,GA,P05,2024-01-01,,0
M001050,F,1982,CA,P01,2024-01-01,,0
M001051,F,1959,CA,P03,2024-01-01,,1
M001052,F,2016,AZ,P01,2024-01-01,,0
M001053,M,2021,NY,P01,2024-01-01,2025-03-09,0
M001054,F,1979,CA,P01,2024-01-01,,1
M001055,M,1997,MN,P01,2024-01-01,,0
M001056,F,1943,CA,P03,2024-01-01,,1
M001057,F,1977,NY,P05,2024-01-01,,0
M001058,M,1983,CA,P01,2024-08-02,,0
M001059,F,1979,OH,P02,2024-01-01,2025-03-07,0
M001060,F,1954,GA,P04,2024-01-01,2024-06-19,0
M001061,M,1969,NY,P05,2024-08-18,,0
M001062,M,1944,FL,P03,2024-01-01,,1
M001063,M,1988,MN,P01,2024-02-14,2024-08-05,1
M001064,F,1960,CA,P03,2024-01-01,,0
M001065,M,2011,GA,P02,2024-06-02,,0
M001066,M,2001,TX,P05,2024-01-01,,0
M001067,F,2022,CA,P02,2024-01-01,,0
M001068,F,1937,MN,P03,2024-01-01,,0
M001069,F,1981,OH,P01,2024-01-01,,0
M001070,M,2005,TX,P02,2024-01-01,,0
M001071,M,1991,OH,P05,2025-05-30,,1
M001072,M,1955,TX,P03,2024-01-01,,0
M001073,F,2010,FL,P02,2024-01-01,,0
M001074,M,2007,FL,P05,2024-01-01,2024-11-06,0
M001075,F,2018,FL,P05,2024-01-01,,0
M001076,F,1990,TX,P02,2024-01-01,,0
M001077,M,2012,NY,P02,2024-01-01,2025-04-27,0
M001078,M,1970,OH,P02,2024-06-16,,0
M001079,F,1957,FL,P03,2024-03-03,,1
M001080,F,1982,NY,P02,2024-01-01,,0
M001081,F,2013,CA,P01,2025-03-26,,0
M001082,M,2005,MN,P05,2024-01-01,,0
M001083,F,2014,GA,P05,2024-01-01,2024-12-30,0
M001084,M,1990,MN,P05,2024-09-22,,0
M001085,F,2024,GA,P05,2024-03-02,2024-07-29,0
M001086,F,1953,OH,P04,2024-01-01,,0
M001087,F,1936,TX,P04,2024-01-01,,1
M001088,M,1936,AZ,P04,2024-01-01,2024-12-16,1
M001089,F,2004,GA,P02,2024-01-01,,0
M001090,F,1997,FL,P02,2024-01-01,,0
M001091,M,1998,FL,P01,2024-01-01,,0
M001092,M,1948,CA,P03,2025-01-03,2025-08-19,0
M001093,F,1996,FL,P01,2024-12-26,,0
M001094,F,1970,MN,P01,2024-01-01,,0
M001095,F,1938,TX,P03,2024-08-22,,0
M001096,F,2013,TX,P02,2024-06-04,,0
M001097,F,1999,TX,P01,2024-01-01,2024-05-13,1
M001098,M,1942,NY,P04,2024-01-01,,0
M001099,M,1982,OH,P05,2024-11-18,,1
M001100,M,2000,NY,P01,2025-05-05,,0
M001101,F,2002,FL,P01,2024-01-01,,0
M001102,F,1991,AZ,P02,2024-01-01,2025-01-17,1
M001103,F,1952,FL,P04,2025-01-19,,1
M001104,F,2001,TX,P05,2024-02-09,,0
M001105,M,1962,TX,P01,2024-01-01,,0
M001106,M,1941,CA,P04,2024-01-01,,0
M001107,F,1988,NY,P01,2025-06-18,,0
M001108,M,1993,NY,P02,2024-01-01,,0
M001109,M,1995,TX,P05,2024-01-01,2025-02-12,0
M001110,F,1965,AZ,P01,2024-01-01,,0
M001111,M,1965,FL,P01,2024-01-01,,0
M001112,F,1999,FL,P02,2025-03-23,,0
M001113,F,1952,OH,P03,2024-01-01,,0
M001114,M,2020,NY,P05,2024-03-06,2025-01-16,0
M001115,F,2005,MN,P05,2024-01-01,,0
M001116,F,2006,CA,P01,2024-02-25,,0
M001117,F,1980,TX,P01,2024-01-01,,0
M001118,M,1953,MN,P04,2024-01-01,2024-09-30,1
M001119,M,1995,CA,P01,2025-05-06,,0
M001120,M,2009,OH,P05,2024-05-17,,0
M001121,M,1938,TX,P03,2024-01-01,,0
M001122,M,2008,FL,P01,2024-01-01,,0
M001123,M,1993,MN,P05,2024-01-01,,0
M001124,F,2003,MN,P01,2024-05-07,,0
M001125,F,1968,MN,P02,2024-01-01,,0
M001126,F,1939,GA,P03,2024-11-20,,0
M001127,M,2014,CA,P02,2024-01-01,,0
M001128,M,1954,NY,P03,2025-03-29,,0
M001129,M,1947,TX,P03,2024-01-01,,0
M001130,F,2003,GA,P05,2024-01-01,,1
M001131,M,1991,OH,P05,2024-11-28,,0
M001132,F,2013,OH,P02,2024-01-01,,0
M001133,F,2022,CA,P01,2025-03-26,,0
M001134,F,1938,FL,P04,2024-01-01,,1
M001135,M,1975,GA,P05,2024-01-01,,1
M001136,F,2003,MN,P02,2024-12-22,,0
M001137,F,2001,CA,P02,2024-01-01,,0
M001138,F,1961,TX,P02,2024-01-01,,0
M001139,M,1961,AZ,P01,2024-01-01,,0
M001140,F,1941,OH,P03,2024-01-01,,0
M001141,F,2023,OH,P02,2024-12-09,,0
M001142,F,1945,MN,P04,2024-01-01,,1
M001143,F,1979,OH,P05,2024-01-01,,0
M001144,M,1966,NY,P05,2024-01-01,,0
M001145,F,1964,OH,P02,2024-01-01,,0
M001146,F,1985,CA,P02,2025-05-28,,0
M001147,F,1948,FL,P04,2024-07-12,,0
M001148,M,1950,FL,P04,2024-01-01,2024-06-24,1
M001149,M,1979,OH,P02,2024-01-01,,0
M001150,M,1986,FL,P05,2024-01-01,,1
M001151,M,1997,MN,P01,2024-10-08,,0
M001152,M,1999,CA,P05,2024-01-01,,0
M001153,F,1979,NY,P01,2024-01-01,2024-07-28,1
M001154,M,1998,TX,P01,2024-01-01,,0
M001155,M,2015,CA,P02,2025-01-05,,0
M001156,M,1962,CA,P01,2024-01-01,,0
M001157,F,2003,GA,P01,2024-01-01,2024-08-14,0
M001158,F,2007,TX,P01,2024-06-09,,0
M001159,M,2021,CA,P02,2024-03-17,,1
M001160,F,1957,AZ,P04,2024-01-01,,1
M001161,F,1961,OH,P01,2024-12-29,,0
M001162,M,1946,GA,P03,2024-01-01,,1
M001163,M,2010,GA,P05,2024-01-01,,0
M001164,M,2014,OH,P01,2024-01-01,,0
M001165,F,2019,CA,P01,2024-10-05,2025-10-14,0
M001166,F,1986,CA,P05,2025-01-17,,0
M001167,F,2006,TX,P05,2024-01-01,,1
M001168,M,1977,TX,P02,2024-01-01,,0
M001169,M,1947,NY,P04,2024-06-26,,1
M001170,M,1984,AZ,P01,2024-01-01,,0
M001171,M,2020,NY,P02,2024-01-01,,0
M001172,M,1951,CA,P04,2025-06-21,,1
M001173,F,1999,GA,P01,2024-01-01,,0
M001174,F,1957,CA,P04,2024-01-01,2024-04-13,1
M001175,M,1998,FL,P02,2024-01-01,,1
M001176,M,1950,TX,P04,2024-01-01,,0
M001177,F,1999,GA,P02,2024-01-01,,1
M001178,F,1993,NY,P02,2024-01-16,,0
M001179,M,1974,NY,P01,2024-10-12,,1
M001180,F,1975,OH,P01,2024-01-01,,0
M001181,M,1960,NY,P04,2024-04-12,2024-07-16,0
M001182,F,1984,FL,P01,2024-01-01,,0
M001183,F,1967,NY,P01,2024-06-27,2025-01-15,0
M001184,F,1969,TX,P01,2024-01-01,,0
M001185,M,2004,FL,P01,2024-01-01,,0
M001186,M,1975,NY,P05,2024-01-01,,0
M001187,F,1973,TX,P02,2024-01-01,,0
M001188,M,2002,GA,P05,2025-05-01,,0
M001189,M,1969,TX,P01,2024-01-01,,0
M001190,M,1959,FL,P03,2024-01-01,,1
M001191,M,1977,CA,P02,2024-01-01,,0
M001192,F,1977,OH,P02,2024-01-01,2024-08-14,0
M001193,F,1975,TX,P05,2024-01-01,,0
M001194,M,1963,GA,P05,2024-01-01,,0
M001195,M,1970,CA,P05,2024-01-01,,0
M001196,M,1998,FL,P01,2025-01-29,,0
M001197,F,1989,TX,P01,2024-01-01,,0
M001198,M,1950,AZ,P03,2024-01-01,,1
M001199,F,1970,CA,P01,2024-01-01,,1
M001200,F,1950,CA,P04,2024-08-04,,1
M001201,F,1939,TX,P03,2024-01-08,,0
M001202,F,1947,CA,P03,2024-01-01,,0
M001203,M,1963,FL,P05,2024-01-01,,1
M001204,M,1959,TX,P04,2024-01-01,,0
M001205,M,2016,GA,P01,2024-01-01,,0
M001206,M,1966,AZ,P01,2024-10-30,,0
M001207,M,1952,FL,P03,2024-06-20,,1
M001208,M,2015,FL,P02,2024-01-01,,0
M001209,F,2025,FL,P01,2025-04-19,,0
M001210,F,2012,AZ,P02,2024-03-05,,0
M001211,M,1944,NY,P04,2024-11-01,,1
M001212,F,1976,TX,P05,2024-05-24,,0
M001213,F,1936,NY,P03,2024-01-01,,0
M001214,F,1984,CA,P02,2025-03-01,,1
M001215,M,1999,TX,P01,2024-01-01,2024-07-03,0
M001216,F,1967,MN,P02,2024-01-01,,0
M001217,M,2015,TX,P02,2024-01-01,,0
M001218,M,1954,CA,P03,2024-08-17,2025-05-01,0
M001219,M,1939,OH,P03,2024-01-01,,0
M001220,M,1970,NY,P01,2024-01-01,,0
M001221,F,1990,TX,P01,2025-04-07,2025-12-16,1
M001222,M,1981,NY,P01,2024-01-01,,0
M001223,F,1966,OH,P05,2024-01-01,2024-07-21,0
M001224,F,1942,GA,P03,2024-01-01,,1
M001225,F,1963,TX,P01,2024-08-07,,0
M001226,F,2017,TX,P05,2024-01-01,,0
M001227,M,1976,MN,P02,2024-01-01,,0
M001228,M,1980,OH,P02,2024-01-01,,1
M001229,M,1972,CA,P05,2025-06-11,,0
M001230,M,2015,OH,P01,2025-06-13,,0
M001231,F,1963,TX,P01,2024-01-01,,0
M001232,M,1945,MN,P03,2024-09-13,,1
M001233,M,2018,OH,P01,2024-08-28,,0
M001234,M,1946,AZ,P03,2024-11-23,,0
M001235,F,1972,NY,P01,2024-01-01,2024-07-12,0
M001236,M,1995,GA,P01,2024-01-01,,0
M001237,M,2001,FL,P01,2024-02-23,,0
M001238,F,2008,TX,P02,2024-01-01,,0
M001239,M,1992,FL,P01,2024-01-01,,0
M001240,M,1962,AZ,P01,2024-01-01,,0
M001241,F,1986,OH,P05,2024-01-01,2024-04-04,0
M001242,M,1979,CA,P02,2024-01-01,,1
M001243,M,1975,FL,P02,2024-01-01,2024-10-28,0
M001244,F,1975,NY,P01,2024-01-01,2024-12-16,0
M001245,F,1999,NY,P02,2024-02-09,,0
M001246,F,1976,NY,P01,2024-01-01,2024-10-03,1
M001247,F,1944,OH,P03,2024-01-01,,0
M001248,F,1988,FL,P01,2024-01-01,,0
M001249,F,2006,CA,P05,2024-01-01,,0
M001250,M,1964,FL,P05,2024-02-28,2024-11-16,0
M001251,M,1978,FL,P01,2024-01-01,,0
M001252,M,1988,FL,P01,2024-03-10,,1
M001253,M,1996,GA,P01,2024-10-30,,0
M001254,F,1953,TX,P03,2024-01-01,,0
M001255,M,1975,FL,P01,2024-01-01,,0
M001256,F,2008,NY,P05,2024-01-01,,0
M001257,F,1954,CA,P04,2024-01-01,,1
M001258,M,1950,GA,P04,2024-01-01,,1
M001259,F,2016,GA,P02,2024-01-01,,0
M001260,F,1978,OH,P05,2024-01-01,2025-03-19,0
M001261,M,1979,FL,P01,2024-01-01,2024-08-31,0
M001262,F,2004,TX,P02,2024-01-01,,0
M001263,M,1983,FL,P02,2024-01-01,,0
M001264,M,1978,NY,P05,2024-01-01,,1
M001265,F,1951,TX,P03,2024-11-02,,0
M001266,F,1960,GA,P04,2024-01-01,,0
M001267,F,1970,MN,P01,2024-01-01,,0
M001268,F,1997,OH,P05,2024-01-01,,0
M001269,M,2011,CA,P02,2025-05-04,,1
M001270,F,2019,GA,P02,2024-08-03,,0
M001271,M,1988,FL,P05,2024-01-01,,1
M001272,F,1982,MN,P02,2024-01-01,,0
M001273,F,1981,FL,P02,2024-01-01,2024-12-18,0
M001274,F,1954,OH,P03,2024-01-01,,0
M001275,M,1980,TX,P01,2024-01-01,,0
M001276,F,1974,NY,P02,2024-01-01,,0
M001277,M,1979,FL,P01,2024-11-13,,0
M001278,F,1991,TX,P01,2024-01-01,,0
M001279,M,2025,CA,P05,2024-01-01,,0
M001280,M,1960,TX,P03,2024-01-01,,1
M001281,M,1984,TX,P02,2024-01-01,2025-03-09,0
M001282,M,1988,AZ,P02,2024-06-19,,0
M001283,F,1988,TX,P02,2024-07-28,,0
M001284,F,1936,NY,P03,2024-01-01,,0
M001285,M,1990,TX,P05,2024-08-24,,0
M001286,M,2004,OH,P05,2024-01-01,,0
M001287,M,1986,MN,P02,2024-01-01,,0
M001288,F,2007,CA,P02,2024-01-01,,0
M001289,M,1994,MN,P02,2024-01-01,,0
M001290,M,1952,NY,P03,2024-01-01,,1
M001291,M,1979,NY,P02,2024-01-01,,1
M001292,F,1951,TX,P03,2024-01-01,2024-09-10,0
M001293,F,1945,MN,P03,2024-03-29,,0
M001294,F,2017,AZ,P02,2024-01-01,2024-11-07,0
M001295,M,1982,TX,P02,2024-01-01,,0
M001296,F,2004,TX,P02,2025-01-25,2025-09-30,0
M001297,F,2022,FL,P01,2024-01-01,,0
M001298,F,2013,TX,P01,2024-01-01,,0
M001299,F,1960,FL,P04,2024-01-01,,0
M001300,F,1998,MN,P02,2024-01-01,,0
M001301,M,2012,AZ,P01,2024-01-01,2024-12-07,0
M001302,F,1952,CA,P03,2024-01-01,2024-11-10,0
M001303,F,1945,FL,P04,2024-01-01,,1
M001304,M,1976,NY,P01,2024-01-01,2025-03-15,0
M001305,M,2003,MN,P05,2024-07-25,2025-02-03,0
M001306,F,2019,GA,P05,2024-02-25,,1
M001307,F,1950,AZ,P03,2024-01-01,,0
M001308,F,1958,GA,P03,2024-09-10,2025-02-13,1
M001309,M,2018,CA,P01,2024-09-27,,0
M001310,M,2008,TX,P05,2025-04-06,,0
M001311,M,2025,GA,P02,2024-05-30,,0
M001312,F,1995,OH,P05,2024-01-01,2024-09-20,0
M001313,M,1957,GA,P03,2024-01-01,,1
M001314,F,2013,OH,P01,2025-04-19,,0
M001315,F,2018,FL,P01,2024-01-01,,1
M001316,M,1948,FL,P03,2025-03-07,,1
M001317,F,1960,AZ,P03,2024-05-25,,1
M001318,F,1964,CA,P01,2024-01-01,,0
M001319,M,1939,TX,P04,2024-01-01,,0
M001320,M,2011,NY,P05,2024-04-15,,0
M001321,M,2012,FL,P02,2024-01-01,,0
M001322,F,1964,NY,P02,2024-06-23,,0
M001323,F,1987,NY,P01,2024-07-29,,0
M001324,F,1954,OH,P04,2024-01-01,,1
M001325,F,1983,MN,P02,2024-01-01,,0
M001326,M,1989,FL,P05,2024-01-01,,1
M001327,M,2018,MN,P02,2024-12-10,,0
M001328,M,1937,GA,P03,2024-01-01,,0
M001329,M,2018,AZ,P01,2024-01-01,,0
M001330,M,2013,GA,P01,2024-01-01,,0
M001331,F,1948,TX,P04,2024-01-01,,0
M001332,F,1997,CA,P02,2024-01-01,,1
M001333,F,2011,TX,P02,2024-01-01,,0
M001334,M,2021,OH,P05,2024-08-09,,1
M001335,M,1987,TX,P05,2024-01-01,,1
M001336,M,1980,TX,P05,2024-09-06,,0
M001337,M,2012,AZ,P01,2024-08-01,2025-02-23,0
M001338,F,1946,AZ,P03,2024-01-01,,1
M001339,M,2003,NY,P05,2024-01-01,2025-05-14,1
M001340,M,1968,CA,P02,2024-01-01,2024-10-28,0
M001341,F,1974,GA,P01,2024-01-01,,0
M001342,M,1959,MN,P04,2024-01-01,,1
M001343,F,1992,TX,P02,2024-01-01,,0
M001344,M,1952,TX,P03,2024-01-01,,0
M001345,M,2003,AZ,P05,2024-01-01,,1
M001346,F,1936,TX,P03,2024-01-01,,0
M001347,M,2006,OH,P02,2024-01-01,,0
M001348,M,1986,NY,P02,2024-01-01,,0
M001349,M,1961,CA,P02,2024-01-01,,0
M001350,M,2005,TX,P01,2024-01-01,,1
M001351,M,1949,OH,P04,2024-01-01,,1
M001352,M,2014,NY,P05,2024-01-01,,0
M001353,M,1999,AZ,P01,2024-01-01,,0
M001354,M,2019,CA,P02,2024-01-01,,0
M001355,F,2023,AZ,P05,2024-01-01,,0
M001356,M,1983,TX,P01,2025-01-24,,0
M001357,F,1972,FL,P02,2024-01-01,,1
M001358,M,2010,MN,P02,2024-01-01,,1
M001359,M,1944,TX,P03,2024-01-01,,0
M001360,M,1988,FL,P01,2025-05-21,,0
M001361,F,1956,TX,P03,2024-05-03,,1
M001362,M,1962,OH,P02,2024-01-01,,0
M001363,M,1951,GA,P03,2024-01-01,,1
M001364,M,2005,AZ,P01,2024-01-01,,0
M001365,M,1962,TX,P02,2025-01-06,,0
M001366,M,2023,FL,P02,2024-01-01,2025-02-26,1
M001367,F,1963,FL,P01,2025-05-17,,0
M001368,M,2016,MN,P01,2024-01-01,2024-11-10,0
M001369,F,2018,NY,P01,2024-01-01,,0
M001370,M,2018,FL,P02,2024-01-01,2024-09-08,0
M001371,F,2018,FL,P01,2024-01-01,,0
M001372,F,1995,FL,P05,2024-01-01,,0
M001373,M,1984,OH,P02,2024-02-23,,0
M001374,M,1941,NY,P04,2024-01-01,,1
M001375,M,2024,NY,P05,2024-01-01,,1
M001376,M,2006,CA,P01,2024-05-08,,0
M001377,F,1956,TX,P03,2025-03-16,,1
M001378,M,2016,OH,P05,2025-04-22,,0
M001379,M,1958,OH,P03,2024-11-13,,0
M001380,F,1984,TX,P02,2024-01-01,,0
M001381,F,2012,NY,P02,2024-05-10,,0
M001382,M,2006,AZ,P01,2024-01-01,,0
M001383,F,1965,NY,P02,2025-05-03,,0
M001384,F,1988,OH,P05,2024-05-08,,0
M001385,F,2010,OH,P05,2024-01-01,,0
M001386,M,1965,FL,P01,2024-01-01,,0
M001387,F,1944,TX,P04,2024-08-28,,0
M001388,M,2007,CA,P02,2024-01-01,,0
M001389,F,1980,FL,P05,2024-01-01,,0
M001390,M,1992,OH,P01,2024-12-15,,1
M001391,F,2021,OH,P05,2024-01-01,,0
M001392,M,1973,TX,P05,2024-01-01,,0
M001393,M,2011,MN,P01,2024-01-01,,0
M001394,F,1981,AZ,P01,2024-01-01,,0
M001395,M,2004,TX,P05,2024-01-01,,0
M001396,M,1977,CA,P01,2025-06-02,,1
M001397,F,1967,FL,P02,2024-01-01,,0
M001398,M,1975,MN,P05,2024-01-16,,0
M001399,F,1955,NY,P03,2024-02-04,,1
M001400,M,1990,OH,P02,2024-01-01,,0
M001401,F,2021,MN,P02,2024-08-14,,0
M001402,F,1991,OH,P01,2024-05-20,2025-07-31,0
M001403,M,1996,AZ,P05,2024-01-01,,0
M001404,M,1979,FL,P02,2024-01-01,,0
M001405,M,2009,FL,P01,2024-01-01,,0
M001406,M,1980,CA,P01,2024-01-01,,0
M001407,M,1997,AZ,P05,2024-01-01,,0
M001408,M,1982,TX,P01,2024-01-01,,0
M001409,F,1998,CA,P05,2025-03-29,,0
M001410,M,1949,GA,P04,2025-04-27,,1
M001411,M,2012,TX,P05,2025-06-08,2025-11-09,0
M001412,M,1972,NY,P05,2024-01-22,,1
M001413,F,2021,TX,P05,2024-01-01,,0
M001414,M,2010,TX,P05,2024-01-01,,0
M001415,F,1998,FL,P01,2024-01-01,,0
M001416,F,1960,GA,P04,2024-01-01,,0
M001417,F,1966,TX,P02,2024-01-01,,0
M001418,M,2003,FL,P02,2024-10-08,,0
M001419,F,2010,OH,P05,2024-01-01,,1
M001420,M,2009,FL,P05,2024-01-01,,0
M001421,F,1945,CA,P04,2024-01-01,,0
M001422,M,1982,CA,P02,2024-01-01,,0
M001423,F,1994,AZ,P02,2024-01-01,,1
M001424,F,2010,AZ,P02,2024-01-01,,0
M001425,M,1969,TX,P02,2024-01-23,,0
M001426,F,1983,OH,P02,2024-08-05,2025-02-13,0
M001427,F,1999,NY,P01,2024-01-01,,0
M001428,M,1992,FL,P01,2024-01-01,,0
M001429,M,1951,CA,P04,2024-01-01,,1
M001430,F,2016,AZ,P02,2024-01-01,,0
M001431,F,1973,GA,P05,2024-01-01,,0
M001432,F,1960,NY,P03,2024-01-01,,0
M001433,F,2024,TX,P01,2024-01-01,,1
M001434,M,1992,NY,P01,2024-01-01,,0
M001435,M,1969,CA,P01,2024-01-01,,0
M001436,F,1978,CA,P05,2024-09-12,,0
M001437,F,2005,MN,P01,2024-01-01,,0
M001438,F,2000,MN,P02,2024-01-01,,0
M001439,F,1987,MN,P05,2024-01-01,,0
M001440,F,2010,OH,P05,2024-05-28,,0
M001441,M,1972,NY,P01,2024-01-01,,0
M001442,F,2006,FL,P01,2024-01-01,,0
M001443,F,2011,MN,P01,2024-01-01,,0
M001444,F,2019,CA,P01,2024-03-26,,0
M001445,F,1980,FL,P01,2024-03-28,,0
M001446,F,1942,TX,P03,2024-01-01,,0
M001447,F,1973,GA,P05,2024-01-01,,1
M001448,F,1962,FL,P02,2024-01-01,,1
M001449,F,1944,GA,P03,2024-01-01,,1
M001450,M,2019,NY,P01,2024-01-01,,1
M001451,F,1949,FL,P04,2024-01-01,,0
M001452,F,1937,AZ,P03,2024-01-01,,1
M001453,F,1999,GA,P05,2025-03-12,,0
M001454,M,1969,TX,P05,2024-01-01,2025-02-07,0
M001455,F,2016,TX,P02,2024-01-01,,1
M001456,M,1982,NY,P01,2025-04-09,,1
M001457,F,2001,FL,P01,2025-03-28,,1
M001458,M,1997,FL,P02,2024-01-01,,0
M001459,F,1965,MN,P05,2024-01-01,,0
M001460,F,1983,TX,P02,2024-01-01,,0
M001461,F,1958,CA,P04,2024-08-17,,1
M001462,F,1965,FL,P02,2024-01-01,,0
M001463,M,1988,FL,P01,2024-07-22,,0
M001464,M,2019,FL,P02,2024-01-01,2025-04-05,0
M001465,M,1946,FL,P03,2024-01-01,,1
M001466,F,1951,GA,P03,2024-01-01,,1
M001467,M,1984,GA,P02,2024-01-01,,0
M001468,M,1970,NY,P01,2024-01-01,,0
M001469,F,1937,AZ,P04,2024-11-20,,1
M001470,M,1975,TX,P01,2024-01-01,,0
M001471,F,1966,CA,P05,2024-06-29,,0
M001472,F,1961,GA,P01,2024-01-01,,0
M001473,M,1983,NY,P01,2024-01-01,2024-07-28,0
M001474,F,2005,MN,P02,2024-01-01,,0
M001475,F,2016,NY,P02,2024-01-01,,0
M001476,M,1964,MN,P02,2024-01-01,,0
M001477,M,1999,TX,P02,2024-04-23,,0
M001478,M,2003,TX,P05,2024-01-01,2024-11-05,0
M001479,M,1978,FL,P02,2024-01-01,,0
M001480,M,1979,GA,P02,2024-01-01,,0
M001481,M,1973,TX,P02,2024-01-01,,0
M001482,M,1968,FL,P01,2024-01-01,,1
M001483,F,1942,MN,P03,2024-01-01,,0
M001484,F,2014,NY,P01,2024-01-01,,0
M001485,M,1944,CA,P03,2024-12-05,,1
M001486,F,2012,TX,P01,2024-01-01,,0
M001487,F,1985,GA,P05,2024-01-01,,0
M001488,M,1988,AZ,P02,2024-01-01,,0
M001489,F,1970,OH,P05,2024-01-01,,0
M001490,F,1971,TX,P02,2024-04-23,2025-02-06,0
M001491,M,1973,NY,P01,2024-02-08,,1
M001492,M,2020,CA,P05,2025-02-19,,0
M001493,M,1943,AZ,P03,2025-06-21,,0
M001494,F,1943,GA,P04,2024-01-01,,1
M001495,F,1962,GA,P02,2024-01-01,,0
M001496,M,1939,CA,P03,2024-01-01,,0
M001497,F,1975,TX,P05,2025-01-14,2025-11-04,0
M001498,M,1941,GA,P03,2024-09-27,,1
M001499,F,2015,NY,P02,2024-01-01,2024-12-06,0
M001500,F,1947,TX,P03,2024-01-01,,0
M001501,M,1948,GA,P03,2024-01-01,,1
M001502,M,1966,TX,P05,2024-05-14,,0
M001503,M,2014,OH,P02,2024-01-01,,0
M001504,M,2017,OH,P02,2024-01-01,,0
M001505,F,1940,TX,P04,2024-01-01,,0
M001506,M,1988,GA,P02,2024-01-01,,0
M001507,F,1955,CA,P04,2024-01-01,,0
M001508,F,2016,CA,P02,2024-01-01,,1
M001509,F,1993,MN,P01,2024-07-16,,0
M001510,M,1957,AZ,P04,2024-01-01,,0
M001511,M,2020,CA,P01,2024-11-18,,0
M001512,M,1974,OH,P01,2024-01-01,,0
M001513,F,1955,CA,P03,2024-01-01,,0
M001514,F,1954,GA,P04,2024-01-01,,0
M001515,F,1967,FL,P05,2024-01-01,2024-12-30,0
M001516,M,2006,CA,P01,2024-01-01,,0
M001517,M,1992,TX,P01,2024-01-01,,1
M001518,F,2001,AZ,P05,2024-01-01,2025-03-05,0
M001519,M,1986,AZ,P01,2024-01-01,2024-05-26,0
M001520,M,1999,FL,P01,2025-01-04,,0
M001521,F,1997,NY,P01,2024-01-01,,0
M001522,M,1972,FL,P02,2024-01-01,,0
M001523,F,1989,TX,P05,2024-01-01,,0
M001524,F,1958,TX,P04,2024-01-01,,1
M001525,M,1940,GA,P04,2025-06-16,,0
M001526,F,1998,FL,P01,2024-01-01,,0
M001527,F,1972,CA,P02,2024-10-13,,0
M001528,F,1979,AZ,P02,2025-04-03,,0
M001529,F,1968,TX,P01,2024-01-01,,0
M001530,M,1996,NY,P01,2024-01-01,,0
M001531,F,1989,MN,P02,2024-01-01,,0
M001532,F,2017,GA,P01,2024-03-22,2025-03-18,0
M001533,M,1958,FL,P03,2024-01-01,,0
M001534,M,1941,FL,P04,2024-01-01,,0
M001535,F,1984,GA,P01,2024-01-01,,0
M001536,M,2004,TX,P02,2025-06-09,,0
M001537,M,1958,NY,P04,2024-02-13,,1
M001538,F,1946,FL,P04,2024-01-01,2024-06-13,0
M001539,F,1945,GA,P04,2024-01-01,,0
M001540,M,2017,FL,P02,2024-02-02,,0
M001541,M,1989,CA,P05,2024-08-25,,0
M001542,F,1990,GA,P01,2024-01-01,,0
M001543,F,2016,TX,P02,2024-01-01,,0
M001544,F,2008,NY,P01,2024-01-01,,0
M001545,F,2010,MN,P02,2024-01-01,,0
M001546,M,1980,OH,P02,2024-01-01,,0
M001547,F,2009,TX,P01,2024-01-01,,1
M001548,F,1942,AZ,P04,2024-01-25,,0
M001549,M,2008,TX,P02,2024-01-01,2024-04-04,0
M001550,F,1995,FL,P01,2024-01-01,,0
M001551,M,1975,TX,P01,2024-01-01,,0
M001552,M,2022,OH,P02,2024-01-01,2025-01-18,1
M001553,M,1968,FL,P02,2024-01-01,2024-09-07,1
M001554,M,2004,FL,P02,2024-01-01,,1
M001555,F,2003,CA,P01,2024-01-01,,0
M001556,M,1941,FL,P04,2024-01-01,,1
M001557,M,2008,GA,P05,2024-07-01,,0
M001558,F,1995,CA,P02,2024-11-26,,0
M001559,F,1960,NY,P03,2024-01-01,,0
M001560,M,1976,TX,P05,2024-01-01,,0
M001561,F,1992,AZ,P05,2024-01-01,,1
M001562,F,1946,FL,P03,2024-11-12,,0
M001563,F,2000,FL,P05,2025-05-01,,1
M001564,F,1978,FL,P05,2024-01-01,,0
M001565,F,1946,MN,P04,2024-01-01,2025-01-18,0
M001566,F,1988,NY,P02,2024-01-01,,1
M001567,F,1992,TX,P01,2024-01-01,,1
M001568,M,1993,TX,P01,2024-01-01,,1
M001569,F,1961,CA,P02,2024-01-01,,1
M001570,M,1987,TX,P02,2024-01-01,,0
M001571,M,1987,NY,P02,2024-01-01,,0
M001572,F,1955,FL,P03,2024-01-01,,1
M001573,M,1955,FL,P03,2024-01-01,,1
M001574,F,1979,GA,P05,2024-07-07,,0
M001575,F,1970,CA,P01,2024-01-01,,0
M001576,M,1975,TX,P01,2024-01-01,,0
M001577,M,1950,FL,P04,2024-01-29,,0
M001578,F,1975,AZ,P05,2024-01-01,,0
M001579,F,2023,GA,P05,2024-01-01,2025-04-19,0
M001580,F,2008,GA,P05,2024-01-01,,0
M001581,M,2010,GA,P05,2024-01-01,,0
M001582,M,1983,TX,P02,2025-03-01,,1
M001583,F,1977,TX,P02,2024-01-01,,0
M001584,F,2016,TX,P01,2024-01-01,,0
M001585,F,1956,TX,P03,2024-01-01,,0
M001586,F,1993,GA,P05,2025-06-10,,0
M001587,F,1963,TX,P02,2024-07-27,,0
M001588,M,1942,CA,P03,2024-01-01,,0
M001589,F,1968,FL,P01,2024-01-01,,0
M001590,F,2013,GA,P01,2024-01-01,,0
M001591,M,2008,GA,P01,2024-06-12,,0
M001592,M,1984,GA,P01,2024-01-01,,0
M001593,M,1978,FL,P05,2024-01-01,,0
M001594,M,1969,AZ,P02,2024-01-01,,0
M001595,F,2025,AZ,P05,2024-06-26,,0
M001596,F,1945,OH,P03,2024-01-01,,0
M001597,F,1994,NY,P01,2024-01-01,,0
M001598,M,1989,FL,P01,2024-04-16,,0
M001599,F,1953,OH,P04,2024-01-01,,1
M001600,M,1984,MN,P01,2024-01-01,,0
M001601,F,2008,FL,P05,2024-01-01,,0
M001602,M,1965,FL,P01,2024-01-01,,0
M001603,F,1937,FL,P03,2024-01-01,,0
M001604,M,1953,MN,P04,2024-01-01,,0
M001605,M,1991,NY,P01,2024-01-01,,0
M001606,F,2019,MN,P01,2024-01-01,,0
M001607,M,1986,NY,P05,2025-03-10,,0
M001608,M,2016,FL,P01,2024-01-01,2024-05-22,0
M001609,F,1990,NY,P02,2024-04-02,,0
M001610,M,1984,TX,P02,2024-01-01,,0
M001611,F,2021,CA,P01,2024-01-01,,0
M001612,M,1947,CA,P04,2024-01-01,,1
M001613,M,1941,NY,P04,2024-01-01,,1
M001614,F,1965,CA,P02,2024-01-01,,0
M001615,M,2011,CA,P05,2024-01-01,,0
M001616,M,1966,AZ,P01,2024-01-01,,0
M001617,M,1991,TX,P01,2025-03-23,2025-12-23,0
M001618,F,1938,AZ,P03,2024-01-01,,1
M001619,F,1971,NY,P05,2024-06-13,,0
M001620,M,2006,NY,P01,2024-01-01,,0
M001621,M,1989,TX,P01,2024-01-01,,0
M001622,F,1979,TX,P02,2024-01-01,2024-05-10,0
M001623,M,1951,OH,P04,2025-05-08,,0
M001624,F,1982,AZ,P01,2024-01-01,,0
M001625,M,1996,CA,P02,2024-04-11,,0
M001626,F,1946,TX,P04,2025-05-22,,0
M001627,F,1969,GA,P02,2024-01-01,,0
M001628,M,2008,AZ,P01,2024-05-22,2025-10-03,0
M001629,F,1969,OH,P01,2024-01-26,,0
M001630,M,2012,TX,P02,2025-03-07,,0
M001631,F,1990,CA,P02,2024-01-01,,0
M001632,F,2001,MN,P05,2024-01-06,,0
M001633,F,1947,TX,P03,2024-01-01,,1
M001634,M,1939,TX,P03,2024-09-17,,0
M001635,M,1975,OH,P05,2024-09-07,,0
M001636,F,1971,NY,P02,2024-01-01,,0
M001637,F,1976,FL,P02,2024-01-01,,0
M001638,F,2006,NY,P05,2024-01-01,,0
M001639,F,1966,MN,P01,2025-05-11,,0
M001640,F,1938,AZ,P04,2025-06-19,,0
M001641,M,1959,TX,P04,2024-03-01,,0
M001642,F,2013,AZ,P01,2025-01-24,,0
M001643,M,1979,NY,P02,2024-01-01,,0
M001644,M,2007,FL,P01,2024-05-18,,0
M001645,F,1983,TX,P01,2024-01-01,,0
M001646,F,2021,MN,P02,2024-01-01,,0
M001647,M,1984,TX,P01,2024-01-01,,0
M001648,F,1942,TX,P04,2024-01-01,,0
M001649,F,1991,OH,P05,2024-01-01,2025-03-22,1
M001650,F,1939,GA,P04,2025-05-15,,0
M001651,F,1961,FL,P01,2024-01-01,,0
M001652,F,1971,OH,P01,2024-08-18,,0
M001653,M,1997,GA,P01,2024-01-01,,0
M001654,M,1969,GA,P01,2024-04-12,,0
M001655,F,1963,GA,P05,2024-01-01,,0
M001656,M,2015,TX,P02,2024-05-27,,0
M001657,M,2002,AZ,P01,2024-01-01,,0
M001658,F,1977,NY,P05,2024-01-01,,0
M001659,F,1992,CA,P02,2024-01-01,,0
M001660,F,2017,TX,P01,2024-01-01,,0
M001661,M,1995,NY,P01,2024-01-01,2025-05-12,0
M001662,M,1959,TX,P03,2024-01-01,,1
M001663,M,1944,NY,P04,2024-01-01,2024-08-14,0
M001664,M,1992,TX,P01,2024-03-18,,1
M001665,F,2016,OH,P05,2024-01-01,,1
M001666,F,2022,TX,P05,2024-01-01,,0
M001667,M,2007,NY,P05,2024-01-01,,0
M001668,M,2015,NY,P01,2024-01-01,,1
M001669,M,1969,CA,P01,2024-01-01,,0
M001670,M,2008,AZ,P05,2024-01-01,,0
M001671,M,1984,CA,P02,2024-01-01,,0
M001672,M,1958,GA,P03,2024-01-01,,0
M001673,M,1946,CA,P04,2024-01-01,,1
M001674,F,1965,GA,P01,2024-01-01,,0
M001675,M,1953,AZ,P04,2024-07-09,,1
M001676,M,2007,CA,P05,2024-01-01,,0
M001677,F,1937,MN,P04,2025-04-15,,1
M001678,M,1993,TX,P02,2024-01-01,,0
M001679,F,2010,GA,P05,2024-01-01,,0
M001680,M,1961,CA,P02,2024-01-01,,0
M001681,M,1960,TX,P04,2025-04-13,,1
M001682,M,1989,NY,P05,2024-01-01,,0
M001683,M,1951,TX,P04,2024-01-01,,0
M001684,F,1999,AZ,P01,2024-05-21,,0
M001685,F,1992,GA,P01,2024-01-01,,1
M001686,M,1965,OH,P01,2024-01-01,2024-07-23,0
M001687,F,1978,FL,P02,2024-01-01,2025-03-17,1
M001688,F,2011,MN,P02,2024-01-01,,0
M001689,M,1952,AZ,P03,2025-03-12,,1
M001690,F,2014,OH,P02,2024-01-01,,0
M001691,F,1960,FL,P04,2024-01-01,2024-12-23,1
M001692,F,1991,CA,P05,2024-01-01,,0
M001693,F,1992,FL,P01,2024-02-16,2024-10-17,0
M001694,M,1940,GA,P04,2024-01-01,2024-06-25,1
M001695,M,1955,FL,P03,2024-01-01,2024-04-10,0
M001696,F,1974,FL,P02,2024-02-07,,0
M001697,F,1993,FL,P01,2024-01-01,2024-04-15,0
M001698,F,1941,CA,P04,2025-05-12,,1
M001699,M,1977,NY,P05,2024-07-22,,0
M001700,M,1936,GA,P04,2024-01-01,,1
M001701,F,1980,AZ,P05,2024-04-09,,0
M001702,F,1979,TX,P05,2025-03-27,,0
M001703,M,2014,TX,P02,2024-01-01,,0
M001704,F,1957,FL,P03,2024-01-01,,0
M001705,M,1961,GA,P02,2025-05-15,,0
M001706,M,2016,AZ,P05,2024-01-01,,0
M001707,M,2011,TX,P01,2024-01-01,,0
M001708,F,2009,FL,P02,2024-01-01,,0
M001709,M,1963,AZ,P05,2024-05-06,,0
M001710,F,1965,NY,P01,2025-05-10,,1
M001711,M,1945,CA,P04,2025-05-31,,1
M001712,F,1985,FL,P02,2024-01-01,,0
M001713,M,2010,TX,P05,2024-03-21,,0
M001714,F,2023,TX,P05,2024-01-01,,0
M001715,F,2011,OH,P02,2024-01-01,,0
M001716,F,1937,OH,P04,2024-01-01,,1
M001717,M,1970,FL,P02,2024-01-01,2025-01-09,1
M001718,M,1954,NY,P03,2024-01-01,,0
M001719,M,1952,TX,P03,2024-01-01,,1
M001720,F,1989,TX,P05,2024-01-01,,1
M001721,M,2012,TX,P01,2024-10-17,,0
M001722,F,1989,TX,P01,2024-01-01,,0
M001723,M,1941,MN,P04,2024-12-06,2025-06-22,0
M001724,F,1951,FL,P03,2024-01-01,,0
M001725,M,1971,TX,P02,2024-01-01,,0
M001726,M,2010,GA,P01,2024-01-01,,1
M001727,F,2013,FL,P02,2024-01-01,2025-03-02,0
M001728,M,2015,FL,P05,2025-01-15,,0
M001729,M,2017,FL,P01,2024-10-14,,0
M001730,F,1986,TX,P02,2024-01-01,,0
M001731,M,1983,TX,P05,2024-01-01,,0
M001732,M,1968,OH,P01,2024-01-01,,0
M001733,M,1951,CA,P04,2025-03-25,,1
M001734,F,2008,TX,P01,2024-01-01,,0
M001735,M,1978,GA,P05,2024-01-14,2025-03-25,0
M001736,F,1950,TX,P04,2024-03-25,,1
M001737,F,1998,CA,P05,2024-01-01,,0
M001738,F,2016,TX,P01,2024-01-01,2024-10-02,0
M001739,F,1994,TX,P02,2024-01-01,,0
M001740,M,1944,NY,P04,2024-01-01,,1
M001741,M,1991,TX,P01,2024-01-01,,0
M001742,F,1967,TX,P01,2024-05-02,,0
M001743,F,2013,CA,P01,2024-01-01,,0
M001744,F,2018,GA,P05,2025-01-01,,1
M001745,M,1953,CA,P04,2024-01-01,,0
M001746,M,1960,TX,P03,2024-01-01,,0
M001747,F,1960,FL,P04,2024-09-30,,1
M001748,M,1975,CA,P02,2024-09-03,2025-04-03,0
M001749,M,1999,FL,P02,2024-01-01,,1
M001750,M,2002,FL,P02,2024-01-01,,1
M001751,M,1940,CA,P03,2024-01-01,,0
M001752,M,2000,MN,P01,2024-01-01,2024-06-10,0
M001753,M,1971,GA,P05,2025-02-03,,0
M001754,M,1939,FL,P04,2024-01-01,,0
M001755,M,2012,GA,P02,2024-01-01,,0
M001756,M,1943,CA,P03,2024-09-05,,0
M001757,F,1990,GA,P01,2024-01-01,,0
M001758,F,1983,NY,P05,2025-05-05,2025-11-16,0
M001759,M,1978,OH,P05,2024-01-01,,0
M001760,M,2005,FL,P05,2024-01-01,,0
M001761,F,1994,OH,P02,2024-01-01,2024-12-08,0
M001762,F,2019,NY,P01,2024-01-01,2025-02-03,0
M001763,F,1996,NY,P01,2024-03-10,,0
M001764,M,1981,NY,P01,2024-01-01,2025-01-27,0
M001765,F,2006,TX,P01,2024-01-01,,0
M001766,F,2005,CA,P01,2024-01-01,,0
M001767,F,1995,TX,P05,2024-01-01,,0
M001768,F,1969,TX,P01,2024-01-01,,0
M001769,M,1986,CA,P01,2024-01-01,2025-04-28,0
M001770,F,1966,CA,P05,2024-01-01,,0
M001771,M,1941,TX,P03,2025-04-22,,0
M001772,M,1957,TX,P04,2024-01-01,2024-12-24,0
M001773,M,1943,CA,P03,2024-01-01,,1
M001774,F,2005,MN,P05,2024-01-01,,0
M001775,M,1954,CA,P03,2024-05-06,,0
M001776,M,2010,GA,P02,2024-01-01,,0
M001777,M,1940,CA,P04,2024-01-01,,1
M001778,F,1967,TX,P02,2024-01-01,,0
M001779,M,1988,TX,P02,2024-01-01,,0
M001780,M,1996,FL,P02,2024-01-01,2024-10-25,0
M001781,M,1976,AZ,P01,2024-01-01,,0
M001782,M,1941,FL,P04,2024-04-06,,1
M001783,M,1994,FL,P01,2024-01-01,,0
M001784,M,1972,OH,P01,2025-02-04,2025-09-27,0
M001785,M,2013,OH,P01,2024-01-01,,0
M001786,F,2007,NY,P05,2024-01-01,,0
M001787,M,2024,FL,P02,2024-01-01,,0
M001788,F,1954,MN,P03,2024-01-01,,1
M001789,F,2013,FL,P05,2025-06-12,,0
M001790,F,1985,FL,P01,2024-01-01,,0
M001791,M,1947,GA,P04,2024-09-19,,0
M001792,F,1987,MN,P02,2024-01-01,,0
M001793,M,1997,MN,P01,2024-01-01,,0
M001794,M,1955,NY,P03,2024-01-01,,0
M001795,M,2019,AZ,P05,2024-01-01,,0
M001796,F,1987,TX,P01,2024-01-01,,0
M001797,F,1937,AZ,P03,2024-09-19,,0
M001798,M,1974,GA,P01,2024-01-01,,1
M001799,F,1939,CA,P03,2024-01-01,,1
M001800,F,1956,FL,P03,2025-02-08,,1
M001801,F,1958,GA,P03,2024-01-01,,0
M001802,M,1956,CA,P03,2024-06-02,,0
M001803,F,2025,MN,P01,2024-01-01,,0
M001804,M,1938,AZ,P03,2024-02-14,,1
M001805,F,1956,GA,P03,2024-01-01,,0
M001806,M,1941,FL,P03,2024-02-03,,1
M001807,F,1989,OH,P01,2024-01-01,,1
M001808,M,1963,GA,P02,2025-03-15,,0
M001809,F,1975,CA,P02,2024-01-01,,0
M001810,M,2016,TX,P01,2024-03-23,,0
M001811,F,2018,OH,P01,2025-02-15,,0
M001812,F,1968,FL,P02,2025-03-20,,0
M001813,M,1938,TX,P04,2024-01-01,,1
M001814,F,1976,TX,P01,2024-01-01,,0
M001815,F,1985,FL,P05,2024-11-23,2025-07-08,1
M001816,M,1980,CA,P02,2024-01-01,,0
M001817,M,1939,TX,P04,2024-01-01,,0
M001818,F,2005,NY,P02,2024-01-01,,0
M001819,F,1989,AZ,P02,2024-01-01,,0
M001820,M,1955,NY,P03,2024-01-01,,1
M001821,F,2005,CA,P05,2024-01-01,2024-08-29,0
M001822,F,1993,FL,P02,2024-01-01,,0
M001823,M,2012,CA,P02,2024-01-01,,0
M001824,F,1948,NY,P03,2024-07-17,,0
M001825,F,1954,AZ,P04,2024-01-01,,0
M001826,M,2007,AZ,P01,2024-08-22,2025-11-15,0
M001827,M,1967,CA,P02,2024-01-01,,0
M001828,F,1965,TX,P02,2024-01-01,,0
M001829,F,1982,OH,P05,2024-01-01,,0
M001830,M,2016,MN,P02,2024-01-01,,0
M001831,M,2012,MN,P02,2024-01-01,2024-11-11,0
M001832,M,1965,MN,P05,2024-01-01,,0
M001833,M,2025,FL,P02,2024-01-01,,0
M001834,F,1993,GA,P01,2024-01-01,,0
M001835,F,1987,TX,P01,2024-01-01,,1
M001836,F,1971,TX,P01,2024-02-18,,0
M001837,M,1967,OH,P01,2024-01-01,,0
M001838,F,2007,TX,P02,2024-01-01,,0
M001839,F,1938,CA,P04,2024-01-01,,0
M001840,M,1942,TX,P04,2024-02-18,,0
M001841,F,1963,TX,P01,2024-01-01,2024-06-29,0
M001842,M,1950,FL,P03,2024-01-01,,1
M001843,F,2018,NY,P01,2024-08-24,,0
M001844,M,1965,FL,P05,2024-01-01,,0
M001845,F,1992,NY,P01,2025-03-21,,0
M001846,F,1960,NY,P03,2024-01-01,,0
M001847,M,2013,TX,P02,2025-06-04,,0
M001848,F,1952,GA,P03,2024-01-01,,1
M001849,F,1979,TX,P02,2024-01-01,2024-06-18,1
M001850,F,1949,AZ,P04,2024-01-01,,0
M001851,M,1997,MN,P01,2024-01-01,,0
M001852,F,2019,AZ,P05,2024-01-01,,0
M001853,M,1968,NY,P02,2024-01-01,,0
M001854,M,1942,GA,P04,2024-01-01,,1
M001855,M,1988,TX,P05,2024-09-25,,0
M001856,M,2022,MN,P05,2024-01-01,,1
M001857,M,1962,TX,P01,2024-03-01,,0
M001858,F,2020,NY,P01,2024-01-01,,0
M001859,M,1986,CA,P01,2024-01-01,,0
M001860,M,1987,GA,P01,2024-02-28,,0
M001861,F,1939,OH,P03,2025-06-21,2025-09-30,1
M001862,F,1990,FL,P05,2025-06-17,,0
M001863,M,2000,TX,P05,2024-01-01,,0
M001864,M,1988,GA,P02,2024-01-01,,0
M001865,F,1960,MN,P03,2024-07-26,,0
M001866,M,1995,TX,P05,2024-01-01,,0
M001867,F,1981,OH,P05,2024-01-01,,0
M001868,M,1977,CA,P01,2024-01-01,2025-03-12,0
M001869,M,2016,FL,P02,2024-01-01,,0
M001870,F,1961,TX,P05,2025-05-10,,1
M001871,F,2019,OH,P02,2024-12-10,,0
M001872,F,2008,TX,P02,2024-10-23,,1
M001873,M,2003,AZ,P05,2024-01-01,,0
M001874,F,2004,FL,P05,2024-01-01,,0
M001875,M,2003,NY,P05,2024-01-01,,0
M001876,F,1960,FL,P04,2024-01-01,,0
M001877,F,1997,OH,P01,2024-01-01,,0
M001878,M,1976,TX,P02,2025-01-31,,0
M001879,M,1972,FL,P02,2024-01-01,,0
M001880,M,1937,CA,P03,2024-01-01,2024-06-29,1
M001881,M,2009,NY,P02,2024-01-01,,0
M001882,M,1957,NY,P03,2024-01-01,2024-05-11,0
M001883,M,2022,TX,P02,2024-01-01,,0
M001884,F,1958,TX,P04,2024-01-01,,1
M001885,F,2011,FL,P02,2024-01-01,,0
M001886,F,1986,TX,P02,2024-01-01,,0
M001887,F,2020,FL,P01,2024-05-22,2024-12-16,1
M001888,M,1972,TX,P01,2024-01-03,,0
M001889,F,2008,CA,P05,2024-06-17,,0
M001890,F,1992,TX,P02,2024-01-01,,0
M001891,M,1988,CA,P01,2024-01-01,,0
M001892,F,1943,GA,P04,2024-01-01,,1
M001893,M,1937,GA,P03,2024-12-15,,0
M001894,F,2008,NY,P01,2024-01-01,,0
M001895,F,1975,TX,P02,2024-01-01,,0
M001896,M,1992,NY,P01,2024-09-10,,0
M001897,M,1951,FL,P03,2024-08-17,,0
M001898,F,2008,NY,P01,2024-01-01,,0
M001899,F,1997,AZ,P01,2025-02-08,,0
M001900,M,1971,NY,P01,2024-01-01,,0
M001901,M,1955,MN,P03,2024-01-01,,1
M001902,F,2000,FL,P01,2024-01-01,,0
M001903,F,2000,FL,P05,2024-11-25,,0
M001904,M,2017,TX,P01,2024-01-01,,0
M001905,M,1949,TX,P03,2024-12-10,,0
M001906,M,2010,TX,P02,2024-01-01,2024-10-16,1
M001907,M,1972,AZ,P02,2024-01-01,,0
M001908,M,1991,CA,P01,2024-01-01,,0
M001909,M,1944,MN,P04,2024-02-13,2025-06-10,1
M001910,F,1966,AZ,P05,2024-10-19,,0
M001911,M,1972,OH,P01,2025-01-18,,0
M001912,F,2006,AZ,P01,2024-11-22,,1
M001913,M,2018,FL,P05,2024-01-01,,0
M001914,F,2008,AZ,P02,2024-03-28,,0
M001915,F,2001,OH,P01,2024-01-01,,0
M001916,F,1999,NY,P01,2024-01-01,,1
M001917,M,1946,NY,P03,2024-01-01,,1
M001918,F,1960,AZ,P04,2024-01-01,,0
M001919,M,1945,AZ,P03,2024-01-01,,0
M001920,M,1971,TX,P05,2024-01-01,,1
M001921,M,2017,TX,P02,2024-01-01,2025-03-18,1
M001922,F,2016,FL,P02,2024-04-11,,0
M001923,M,1966,GA,P02,2024-11-01,,0
M001924,M,1986,TX,P02,2024-01-01,,0
M001925,F,2010,OH,P01,2025-04-11,,0
M001926,M,1974,CA,P01,2024-01-01,,0
M001927,M,2014,AZ,P02,2024-01-01,2024-06-09,0
M001928,M,1947,GA,P04,2024-10-02,,0
M001929,M,1968,CA,P01,2024-01-01,,0
M001930,M,1994,CA,P02,2025-01-23,,0
M001931,M,1957,GA,P03,2024-01-01,,1
M001932,F,1956,FL,P03,2024-01-01,2024-11-03,0
M001933,F,1937,NY,P04,2024-01-01,,0
M001934,F,1948,MN,P04,2024-01-17,,1
M001935,M,1950,NY,P04,2024-01-01,2025-03-03,0
M001936,F,2012,MN,P01,2024-01-01,,0
M001937,M,2002,CA,P02,2024-01-01,,0
M001938,M,1938,NY,P03,2024-01-01,,0
M001939,F,1980,MN,P01,2024-01-01,,0
M001940,F,2001,OH,P01,2024-05-26,,1
M001941,M,1979,AZ,P01,2024-01-01,2025-02-05,0
M001942,F,2021,GA,P02,2024-01-01,,0
M001943,F,2005,TX,P02,2024-01-01,,0
M001944,M,2000,FL,P01,2024-01-01,,0
M001945,F,2020,OH,P05,2025-01-02,,0
M001946,F,1972,AZ,P05,2025-05-04,,0
M001947,F,1987,GA,P01,2024-01-01,,0
M001948,M,1971,FL,P05,2024-01-01,2024-10-09,0
M001949,F,1973,NY,P01,2024-01-01,2024-07-07,0
M001950,M,2023,OH,P05,2024-08-01,,0
M001951,M,1969,CA,P05,2025-03-11,,0
M001952,F,2021,NY,P01,2025-05-07,,0
M001953,F,1958,MN,P04,2024-01-01,2024-09-29,1
M001954,M,1982,NY,P05,2024-01-01,,1
M001955,F,1972,TX,P05,2025-04-13,,0
M001956,F,1993,CA,P05,2024-01-01,,1
M001957,F,1942,TX,P03,2024-01-01,,1
M001958,F,2016,OH,P01,2024-12-04,,1
M001959,M,2018,AZ,P05,2024-04-06,2024-10-10,0
M001960,M,1945,OH,P03,2024-01-01,,1
M001961,M,1941,AZ,P03,2024-01-01,,0
M001962,F,2011,OH,P02,2024-07-01,,0
M001963,M,1939,CA,P03,2024-01-01,,1
M001964,M,2020,NY,P01,2024-10-11,2025-10-28,0
M001965,M,1952,NY,P04,2024-01-01,,0
M001966,M,1977,CA,P01,2024-12-04,,0
M001967,M,1937,TX,P04,2024-10-04,,1
M001968,M,1986,OH,P05,2024-01-01,,0
M001969,F,1961,TX,P02,2024-01-01,,0
M001970,F,2000,FL,P02,2024-01-01,,0
M001971,F,2004,CA,P02,2024-01-14,,0
M001972,F,1980,MN,P05,2024-01-01,,0
M001973,M,1948,FL,P04,2024-01-01,,0
M001974,F,1966,GA,P02,2024-12-13,,1
M001975,F,1975,CA,P01,2024-09-18,2025-12-13,0
M001976,F,2023,FL,P01,2025-03-04,,0
M001977,M,2013,TX,P02,2024-01-01,,0
M001978,F,1985,TX,P05,2024-03-14,,1
M001979,F,1958,CA,P04,2024-05-27,2025-09-13,1
M001980,F,2011,CA,P01,2024-01-01,2024-12-19,1
M001981,F,1977,NY,P05,2025-01-14,,0
M001982,M,1995,TX,P02,2024-01-01,,0
M001983,M,1982,FL,P05,2024-07-23,,1
M001984,F,1998,TX,P01,2025-01-30,,0
M001985,M,1940,AZ,P03,2024-01-01,,0
M001986,F,2000,CA,P05,2024-01-01,2025-02-08,0
M001987,F,2015,NY,P01,2024-01-01,,0
M001988,M,1951,OH,P03,2024-01-01,,1
M001989,F,2015,FL,P05,2024-01-01,,0
M001990,F,1973,TX,P01,2024-03-30,,0
M001991,F,1998,NY,P01,2024-01-01,,1
M001992,F,1937,AZ,P03,2024-01-01,,1
M001993,F,1970,AZ,P02,2024-01-01,,0
M001994,F,1968,FL,P01,2024-01-01,,1
M001995,M,2010,FL,P02,2024-01-01,,0
M001996,F,1949,FL,P04,2024-01-01,,0
M001997,F,1999,FL,P01,2024-01-01,,0
M001998,F,1971,MN,P02,2024-01-01,,0
M001999,M,1982,TX,P05,2024-06-16,,0
M002000,F,1990,TX,P02,2024-01-01,,0
M002001,F,2010,TX,P05,2024-01-01,,1
M002002,F,2000,AZ,P02,2025-05-30,,0
M002003,M,2024,CA,P05,2024-10-09,,0
M002004,F,1954,FL,P03,2024-01-01,2024-07-08,1
M002005,M,1966,CA,P01,2024-08-12,2025-03-22,1
M002006,F,1974,TX,P05,2025-03-25,,0
M002007,F,2005,TX,P02,2024-06-27,,0
M002008,M,1994,MN,P01,2024-01-01,,0
M002009,M,1963,OH,P01,2024-01-01,,0
M002010,M,1960,NY,P03,2024-01-01,,1
M002011,M,1971,CA,P01,2024-04-30,,0
M002012,F,1988,CA,P01,2024-09-28,,1
M002013,M,1993,GA,P01,2024-01-01,,0
M002014,M,1987,TX,P02,2024-01-01,2024-05-29,1
M002015,M,2011,OH,P02,2024-01-01,,0
M002016,M,1998,NY,P02,2024-01-01,,0
M002017,F,2006,FL,P01,2024-01-19,,0
M002018,M,1976,FL,P01,2024-01-01,2024-05-03,0
M002019,F,1944,AZ,P03,2024-01-01,,1
M002020,F,2000,MN,P02,2024-01-01,,0
M002021,M,1943,TX,P03,2024-06-08,,1
M002022,F,1996,TX,P01,2024-04-28,,1
M002023,F,1964,OH,P01,2024-01-01,,0
M002024,F,1986,GA,P01,2024-01-01,,0
M002025,F,1968,CA,P02,2024-08-06,2025-10-15,1
M002026,M,1961,AZ,P02,2025-04-16,,1
M002027,M,1959,AZ,P04,2024-01-01,,1
M002028,M,2009,TX,P02,2024-01-01,,0
M002029,M,1971,TX,P02,2024-01-01,,0
M002030,M,1936,TX,P03,2024-01-01,,0
M002031,F,1977,AZ,P01,2024-01-01,,1
M002032,F,2014,NY,P02,2024-12-03,,1
M002033,F,1969,MN,P02,2024-01-01,,0
M002034,M,1981,OH,P02,2025-01-15,,0
M002035,F,1992,OH,P01,2024-01-01,2024-10-04,0
M002036,M,1951,TX,P04,2024-01-01,,0
M002037,F,1984,TX,P05,2024-01-01,2024-11-13,0
M002038,M,2000,MN,P01,2024-01-01,,0
M002039,M,1939,CA,P03,2024-02-01,,0
M002040,M,1940,MN,P04,2024-01-01,,1
M002041,F,2015,FL,P01,2024-01-01,,0
M002042,F,1953,NY,P04,2025-05-16,,1
M002043,F,1954,NY,P03,2024-01-01,2024-05-05,0
M002044,F,1997,TX,P05,2024-01-01,,1
M002045,F,1971,CA,P05,2024-12-28,2025-06-11,0
M002046,M,1986,AZ,P01,2024-01-01,,0
M002047,M,1987,CA,P02,2024-01-01,2024-05-01,0
M002048,F,2018,CA,P02,2024-01-01,,0
M002049,F,1991,OH,P01,2024-01-01,2024-10-16,0
M002050,M,2018,GA,P02,2024-01-01,,0
M002051,M,1981,GA,P05,2025-04-18,,0
M002052,M,2021,CA,P01,2024-01-01,,0
M002053,F,1992,CA,P02,2024-08-30,,0
M002054,M,2002,CA,P05,2024-01-01,,0
M002055,M,2017,MN,P02,2024-01-01,,0
M002056,F,1995,AZ,P02,2024-01-01,,0
M002057,M,2012,NY,P05,2024-01-01,,0
M002058,M,2010,FL,P02,2024-01-01,,0
M002059,M,1968,AZ,P01,2024-04-14,,0
M002060,F,2003,TX,P01,2024-03-21,,0
M002061,F,1999,TX,P05,2024-11-19,,0
M002062,M,2025,CA,P01,2024-01-01,,0
M002063,F,2006,OH,P02,2025-06-11,,0
M002064,F,2003,TX,P01,2024-01-01,,1
M002065,F,1979,FL,P02,2024-01-01,,0
M002066,M,2018,GA,P05,2025-01-01,2025-11-25,0
M002067,F,1965,OH,P02,2024-01-01,,0
M002068,M,2017,TX,P05,2024-01-01,,0
M002069,F,1983,FL,P01,2024-02-12,,0
M002070,M,2025,OH,P02,2024-01-01,,0
M002071,M,1972,TX,P05,2024-10-12,2025-03-02,1
M002072,M,1980,TX,P02,2025-01-06,,0
M002073,F,1971,MN,P01,2024-01-01,2024-05-13,0
M002074,F,1965,NY,P05,2024-01-01,2025-03-09,0
M002075,M,1971,CA,P02,2024-01-01,,0
M002076,M,1985,NY,P02,2025-04-09,,0
M002077,F,1971,OH,P05,2024-01-01,2025-04-12,0
M002078,M,2019,CA,P01,2024-01-01,,0
M002079,M,1984,OH,P02,2024-01-01,,0
M002080,M,1961,OH,P01,2024-01-02,,0
M002081,F,2001,TX,P02,2024-05-29,,0
M002082,F,1962,CA,P01,2024-01-01,,0
M002083,F,1955,FL,P03,2024-12-13,,0
M002084,F,1995,GA,P01,2024-01-01,,0
M002085,M,1943,GA,P03,2024-07-04,,1
M002086,F,2018,GA,P01,2024-01-01,2024-12-18,0
M002087,M,1969,CA,P02,2024-01-01,,0
M002088,F,1979,NY,P02,2024-07-14,,0
M002089,M,1960,OH,P04,2024-01-01,2024-11-09,0
M002090,M,1963,FL,P02,2024-01-01,,0
M002091,M,2014,MN,P02,2025-05-19,,0
M002092,M,1975,FL,P05,2024-01-01,,0
M002093,M,1949,NY,P03,2024-01-01,2025-01-25,1
M002094,F,1985,GA,P01,2024-01-01,,0
M002095,M,2023,OH,P05,2024-01-01,,0
M002096,M,1986,CA,P02,2024-01-01,,0
M002097,M,1981,CA,P01,2024-01-01,,0
M002098,F,1962,NY,P02,2024-01-01,,0
M002099,F,2003,CA,P01,2024-08-12,2025-02-20,0
M002100,M,2021,NY,P01,2024-01-01,,0
M002101,M,1949,GA,P04,2024-01-01,,0
M002102,F,2016,TX,P01,2024-01-01,,0
M002103,M,1951,OH,P04,2024-01-01,,0
M002104,F,1971,TX,P05,2024-01-01,,0
M002105,M,1960,OH,P03,2024-01-01,,1
M002106,F,1938,FL,P04,2024-01-01,,0
M002107,M,1948,CA,P04,2024-01-01,,0
M002108,F,2001,FL,P05,2024-01-01,,1
M002109,F,1986,FL,P02,2024-01-01,,0
M002110,M,2007,NY,P01,2024-01-04,,0
M002111,M,1993,CA,P02,2025-03-11,,0
M002112,M,2010,CA,P02,2025-05-23,,1
M002113,M,1973,MN,P01,2024-01-01,2025-04-12,1
M002114,F,1945,TX,P03,2024-01-01,,1
M002115,M,2012,CA,P01,2024-01-01,,0
M002116,M,1989,NY,P05,2024-01-01,2025-03-27,0
M002117,F,1971,GA,P01,2024-01-01,,0
M002118,F,1999,FL,P01,2024-01-01,,0
M002119,M,2021,CA,P01,2024-01-01,2025-01-10,0
M002120,M,1990,GA,P01,2024-03-20,,0
M002121,M,2008,NY,P01,2024-01-01,,0
M002122,F,2006,AZ,P01,2024-01-01,,0
M002123,F,1966,TX,P01,2024-01-01,,0
M002124,M,1964,FL,P01,2024-01-01,,0
M002125,M,2009,NY,P02,2024-01-01,,0
M002126,M,1987,TX,P02,2024-01-01,,0
M002127,M,1990,CA,P02,2024-01-01,,0
M002128,M,1963,TX,P02,2024-01-01,,0
M002129,F,1964,CA,P01,2025-04-22,,0
M002130,F,2003,AZ,P01,2024-01-01,,0
M002131,F,2024,MN,P01,2024-01-01,,0
M002132,F,1945,FL,P04,2024-01-01,,1
M002133,M,2025,TX,P05,2024-01-01,,0
M002134,F,1975,AZ,P05,2024-01-01,,0
M002135,M,1977,NY,P02,2024-12-10,,0
M002136,M,1972,NY,P02,2024-01-01,,0
M002137,F,2016,GA,P02,2024-01-01,,0
M002138,M,1944,CA,P04,2025-05-25,,1
M002139,F,1957,CA,P04,2024-01-01,,1
M002140,M,1985,AZ,P05,2024-01-01,,0
M002141,M,2025,CA,P05,2024-01-01,,0
M002142,M,1983,OH,P02,2024-01-01,,0
M002143,M,1959,AZ,P04,2024-12-08,,0
M002144,F,1952,CA,P04,2024-01-01,,1
M002145,M,1977,AZ,P02,2024-08-01,,0
M002146,F,1990,FL,P05,2024-01-01,,0
M002147,F,1964,AZ,P01,2024-10-29,,0
M002148,M,2010,FL,P05,2024-10-16,,0
M002149,M,1956,FL,P04,2024-10-24,,0
M002150,F,2024,OH,P01,2024-07-03,,0
M002151,F,1946,AZ,P03,2025-02-12,,0
M002152,M,1969,GA,P01,2024-01-01,,0
M002153,F,1952,OH,P04,2024-01-01,2025-05-14,0
M002154,F,1940,MN,P04,2024-01-01,,0
M002155,M,1950,NY,P03,2024-01-01,2024-08-02,1
M002156,M,1975,AZ,P05,2024-01-01,,0
M002157,F,1965,TX,P01,2024-07-09,2025-10-04,0
M002158,F,1979,TX,P01,2025-04-16,2025-07-28,0
M002159,M,1966,FL,P02,2024-08-26,,0
M002160,M,1961,MN,P01,2024-01-01,,0
M002161,F,1965,TX,P02,2025-01-02,,0
M002162,M,1997,CA,P01,2024-06-22,,0
M002163,F,1999,TX,P02,2025-03-22,,0
M002164,F,1998,TX,P02,2024-01-09,,0
M002165,F,1964,NY,P05,2024-01-01,2024-07-27,0
M002166,F,2007,TX,P01,2024-01-01,,0
M002167,M,1977,AZ,P05,2024-05-09,2025-09-05,0
M002168,M,1985,AZ,P02,2025-02-26,,0
M002169,F,2021,NY,P02,2024-02-12,,0
M002170,M,1994,CA,P02,2024-12-17,,0
M002171,F,2013,AZ,P02,2024-12-08,,0
M002172,F,1978,CA,P01,2025-03-01,,0
M002173,F,1996,TX,P02,2024-04-21,,1
M002174,M,2002,FL,P01,2024-03-24,,0
M002175,F,2021,FL,P02,2024-01-01,,0
M002176,F,1940,NY,P03,2024-01-01,,0
M002177,M,1976,CA,P02,2024-01-01,,0
M002178,F,1969,GA,P05,2024-01-01,,1
M002179,M,2007,NY,P01,2024-08-08,2025-01-25,0
M002180,M,1972,FL,P05,2024-05-24,,0
M002181,M,1937,CA,P04,2024-01-01,,1
M002182,M,2003,OH,P05,2024-01-01,,0
M002183,M,1996,FL,P05,2024-01-01,,0
M002184,F,1981,TX,P01,2024-01-03,,0
M002185,F,1966,OH,P02,2024-01-01,,1
M002186,F,1993,CA,P01,2024-01-01,,0
M002187,M,1937,TX,P04,2024-01-01,2024-08-07,0
M002188,F,1955,CA,P03,2024-01-01,,1
M002189,M,1991,NY,P01,2024-01-01,,0
M002190,M,2000,TX,P05,2025-02-08,,0
M002191,F,1996,GA,P01,2024-09-23,,0
M002192,M,1946,CA,P03,2024-01-01,2025-03-25,1
M002193,F,1940,TX,P04,2024-01-01,,0
M002194,M,2022,AZ,P01,2024-01-01,,0
M002195,M,1958,NY,P03,2024-01-01,,1
M002196,F,1951,MN,P04,2024-01-01,,1
M002197,M,1991,FL,P01,2024-01-01,,0
M002198,F,1975,CA,P02,2024-01-01,,0
M002199,F,2012,OH,P01,2024-12-22,,0
M002200,M,1936,AZ,P03,2024-01-01,,0
M002201,M,1962,GA,P01,2024-10-14,,0
M002202,F,2023,NY,P05,2024-01-01,,0
M002203,M,1976,GA,P05,2024-01-01,,1
M002204,F,2015,TX,P01,2024-01-01,,0
M002205,F,1967,OH,P02,2024-01-01,,0
M002206,F,1948,NY,P03,2024-01-01,,0
M002207,F,1954,FL,P04,2024-10-19,,0
M002208,M,1979,FL,P02,2024-04-27,,0
M002209,M,2016,FL,P01,2024-01-01,,0
M002210,M,2002,TX,P01,2024-01-01,,0
M002211,F,1993,FL,P05,2024-01-01,,0
M002212,M,1977,TX,P02,2025-01-12,,0
M002213,M,1998,OH,P05,2024-01-01,,0
M002214,F,1970,CA,P02,2024-01-01,,0
M002215,M,1994,TX,P05,2024-09-17,,0
M002216,M,2003,OH,P01,2025-06-20,,1
M002217,M,2004,TX,P01,2024-01-01,,0
M002218,F,1973,CA,P05,2024-01-01,2025-02-23,0
M002219,M,1982,AZ,P05,2024-01-01,,0
M002220,F,2017,GA,P02,2024-01-01,,1
M002221,M,1977,NY,P02,2024-01-01,,0
M002222,M,1999,NY,P02,2025-02-17,,0
M002223,M,2003,TX,P02,2024-01-01,,1
M002224,M,2019,CA,P01,2024-06-22,,0
M002225,F,1961,FL,P05,2024-01-01,,0
M002226,F,2022,CA,P01,2024-10-18,,0
M002227,M,1941,MN,P04,2024-01-01,,0
M002228,M,2021,GA,P01,2024-01-01,,0
M002229,F,1993,NY,P01,2024-01-01,,0
M002230,M,1950,OH,P03,2024-05-07,,0
M002231,M,1993,OH,P02,2024-01-01,,0
M002232,M,1939,CA,P03,2024-01-01,,1
M002233,F,1987,AZ,P01,2025-04-13,2025-12-06,0
M002234,M,1990,NY,P05,2024-07-11,,0
M002235,M,1957,OH,P04,2024-01-01,,0
M002236,M,1964,TX,P05,2024-01-01,2024-07-16,1
M002237,M,2001,NY,P01,2024-01-01,,0
M002238,M,1991,FL,P02,2024-01-01,,0
M002239,M,1967,TX,P02,2024-01-01,,1
M002240,F,1985,NY,P02,2024-01-01,,0
M002241,M,1978,AZ,P01,2024-01-01,2024-04-13,0
M002242,M,2014,OH,P01,2024-01-01,2024-05-20,0
M002243,M,1996,TX,P02,2024-01-01,,0
M002244,M,1990,TX,P01,2024-01-01,,0
M002245,M,2014,FL,P02,2024-01-01,,0
M002246,M,2000,FL,P01,2025-04-23,,0
M002247,F,1971,TX,P01,2025-04-22,,0
M002248,M,1952,TX,P03,2024-01-01,,0
M002249,F,1972,FL,P02,2024-11-02,,0
M002250,M,1965,TX,P02,2024-01-01,,0
M002251,F,1961,TX,P02,2024-01-01,,1
M002252,M,1937,AZ,P04,2024-01-01,,1
M002253,F,1970,MN,P02,2024-01-01,2024-04-13,0
M002254,M,1954,GA,P03,2024-01-01,,1
M002255,F,1970,FL,P05,2024-07-05,2025-02-15,0
M002256,F,1984,TX,P02,2024-01-01,,0
M002257,F,2017,NY,P05,2024-01-01,,0
M002258,F,1953,GA,P04,2024-01-01,2024-06-16,0
M002259,F,1976,OH,P01,2024-01-01,,0
M002260,M,2017,GA,P02,2025-01-30,,0
M002261,F,1960,CA,P03,2024-01-01,,0
M002262,M,1983,MN,P05,2024-04-30,,0
M002263,F,1995,GA,P02,2024-01-01,,0
M002264,M,1974,TX,P01,2024-01-01,,0
M002265,F,1960,FL,P03,2024-01-01,,0
M002266,M,2003,NY,P01,2024-06-16,2024-09-22,0
M002267,F,1957,FL,P04,2024-01-01,,0
M002268,M,1992,CA,P02,2024-01-01,,0
M002269,F,1960,NY,P04,2024-01-01,,0
M002270,M,2018,NY,P05,2024-01-01,,0
M002271,M,1950,AZ,P03,2024-01-01,2025-02-13,1
M002272,M,1943,FL,P03,2024-10-09,,0
M002273,M,1958,AZ,P04,2024-01-01,,0
M002274,M,2018,FL,P05,2024-01-01,,0
M002275,M,2001,AZ,P05,2024-01-01,,0
M002276,M,2012,FL,P01,2024-01-01,,0
M002277,M,1942,CA,P03,2024-01-01,,1
M002278,F,2006,MN,P01,2025-03-02,,0
M002279,M,1984,FL,P05,2024-01-01,,0
M002280,M,1957,GA,P03,2024-01-01,,0
M002281,M,2006,CA,P02,2024-01-01,,0
M002282,F,1980,CA,P01,2024-01-01,,0
M002283,F,1972,OH,P02,2024-06-30,,0
M002284,M,1937,TX,P04,2024-01-01,2025-03-26,1
M002285,F,1970,OH,P01,2024-11-23,,1
M002286,F,2014,TX,P01,2024-01-01,,0
M002287,F,1981,OH,P05,2024-01-01,2025-03-09,0
M002288,M,1944,NY,P04,2024-11-09,,0
M002289,M,1971,TX,P01,2024-01-01,,0
M002290,F,1999,TX,P01,2024-11-24,2025-04-15,0
M002291,F,1983,NY,P05,2024-01-01,,0
M002292,M,1943,TX,P04,2024-01-01,,0
M002293,M,1949,NY,P03,2024-08-02,,1
M002294,M,1963,MN,P02,2024-01-01,,0
M002295,M,2015,TX,P01,2024-09-26,,0
M002296,F,2016,CA,P01,2024-09-03,,1
M002297,M,1959,AZ,P04,2024-01-01,,1
M002298,F,1992,MN,P01,2024-01-01,,0
M002299,M,1996,TX,P01,2025-04-09,,0
M002300,M,1958,GA,P04,2024-01-01,,1
M002301,M,2014,FL,P05,2025-05-24,,0
M002302,F,1952,OH,P04,2024-01-01,,1
M002303,F,2002,FL,P02,2024-01-01,,0
M002304,M,1975,FL,P02,2024-01-01,,0
M002305,M,1997,CA,P02,2024-11-26,,0
M002306,M,2000,TX,P02,2024-09-16,2025-02-20,0
M002307,F,2011,CA,P02,2024-01-01,,0
M002308,M,1983,CA,P02,2024-01-01,,0
M002309,M,1942,MN,P03,2024-01-01,2025-03-12,0
M002310,F,1966,NY,P05,2024-01-01,2024-04-06,0
M002311,F,1999,OH,P05,2024-01-01,,0
M002312,M,1973,TX,P01,2024-01-01,,1
M002313,M,1995,MN,P02,2024-01-01,,0
M002314,M,1999,CA,P01,2024-01-01,,1
M002315,M,1996,TX,P02,2024-01-01,2025-02-03,0
M002316,F,1997,NY,P01,2024-01-01,,0
M002317,M,1994,FL,P01,2024-01-01,,0
M002318,M,1955,FL,P04,2024-01-23,,1
M002319,M,1980,FL,P02,2024-01-01,,0
M002320,F,2023,CA,P05,2024-01-01,,1
M002321,M,2022,FL,P01,2024-10-12,,0
M002322,M,2024,GA,P01,2024-01-01,,0
M002323,F,1981,TX,P02,2025-01-06,2025-05-27,0
M002324,F,2012,TX,P01,2024-01-01,2024-04-21,0
M002325,F,2000,TX,P01,2024-01-01,,0
M002326,F,1972,CA,P05,2024-01-01,,0
M002327,F,2017,TX,P01,2024-01-01,,0
M002328,F,2016,TX,P01,2024-01-01,,1
M002329,M,1951,FL,P03,2024-01-01,,1
M002330,M,2007,MN,P02,2024-01-01,,0
M002331,F,1955,TX,P03,2024-01-01,,1
M002332,M,1985,TX,P02,2024-09-08,2025-10-22,0
M002333,F,1978,NY,P05,2024-01-01,,0
M002334,F,2014,CA,P01,2025-02-19,,0
M002335,M,1991,TX,P02,2024-01-01,,0
M002336,F,1957,AZ,P03,2024-01-01,,1
M002337,F,2020,OH,P05,2024-01-01,,0
M002338,M,1995,CA,P02,2024-01-01,,0
M002339,F,1942,NY,P03,2024-10-20,,1
M002340,F,2011,GA,P01,2024-01-01,,0
M002341,M,1974,TX,P01,2024-01-01,,1
M002342,M,1961,MN,P01,2024-03-04,,0
M002343,M,1951,TX,P04,2024-01-01,,0
M002344,M,2015,CA,P01,2024-01-01,,0
M002345,F,1950,FL,P04,2024-12-12,,1
M002346,M,1970,OH,P01,2024-01-01,,0
M002347,F,2016,GA,P05,2024-01-01,,0
M002348,M,1995,NY,P05,2025-06-14,,0
M002349,M,1991,FL,P01,2024-01-01,,0
M002350,M,2017,GA,P01,2024-01-01,,0
M002351,M,2023,MN,P01,2024-01-01,,0
M002352,F,2018,TX,P05,2024-11-14,,0
M002353,F,2022,FL,P01,2024-01-01,,0
M002354,F,1993,CA,P02,2024-01-01,,0
M002355,M,1965,OH,P02,2024-01-01,,1
M002356,F,1948,TX,P04,2024-01-01,,1
M002357,F,2009,TX,P02,2024-01-01,,1
M002358,F,2010,NY,P02,2024-01-01,2025-01-24,1
M002359,F,1962,GA,P05,2024-01-01,,0
M002360,M,1963,FL,P01,2024-01-01,,0
M002361,F,1983,NY,P05,2024-01-01,,0
M002362,M,1995,GA,P01,2024-01-01,2024-05-04,0
M002363,F,2015,TX,P02,2024-01-01,,0
M002364,M,1965,FL,P05,2024-01-01,,0
M002365,F,1945,FL,P03,2024-01-01,,0
M002366,M,1950,OH,P03,2024-01-01,,0
M002367,M,1981,OH,P01,2025-04-24,,1
M002368,F,2014,GA,P02,2024-01-01,,1
M002369,F,2018,NY,P02,2024-01-01,,0
M002370,M,1987,FL,P02,2024-01-01,,0
M002371,F,2024,CA,P02,2024-01-01,,1
M002372,M,2008,CA,P02,2024-01-01,2024-04-15,0
M002373,F,1984,OH,P02,2024-04-24,,0
M002374,M,2013,MN,P01,2024-01-01,,0
M002375,M,1976,CA,P02,2024-01-01,,0
M002376,F,2019,NY,P01,2024-01-01,,1
M002377,F,1986,TX,P05,2024-01-01,,1
M002378,M,1942,NY,P03,2024-01-01,,1
M002379,F,1978,OH,P01,2024-01-08,2025-04-04,0
M002380,F,1944,GA,P03,2024-04-02,,0
M002381,M,1974,MN,P05,2024-01-01,,0
M002382,F,2007,MN,P01,2024-01-01,,0
M002383,M,2010,CA,P01,2024-01-01,,0
M002384,M,1962,AZ,P01,2024-01-01,,0
M002385,F,1978,OH,P01,2024-01-01,,0
M002386,F,1947,CA,P04,2024-01-01,,1
M002387,F,2024,TX,P05,2024-05-18,,0
M002388,F,2002,MN,P01,2024-01-01,,0
M002389,F,1943,MN,P04,2024-05-28,,0
M002390,M,2001,CA,P01,2025-03-15,2025-09-28,0
M002391,M,1955,FL,P03,2024-01-01,,1
M002392,F,1957,TX,P04,2024-01-01,,1
M002393,M,1961,TX,P02,2024-01-01,2025-05-02,0
M002394,F,1969,GA,P01,2024-06-29,,0
M002395,M,1953,CA,P03,2024-01-01,,1
M002396,M,1971,NY,P05,2025-03-11,,1
M002397,M,1996,FL,P01,2024-01-01,,0
M002398,M,2025,NY,P01,2024-01-01,2025-05-06,0
M002399,F,2005,GA,P01,2025-01-05,,0
M002400,M,1948,AZ,P03,2024-01-01,,0
M002401,M,1949,CA,P03,2024-09-21,,1
M002402,M,1956,FL,P04,2024-01-01,,1
M002403,M,1947,TX,P04,2024-01-01,,1
M002404,F,2025,AZ,P05,2024-01-01,,0
M002405,M,1942,AZ,P04,2024-01-01,,0
M002406,F,1991,FL,P01,2025-01-21,,1
M002407,M,1953,FL,P03,2024-01-01,2024-12-08,0
M002408,F,2009,OH,P01,2024-01-01,,0
M002409,F,1973,GA,P02,2024-01-01,,1
M002410,M,1999,OH,P05,2024-01-01,,0
M002411,F,1941,TX,P03,2025-01-03,,1
M002412,F,1998,MN,P05,2024-01-01,,0
M002413,M,1964,NY,P02,2024-12-07,2025-04-19,0
M002414,M,2000,NY,P02,2024-01-01,,0
M002415,M,1989,TX,P02,2024-01-01,,0
M002416,M,1968,TX,P01,2024-01-01,,1
M002417,M,2024,TX,P01,2024-01-01,,0
M002418,F,1991,CA,P02,2024-01-01,2025-04-02,0
M002419,M,1979,MN,P01,2024-08-13,2025-04-02,0
M002420,M,1967,OH,P05,2024-01-01,,0
M002421,F,2022,MN,P01,2024-01-16,,0
M002422,M,1978,OH,P01,2024-01-01,,0
M002423,F,1941,TX,P04,2024-01-01,,1
M002424,M,2003,OH,P01,2024-01-01,,0
M002425,F,1977,NY,P05,2024-01-01,2024-07-12,0
M002426,M,1957,AZ,P04,2024-01-01,,0
M002427,M,1983,NY,P01,2025-04-06,,0
M002428,F,1958,FL,P03,2024-06-21,,1
M002429,F,1958,OH,P03,2024-01-01,,0
M002430,M,1960,GA,P04,2024-01-01,,0
M002431,M,2011,CA,P05,2024-01-01,,0
M002432,F,1942,TX,P04,2024-01-01,,1
M002433,F,1938,CA,P03,2024-01-01,,0
M002434,M,1965,GA,P02,2024-01-01,,0
M002435,F,1936,FL,P03,2024-02-19,,1
M002436,M,1988,OH,P05,2024-01-01,,0
M002437,M,1960,FL,P03,2024-01-01,,0
M002438,M,1941,FL,P03,2024-05-06,,0
M002439,F,1986,FL,P02,2024-01-01,,0
M002440,F,1956,TX,P04,2024-01-01,,1
M002441,F,1983,FL,P05,2024-03-18,,0
M002442,F,1989,OH,P01,2024-01-01,,0
M002443,M,1968,CA,P01,2024-01-01,2024-11-22,1
M002444,M,1982,FL,P02,2024-01-01,,0
M002445,M,2000,OH,P02,2024-12-08,,0
M002446,F,1952,CA,P03,2024-01-01,,1
M002447,F,2011,CA,P01,2024-01-01,,0
M002448,M,2012,GA,P02,2024-01-01,,0
M002449,M,1951,CA,P03,2024-01-01,,1
M002450,M,1959,NY,P03,2024-01-01,,1
M002451,M,1936,TX,P03,2024-01-01,,0
M002452,F,1940,FL,P04,2025-06-15,,1
M002453,F,1938,FL,P03,2024-01-01,,1
M002454,M,1936,AZ,P04,2024-07-11,,0
M002455,M,1960,TX,P03,2024-12-02,,0
M002456,F,1990,OH,P02,2025-01-11,,0
M002457,M,1941,GA,P03,2025-01-05,,1
M002458,M,2014,FL,P01,2024-01-01,,1
M002459,F,2020,FL,P01,2024-12-23,2025-08-16,0
M002460,F,1978,TX,P02,2024-01-01,,0
M002461,F,1976,FL,P05,2024-01-01,,0
M002462,F,1959,AZ,P03,2024-01-01,,0
M002463,F,1978,TX,P01,2024-01-01,2025-01-28,0
M002464,F,1941,CA,P03,2024-01-01,,0
M002465,F,1977,FL,P01,2024-09-27,,0
M002466,M,1946,OH,P04,2024-01-01,,0
M002467,F,1996,FL,P05,2024-01-01,,0
M002468,M,1938,FL,P03,2024-01-01,,1
M002469,F,1941,TX,P03,2024-01-01,,1
M002470,M,1977,AZ,P02,2024-01-01,2024-07-17,1
M002471,F,1966,CA,P02,2024-01-01,,0
M002472,M,2012,TX,P05,2025-02-26,,0
M002473,F,1952,GA,P04,2024-12-15,,1
M002474,M,2018,GA,P02,2024-01-01,,1
M002475,M,2001,CA,P02,2024-01-01,,0
M002476,M,1982,MN,P01,2024-01-01,,0
M002477,F,2007,FL,P01,2025-05-27,,0
M002478,F,2010,GA,P01,2024-01-01,2025-04-10,0
M002479,F,2001,GA,P02,2025-02-02,,0
M002480,M,2018,CA,P05,2024-01-01,,0
M002481,F,1985,NY,P02,2024-01-01,,0
M002482,F,2017,TX,P01,2024-01-01,,0
M002483,F,2004,TX,P01,2024-01-01,,0
M002484,M,2005,CA,P02,2024-01-01,,0
M002485,F,1946,AZ,P04,2024-07-27,,0
M002486,M,1961,FL,P02,2024-01-01,,0
M002487,M,1941,CA,P04,2025-04-19,,0
M002488,F,1954,TX,P04,2024-01-01,,1
M002489,M,1978,FL,P01,2024-01-01,,1
M002490,M,1951,FL,P03,2024-01-01,,0
M002491,M,1984,MN,P05,2024-01-01,,1
M002492,F,1966,TX,P02,2025-03-19,,0
M002493,F,2015,TX,P01,2024-01-01,,0
M002494,M,1963,TX,P05,2025-02-24,,0
M002495,F,2022,CA,P05,2024-01-01,,0
M002496,M,2011,CA,P02,2024-01-01,,0
M002497,M,1951,TX,P03,2024-01-01,,0
M002498,F,1968,FL,P01,2024-01-01,,1
M002499,F,1956,FL,P04,2025-01-10,,1
M002500,F,2016,TX,P02,2024-01-01,,0
M002501,F,2009,GA,P01,2024-01-01,,0
M002502,M,1954,GA,P03,2025-06-05,,1
M002503,F,1989,FL,P05,2024-08-04,,0
M002504,F,2025,NY,P05,2024-01-01,,0
M002505,F,1993,FL,P01,2024-01-01,,0
M002506,F,1999,TX,P01,2024-01-01,2024-05-10,0
M002507,M,2025,NY,P05,2024-12-15,,0
M002508,M,2009,OH,P05,2024-01-01,,0
M002509,M,1965,FL,P02,2024-01-01,,0
M002510,F,1940,FL,P03,2024-06-18,,0
M002511,F,2021,FL,P02,2024-01-01,,0
M002512,F,2024,FL,P02,2024-01-01,,0
M002513,M,2003,CA,P01,2024-10-01,,0
M002514,M,1995,GA,P01,2024-01-01,,0
M002515,F,1996,TX,P01,2024-01-01,,0
M002516,M,1980,OH,P05,2024-01-23,,1
M002517,F,2014,MN,P01,2024-03-28,,0
M002518,M,2022,TX,P01,2025-01-08,,0
M002519,F,1982,CA,P02,2024-01-01,,0
M002520,F,1967,FL,P01,2024-01-01,,0
M002521,F,2015,NY,P01,2024-01-01,,1
M002522,M,1936,AZ,P03,2024-01-01,,0
M002523,F,1985,AZ,P02,2024-04-22,,0
M002524,F,1958,CA,P03,2024-01-01,,0
M002525,F,1970,GA,P05,2024-01-01,2024-10-09,0
M002526,F,2011,CA,P01,2024-01-01,,0
M002527,F,1991,GA,P05,2024-01-01,,0
M002528,F,2003,AZ,P05,2024-01-01,,0
M002529,F,1982,OH,P05,2024-01-01,,0
M002530,M,1957,TX,P03,2024-01-01,,1
M002531,F,1956,FL,P03,2025-04-17,,0
M002532,F,1943,GA,P03,2025-02-23,,1
M002533,M,1955,TX,P03,2024-01-01,,1
M002534,F,1984,CA,P01,2025-06-09,,0
M002535,M,1976,NY,P05,2024-01-01,,0
M002536,M,1939,GA,P03,2024-01-01,2025-04-28,0
M002537,M,1948,GA,P04,2024-01-01,,1
M002538,M,1998,TX,P02,2025-01-25,,0
M002539,F,1961,OH,P01,2024-01-01,,0
M002540,F,1975,GA,P02,2024-01-01,,0
M002541,F,1980,TX,P02,2024-12-19,,0
M002542,M,2006,CA,P02,2025-06-11,,0
M002543,F,1987,NY,P02,2025-01-13,,0
M002544,F,1985,FL,P01,2024-01-01,,0
M002545,F,1983,FL,P02,2024-01-12,,1
M002546,F,1967,TX,P02,2024-01-01,,0
M002547,M,1981,GA,P05,2024-01-01,,0
M002548,F,2011,FL,P01,2024-08-12,,0
M002549,M,2011,CA,P02,2024-01-01,,0
M002550,M,1985,CA,P01,2024-03-24,,0
M002551,M,1969,TX,P02,2024-01-01,,0
M002552,M,1964,CA,P02,2024-01-01,,0
M002553,F,1944,TX,P03,2024-01-01,,1
M002554,F,1991,FL,P05,2024-01-01,,0
M002555,M,1972,FL,P01,2025-04-15,,1
M002556,F,1959,CA,P03,2025-04-11,,0
M002557,F,2024,CA,P01,2024-01-01,2025-03-02,0
M002558,F,2005,TX,P01,2024-01-01,,0
M002559,F,2004,FL,P02,2024-01-01,,0
M002560,M,1989,TX,P01,2025-02-06,,1
M002561,F,1947,FL,P03,2024-01-01,,1
M002562,M,1937,TX,P03,2024-10-11,,1
M002563,M,1955,TX,P04,2024-01-01,,1
M002564,F,2025,CA,P02,2024-01-01,,0
M002565,M,1949,AZ,P03,2024-01-01,,0
M002566,M,1961,TX,P02,2024-01-01,,0
M002567,M,2006,OH,P01,2024-01-01,,0
M002568,F,2010,TX,P01,2024-01-01,,0
M002569,F,1956,FL,P03,2024-03-09,,0
M002570,F,1962,CA,P05,2024-01-01,,0
M002571,M,1982,TX,P01,2024-12-06,,0
M002572,F,1958,NY,P03,2024-01-01,,0
M002573,M,1945,TX,P04,2024-01-01,2024-12-08,1
M002574,F,1967,GA,P05,2024-01-01,,0
M002575,M,2013,NY,P02,2024-01-01,,0
M002576,M,1946,OH,P03,2024-01-01,,1
M002577,F,1936,TX,P03,2024-01-01,,1
M002578,F,1989,FL,P05,2024-01-01,,0
M002579,M,1969,OH,P01,2024-10-06,,0
M002580,M,1961,CA,P05,2024-01-01,,0
M002581,F,1988,NY,P01,2024-01-01,,0
M002582,F,1976,CA,P05,2024-11-20,,0
M002583,F,1987,OH,P01,2024-01-01,,1
M002584,F,1991,NY,P01,2025-05-29,,0
M002585,M,2004,FL,P01,2024-01-01,,1
M002586,F,1983,AZ,P02,2024-01-01,,0
M002587,F,2008,OH,P02,2024-01-01,,0
M002588,F,2013,TX,P01,2024-01-01,,0
M002589,F,2008,TX,P02,2024-01-01,,0
M002590,F,2025,OH,P02,2024-01-01,,0
M002591,F,1947,NY,P04,2024-01-01,,1
M002592,F,2009,AZ,P05,2024-01-01,,1
M002593,M,1941,OH,P03,2024-01-01,,0
M002594,M,1997,FL,P01,2024-01-01,2024-11-19,1
M002595,F,2003,TX,P01,2024-01-01,,0
M002596,M,2011,NY,P05,2024-01-01,2024-06-22,0
M002597,F,1972,CA,P01,2024-01-01,,0
M002598,F,1992,MN,P02,2024-01-01,,0
M002599,M,1996,OH,P05,2024-01-01,,0
M002600,M,1983,AZ,P05,2024-01-01,,0
M002601,M,1973,GA,P02,2024-08-27,2025-03-27,0
M002602,F,1941,OH,P03,2024-01-01,,1
M002603,F,1995,NY,P02,2024-01-01,,0
M002604,M,1951,NY,P04,2024-01-01,,1
M002605,F,1967,CA,P01,2024-01-01,,0
M002606,M,1963,GA,P01,2024-01-01,,0
M002607,F,1939,FL,P03,2025-04-15,,1
M002608,F,1968,AZ,P01,2024-01-22,,0
M002609,M,1950,NY,P03,2024-02-13,,0
M002610,M,1985,CA,P02,2024-03-14,2025-02-04,0
M002611,F,1983,FL,P05,2024-01-01,,1
M002612,F,1949,FL,P04,2024-01-01,,1
M002613,F,2025,NY,P02,2024-01-01,,0
M002614,F,1939,TX,P04,2025-02-25,,0
M002615,M,1968,TX,P01,2024-01-01,,1
M002616,M,2014,FL,P02,2024-01-01,2024-08-03,0
M002617,M,1986,FL,P01,2024-01-01,,0
M002618,M,2016,MN,P05,2024-01-01,,0
M002619,F,1989,NY,P05,2024-01-01,,0
M002620,F,2005,CA,P05,2025-06-04,,0
M002621,M,1977,MN,P05,2024-01-01,2024-08-06,0
M002622,F,1988,FL,P05,2025-05-24,,0
M002623,M,1993,MN,P01,2024-01-01,,0
M002624,F,1981,MN,P05,2024-01-01,,0
M002625,M,1958,OH,P03,2024-01-01,,0
M002626,F,2025,CA,P02,2024-01-01,,0
M002627,F,1938,GA,P03,2024-01-01,2025-01-03,0
M002628,F,1975,FL,P02,2024-01-01,,0
M002629,F,1994,FL,P01,2024-01-01,,0
M002630,F,2014,FL,P01,2024-12-07,,0
M002631,F,2025,FL,P01,2024-01-01,,1
M002632,M,2006,TX,P02,2024-08-20,,0
M002633,F,1976,AZ,P05,2024-02-17,,0
M002634,M,1938,TX,P03,2024-01-01,,0
M002635,M,1963,CA,P02,2025-04-25,,0
M002636,M,2004,FL,P02,2024-04-26,,0
M002637,M,1998,CA,P02,2024-11-08,,0
M002638,F,1976,GA,P01,2025-05-20,,0
M002639,F,1986,GA,P05,2024-01-01,,0
M002640,F,2023,OH,P01,2024-02-05,,1
M002641,F,1957,OH,P04,2024-01-01,,1
M002642,M,1942,GA,P04,2024-01-01,2024-10-20,1
M002643,M,1957,CA,P03,2024-12-17,,0
M002644,M,2024,CA,P05,2024-01-01,,0
M002645,F,2021,FL,P01,2024-01-01,2024-07-25,0
M002646,M,1975,FL,P05,2024-01-01,,0
M002647,F,1952,MN,P04,2024-01-01,,0
M002648,F,1944,GA,P04,2024-02-03,,1
M002649,M,1936,CA,P03,2024-01-01,,0
M002650,M,1983,TX,P05,2024-01-01,,0
M002651,M,2017,OH,P05,2024-01-01,,0
M002652,F,1987,MN,P02,2024-12-18,,1
M002653,F,1949,AZ,P04,2025-01-22,,0
M002654,F,1947,OH,P04,2024-01-01,,0
M002655,M,1998,NY,P02,2024-03-04,,0
M002656,M,2009,TX,P05,2024-01-01,,0
M002657,M,1962,TX,P02,2025-05-24,,0
M002658,F,1959,FL,P03,2024-01-01,2024-06-11,1
M002659,F,1974,NY,P01,2024-01-01,,0
M002660,F,1992,AZ,P01,2024-01-01,2024-07-16,0
M002661,F,1981,AZ,P05,2024-01-01,,1
M002662,M,2009,FL,P02,2024-01-01,,0
M002663,F,1968,FL,P02,2024-01-01,,0
M002664,M,1996,FL,P01,2024-01-01,,0
M002665,F,1998,NY,P02,2024-01-01,,0
M002666,F,1951,GA,P04,2024-01-01,,0
M002667,M,2006,GA,P05,2024-01-01,,0
M002668,F,2005,AZ,P01,2024-08-24,2025-04-06,0
M002669,F,1951,CA,P03,2024-01-01,2025-04-22,0
M002670,F,1994,OH,P02,2024-01-01,,0
M002671,M,1956,MN,P03,2025-03-05,,0
M002672,M,2001,OH,P02,2024-01-01,,0
M002673,F,1961,TX,P02,2024-01-01,,1
M002674,M,2018,FL,P02,2024-01-01,2024-08-10,1
M002675,F,1940,TX,P03,2025-03-24,,1
M002676,M,1969,TX,P02,2024-01-01,,0
M002677,M,2024,CA,P02,2024-01-01,,0
M002678,M,1946,OH,P04,2024-01-01,,0
M002679,M,1944,TX,P04,2024-06-20,,0
M002680,F,2023,FL,P02,2024-01-01,,0
M002681,F,1956,FL,P04,2024-04-01,2025-07-07,0
M002682,M,2018,GA,P05,2024-01-01,,0
M002683,F,2006,TX,P01,2024-01-01,,0
M002684,F,1960,TX,P03,2024-01-01,,0
M002685,M,2016,NY,P01,2025-06-23,,0
M002686,M,1940,CA,P04,2024-01-01,,1
M002687,F,1971,TX,P01,2024-01-01,2024-11-06,0
M002688,M,1955,GA,P03,2024-04-22,,0
M002689,M,1976,CA,P01,2024-01-01,,0
M002690,F,2015,NY,P02,2024-01-01,,0
M002691,F,1966,OH,P05,2024-01-01,,0
M002692,F,1970,TX,P02,2024-01-01,,0
M002693,F,1985,TX,P05,2024-01-01,2024-10-02,0
M002694,F,1972,CA,P05,2024-01-01,,0
M002695,F,2006,TX,P05,2024-01-01,,0
M002696,F,1975,TX,P01,2025-05-28,,1
M002697,M,1936,FL,P04,2024-01-01,,0
M002698,F,1986,CA,P01,2024-01-01,,0
M002699,F,1966,GA,P02,2024-01-01,,1
M002700,F,1978,NY,P05,2024-01-01,,0
M002701,M,1959,AZ,P03,2024-01-01,,0
M002702,M,1977,CA,P02,2024-01-01,,0
M002703,M,1968,CA,P02,2025-03-14,2025-09-29,0
M002704,F,1948,FL,P04,2024-01-01,,1
M002705,F,1943,TX,P04,2024-01-01,2025-02-07,1
M002706,M,1978,TX,P02,2024-01-01,,0
M002707,M,1974,TX,P05,2024-01-01,,0
M002708,F,1978,OH,P01,2024-01-01,,0
M002709,M,2017,FL,P01,2024-08-12,,0
M002710,F,1943,TX,P03,2024-09-05,,0
M002711,M,2014,GA,P05,2024-01-01,2025-03-11,1
M002712,F,1989,FL,P01,2024-01-01,,0
M002713,M,2003,AZ,P01,2024-01-01,,0
M002714,M,2012,GA,P01,2024-01-01,,0
M002715,F,2007,FL,P05,2024-01-01,2025-05-07,0
M002716,F,2020,FL,P01,2024-09-12,2025-11-12,0
M002717,F,1997,MN,P02,2024-01-01,,0
M002718,F,1998,GA,P05,2024-01-01,,0
M002719,M,1999,AZ,P01,2024-01-01,2024-05-06,0
M002720,F,1959,TX,P03,2024-01-01,,0
M002721,F,1986,NY,P02,2024-05-16,,0
M002722,F,1954,FL,P04,2025-01-21,,0
M002723,F,1970,FL,P02,2024-12-27,,1
M002724,M,2024,TX,P02,2024-08-31,,1
M002725,F,2022,OH,P01,2024-01-01,,1
M002726,M,1945,CA,P04,2024-04-04,,0
M002727,F,1946,GA,P04,2025-06-09,,1
M002728,F,1962,TX,P01,2024-01-01,,0
M002729,F,1991,MN,P02,2024-01-01,,0
M002730,F,2001,FL,P05,2024-01-01,,0
M002731,F,1971,MN,P01,2024-11-03,,0
M002732,F,2010,OH,P01,2024-01-01,,0
M002733,M,1951,TX,P03,2024-07-11,2025-06-14,0
M002734,M,1999,GA,P02,2025-05-21,,0
M002735,M,2005,NY,P01,2024-09-03,2025-06-30,1
M002736,F,2006,TX,P02,2024-01-01,,0
M002737,M,2025,TX,P01,2024-01-01,,0
M002738,M,1982,MN,P02,2024-01-01,,0
M002739,F,1960,MN,P04,2024-01-01,2024-07-12,0
M002740,F,1941,NY,P03,2024-01-01,,1
M002741,M,1983,TX,P01,2025-02-28,,0
M002742,F,2024,FL,P05,2024-01-01,2024-10-24,1
M002743,F,1968,FL,P01,2024-01-01,,0
M002744,M,1958,NY,P04,2024-01-16,2025-03-09,1
M002745,M,1981,CA,P02,2024-01-01,,0
M002746,M,1943,FL,P04,2024-03-03,,0
M002747,F,1976,GA,P01,2024-01-01,,0
M002748,F,1981,MN,P01,2024-01-01,,0
M002749,F,2002,TX,P02,2024-01-01,,0
M002750,M,1965,CA,P01,2024-01-01,,0
M002751,F,1983,NY,P01,2024-01-01,,0
M002752,M,1955,FL,P04,2024-09-19,,0
M002753,M,1972,CA,P05,2024-07-20,,0
M002754,M,2012,TX,P01,2024-01-01,,0
M002755,M,1961,TX,P05,2024-01-01,2024-11-27,1
M002756,F,1956,GA,P04,2024-01-01,2024-05-11,0
M002757,F,2013,FL,P05,2024-01-01,2025-02-03,0
M002758,M,1952,OH,P03,2024-01-01,,0
M002759,M,1957,TX,P03,2024-01-01,,0
M002760,M,1969,OH,P02,2024-01-01,,1
M002761,M,1939,OH,P03,2024-01-01,,1
M002762,M,2009,GA,P05,2024-01-01,,0
M002763,F,2003,FL,P01,2024-04-05,,1
M002764,M,1996,NY,P02,2024-01-01,2025-02-17,0
M002765,F,1984,AZ,P01,2024-01-01,,0
M002766,F,2011,FL,P05,2024-01-01,,0
M002767,M,1980,TX,P02,2024-01-01,,1
M002768,M,1937,FL,P03,2024-02-13,,0
M002769,M,2004,MN,P05,2024-01-01,2024-12-31,0
M002770,M,1983,TX,P05,2024-12-30,,1
M002771,F,2008,TX,P01,2024-01-01,,0
M002772,M,1948,MN,P04,2024-01-01,,0
M002773,F,1986,CA,P05,2024-01-01,2024-06-21,1
M002774,F,2009,TX,P01,2024-01-01,,1
M002775,F,1952,NY,P04,2024-01-01,,0
M002776,M,1970,TX,P02,2024-01-01,,0
M002777,F,1954,CA,P03,2024-01-01,,1
M002778,F,1993,TX,P02,2024-01-01,,0
M002779,M,2003,NY,P01,2024-01-01,,0
M002780,M,1961,NY,P01,2024-01-01,2024-07-30,0
M002781,F,1978,TX,P01,2024-01-01,,0
M002782,M,1974,CA,P01,2025-02-05,,0
M002783,M,1950,MN,P03,2024-01-01,,0
M002784,M,1969,CA,P02,2024-01-01,,0
M002785,F,1991,MN,P01,2024-01-01,,0
M002786,M,1947,MN,P03,2024-01-01,,1
M002787,F,1957,FL,P03,2024-01-01,,0
M002788,M,2019,NY,P02,2024-01-01,,0
M002789,M,2019,GA,P05,2024-03-17,,0
M002790,F,2021,OH,P02,2024-08-21,,0
M002791,F,1984,GA,P05,2024-01-01,,0
M002792,F,1966,FL,P01,2024-10-18,,0
M002793,M,1952,AZ,P04,2024-01-01,,0
M002794,M,2017,FL,P05,2024-07-30,2025-05-02,0
M002795,F,1994,NY,P05,2024-01-01,,0
M002796,F,1939,AZ,P03,2024-12-01,,0
M002797,F,1960,FL,P03,2024-01-01,,0
M002798,M,1986,NY,P02,2024-01-01,,0
M002799,F,1937,OH,P03,2024-01-10,,1
M002800,M,1944,AZ,P04,2024-01-01,,0
M002801,F,2025,CA,P05,2024-01-01,,0
M002802,M,2011,NY,P02,2024-01-01,,0
M002803,M,2014,TX,P01,2024-01-01,2025-03-22,1
M002804,M,1944,TX,P03,2024-01-01,,1
M002805,F,2019,TX,P01,2024-01-01,,0
M002806,F,2002,CA,P01,2024-01-01,,1
M002807,M,2018,NY,P02,2024-06-08,,0
M002808,M,1949,TX,P04,2024-01-01,,1
M002809,F,1995,TX,P01,2024-03-19,,0
M002810,M,2021,FL,P01,2024-01-01,,0
M002811,M,2023,AZ,P01,2024-07-07,,0
M002812,M,1994,TX,P05,2024-07-27,,0
M002813,M,1942,CA,P03,2024-04-26,,1
M002814,F,2014,GA,P01,2024-01-01,,0
M002815,F,2004,AZ,P01,2024-01-01,,0
M002816,F,1957,OH,P03,2025-05-15,,0
M002817,F,1995,FL,P01,2025-03-23,,0
M002818,M,1943,TX,P03,2024-01-01,,1
M002819,M,2000,TX,P02,2024-01-01,,1
M002820,F,2013,GA,P05,2025-05-27,,0
M002821,M,1965,FL,P01,2024-01-01,,0
M002822,M,1952,FL,P03,2024-01-01,,0
M002823,F,2005,TX,P01,2024-07-06,,0
M002824,F,2010,CA,P05,2024-01-01,,0
M002825,F,2017,FL,P05,2024-01-01,2025-02-27,0
M002826,M,1954,FL,P04,2024-01-01,,0
M002827,F,1966,TX,P02,2024-01-01,,0
M002828,M,2008,CA,P01,2024-01-01,,0
M002829,M,1948,TX,P04,2024-01-01,2024-05-09,1
M002830,M,1939,NY,P04,2024-01-01,,0
M002831,M,1966,OH,P01,2025-03-27,,0
M002832,M,2006,NY,P02,2025-01-29,2025-05-26,1
M002833,F,2019,TX,P02,2025-06-19,,0
M002834,M,1968,NY,P05,2024-01-01,,0
M002835,F,1949,CA,P03,2024-01-01,,0
M002836,M,1942,FL,P03,2024-10-25,,1
M002837,F,1945,TX,P03,2024-01-01,,0
M002838,M,2010,MN,P01,2024-01-01,2024-04-20,0
M002839,M,2008,CA,P02,2024-01-01,,0
M002840,F,1991,CA,P01,2024-01-01,,0
M002841,F,1959,TX,P04,2024-01-01,,1
M002842,M,2000,OH,P02,2024-01-01,2025-04-15,0
M002843,F,1974,FL,P02,2024-01-01,,1
M002844,M,1974,OH,P01,2024-01-01,,0
M002845,F,2018,TX,P01,2024-01-01,,0
M002846,F,1946,FL,P03,2024-01-01,2025-03-20,0
M002847,F,2015,OH,P01,2024-11-09,2025-05-07,0
M002848,M,1991,CA,P01,2024-07-09,,0
M002849,F,1953,TX,P04,2025-02-08,,0
M002850,F,1996,GA,P02,2024-01-01,,0
M002851,F,2017,MN,P02,2024-01-01,,0
M002852,M,2003,FL,P02,2024-01-01,,0
M002853,M,1947,NY,P04,2024-01-01,,0
M002854,M,1962,FL,P02,2024-12-11,,0
M002855,F,1954,NY,P04,2025-03-11,,1
M002856,F,1994,OH,P05,2024-01-01,,0
M002857,F,1954,NY,P03,2024-01-01,,0
M002858,F,2014,FL,P02,2024-01-18,,0
M002859,M,1951,TX,P04,2024-01-01,,1
M002860,M,1963,NY,P02,2024-06-27,,0
M002861,F,1994,OH,P02,2025-02-11,2025-12-03,0
M002862,F,1963,NY,P02,2024-01-01,,0
M002863,M,1972,TX,P02,2024-06-28,,1
M002864,M,1997,FL,P01,2024-05-06,,0
M002865,M,1967,OH,P02,2025-02-25,,0
M002866,F,2003,TX,P01,2024-01-01,,1
M002867,F,1993,AZ,P02,2024-01-01,,0
M002868,M,1949,CA,P03,2024-01-01,,1
M002869,F,1987,GA,P05,2024-01-01,,0
M002870,F,1972,FL,P01,2024-01-01,,0
M002871,M,1956,FL,P03,2024-01-01,,0
M002872,F,1993,MN,P02,2024-01-01,,1
M002873,M,1982,NY,P01,2024-05-07,,1
M002874,M,2004,TX,P01,2024-01-01,,0
M002875,F,1969,MN,P01,2024-01-01,,1
M002876,F,2006,FL,P01,2024-01-01,,1
M002877,M,2006,OH,P01,2024-01-01,,0
M002878,M,2004,TX,P02,2024-01-01,,0
M002879,F,1982,AZ,P02,2024-01-01,,0
M002880,M,2018,MN,P01,2024-01-01,,1
M002881,F,2016,CA,P01,2024-01-01,,0
M002882,M,1975,TX,P01,2024-01-01,,0
M002883,F,2012,NY,P02,2024-01-01,2024-08-06,0
M002884,F,2019,TX,P02,2024-01-01,,0
M002885,M,2008,CA,P02,2024-01-01,,0
M002886,F,2000,NY,P01,2024-11-12,,0
M002887,F,2023,TX,P01,2024-01-01,,0
M002888,F,1971,MN,P05,2024-01-01,2025-01-26,0
M002889,M,2018,OH,P01,2024-01-01,,0
M002890,M,1999,FL,P01,2024-10-20,,0
M002891,F,2012,CA,P01,2024-01-01,,0
M002892,F,2006,GA,P05,2024-01-01,,0
M002893,F,1957,CA,P03,2025-02-12,,0
M002894,M,1947,MN,P03,2024-01-01,2024-04-28,1
M002895,F,1965,TX,P05,2025-06-05,,0
M002896,M,2017,FL,P01,2024-01-01,,0
M002897,F,2013,CA,P05,2024-06-26,,0
M002898,F,1968,TX,P01,2024-05-30,,1
M002899,F,1951,FL,P03,2024-07-08,,0
M002900,F,2021,CA,P02,2024-01-01,,0
M002901,F,2017,FL,P02,2024-11-22,,0
M002902,M,1999,TX,P05,2024-01-01,,0
M002903,F,1989,FL,P01,2024-01-01,,0
M002904,M,1984,TX,P05,2024-01-23,,1
M002905,F,2016,TX,P02,2024-01-01,,0
M002906,F,1940,TX,P03,2024-09-01,2025-01-19,0
M002907,F,2009,MN,P05,2024-01-01,,0
M002908,M,1991,TX,P01,2024-01-01,,0
M002909,F,2005,TX,P05,2024-01-01,,0
M002910,F,1947,MN,P03,2024-01-01,,1
M002911,F,1959,GA,P04,2024-01-01,,1
M002912,M,1989,FL,P01,2024-01-01,,1
M002913,M,1995,AZ,P02,2025-02-20,,0
M002914,M,1955,AZ,P03,2025-03-16,2025-09-26,0
M002915,M,2021,OH,P02,2025-04-24,,0
M002916,M,1974,NY,P01,2024-01-01,,0
M002917,M,1963,NY,P01,2024-01-01,,0
M002918,F,1988,MN,P05,2024-01-01,,0
M002919,F,2023,CA,P01,2024-01-01,,0
M002920,M,1936,GA,P04,2024-01-01,,1
M002921,M,2007,TX,P05,2025-03-14,,0
M002922,M,2022,OH,P01,2024-01-01,2024-12-05,0
M002923,F,2016,MN,P01,2025-04-25,,0
M002924,F,1960,TX,P03,2024-01-01,,0
M002925,F,1998,FL,P01,2024-01-01,,1
M002926,M,1954,GA,P03,2024-01-01,,0
M002927,M,1956,OH,P03,2025-01-29,,1
M002928,F,1957,OH,P03,2024-01-01,,1
M002929,M,2007,MN,P02,2024-04-14,,0
M002930,M,1936,TX,P03,2024-01-01,,0
M002931,F,1955,OH,P03,2024-05-03,,1
M002932,M,2021,NY,P01,2024-01-01,,0
M002933,F,1936,FL,P03,2024-01-01,,1
M002934,F,2012,FL,P05,2025-06-11,,0
M002935,M,1940,OH,P03,2025-06-04,,1
M002936,F,1978,OH,P02,2024-01-01,,0
M002937,M,1991,NY,P02,2024-01-01,,1
M002938,M,2016,CA,P01,2024-04-24,,0
M002939,F,1970,OH,P01,2024-01-01,,0
M002940,M,2010,FL,P01,2025-03-03,,0
M002941,M,1982,FL,P05,2024-01-01,,0
M002942,M,1983,NY,P01,2024-01-01,,0
M002943,F,1936,NY,P04,2024-01-01,,1
M002944,M,1978,GA,P01,2024-01-01,,0
M002945,F,1980,CA,P01,2024-01-01,,0
M002946,F,2022,GA,P02,2024-03-25,2025-01-20,0
M002947,M,1965,AZ,P02,2024-01-01,,0
M002948,F,1958,CA,P04,2024-01-01,,0
M002949,F,2009,NY,P05,2024-01-01,,0
M002950,M,1997,AZ,P05,2025-05-24,,0
M002951,F,2007,FL,P01,2024-11-22,,0
M002952,M,1936,OH,P04,2024-01-01,,0
M002953,M,2022,NY,P01,2024-02-27,,1
M002954,F,1996,CA,P05,2024-01-01,,0
M002955,M,2003,AZ,P02,2024-01-01,,0
M002956,F,1983,TX,P02,2024-03-19,,0
M002957,M,1992,TX,P01,2024-01-01,,1
M002958,F,1976,FL,P01,2024-01-01,,0
M002959,F,2015,AZ,P01,2024-01-01,,1
M002960,F,1964,FL,P05,2024-01-01,,0
M002961,M,1937,OH,P04,2024-01-01,2024-09-27,1
M002962,M,2003,FL,P05,2024-01-01,,1
M002963,F,1990,CA,P01,2024-05-24,,0
M002964,F,1952,CA,P03,2024-01-01,,1
M002965,M,1973,FL,P01,2024-01-01,,0
M002966,F,2008,CA,P02,2024-03-19,,0
M002967,F,1965,FL,P02,2025-02-08,,1
M002968,M,2016,TX,P01,2024-01-01,2024-11-26,0
M002969,F,1945,CA,P03,2024-01-01,,1
M002970,F,2000,NY,P01,2024-01-01,,1
M002971,F,1986,TX,P02,2024-01-01,,1
M002972,F,1954,FL,P03,2024-01-01,,1
M002973,M,2017,CA,P01,2024-01-01,,0
M002974,M,2003,MN,P05,2024-01-01,,0
M002975,M,1964,NY,P02,2024-01-01,,1
M002976,F,1948,MN,P04,2024-01-01,,1
M002977,F,1957,CA,P03,2024-01-01,,1
M002978,F,1937,GA,P04,2024-06-13,2024-09-15,0
M002979,F,1941,TX,P04,2024-01-01,,1
M002980,M,1961,NY,P05,2024-10-31,,0
M002981,F,1945,FL,P03,2024-01-01,2024-12-27,0
M002982,M,2013,OH,P01,2024-01-01,,0
M002983,M,2014,AZ,P01,2024-01-01,,0
M002984,M,1937,OH,P03,2024-01-01,2025-02-24,0
M002985,F,1992,TX,P01,2024-02-24,,1
M002986,F,1972,NY,P01,2024-01-01,2024-09-19,0
M002987,F,1963,OH,P01,2024-01-01,,0
M002988,M,1999,TX,P02,2024-01-01,,0
M002989,M,2009,TX,P01,2024-01-01,,0
M002990,M,1958,OH,P03,2024-01-01,,1
M002991,M,1957,FL,P04,2024-01-01,,1
M002992,F,1997,TX,P05,2024-01-01,,0
M002993,F,2006,AZ,P02,2024-01-01,,0
M002994,F,2008,MN,P02,2024-02-22,,0
M002995,F,1945,FL,P03,2024-01-01,,0
M002996,M,1998,MN,P02,2025-06-10,,0
M002997,M,1941,AZ,P03,2024-01-01,,0
M002998,F,2019,NY,P01,2024-01-01,,1
M002999,F,1968,OH,P05,2024-01-01,,1
M003000,M,1980,MN,P01,2024-01-01,,0
M003001,F,1966,OH,P05,2024-01-01,,0
M003002,F,1943,FL,P03,2025-06-15,,0
M003003,F,1985,TX,P01,2024-12-23,,0
M003004,F,1945,CA,P04,2024-01-01,,1
M003005,F,1983,TX,P01,2024-01-01,,0
M003006,M,1945,TX,P04,2024-08-08,,1
M003007,M,1955,CA,P03,2025-02-02,,0
M003008,M,2010,FL,P01,2024-01-01,,0
M003009,F,2024,TX,P01,2024-01-01,,0
M003010,F,1946,AZ,P04,2024-01-01,,1
M003011,M,2014,TX,P01,2024-01-01,,0
M003012,M,1982,NY,P05,2024-01-01,,1
M003013,F,1949,NY,P04,2024-01-01,2024-12-21,0
M003014,M,1946,MN,P03,2024-01-01,,0
M003015,F,2000,FL,P01,2024-01-01,,0
M003016,F,1956,FL,P04,2024-01-01,2024-07-31,1
M003017,M,1998,NY,P05,2024-01-01,,0
M003018,M,2008,NY,P01,2024-01-01,,0
M003019,M,2007,GA,P02,2024-01-01,,0
M003020,M,1972,TX,P01,2024-01-01,,0
M003021,F,1997,FL,P02,2025-06-05,,1
M003022,F,1946,TX,P04,2024-01-01,,1
M003023,M,1975,OH,P02,2024-01-01,,0
M003024,M,1950,FL,P03,2024-01-01,,0
M003025,M,2002,FL,P02,2025-02-25,,0
M003026,M,1977,NY,P01,2024-01-01,,0
M003027,M,2004,FL,P01,2024-01-01,,0
M003028,F,1992,TX,P05,2024-01-01,,0
M003029,M,1949,FL,P03,2024-01-01,2025-04-18,1
M003030,F,2012,GA,P02,2024-04-15,,0
M003031,M,1947,NY,P04,2024-01-01,,0
M003032,M,1970,CA,P01,2024-06-18,,0
M003033,M,2006,CA,P01,2025-03-13,,0
M003034,M,2003,MN,P01,2025-04-17,,0
M003035,M,1987,TX,P05,2024-04-10,,0
M003036,F,1951,TX,P04,2024-01-01,,0
M003037,F,1953,AZ,P03,2024-01-01,2024-06-14,0
M003038,M,1998,NY,P01,2024-01-01,,0
M003039,F,1963,MN,P01,2024-01-01,,1
M003040,M,1957,OH,P03,2024-03-30,2024-08-23,1
M003041,F,1988,OH,P02,2024-01-01,,0
M003042,F,1986,NY,P05,2024-01-01,,0
M003043,M,1939,TX,P04,2024-03-11,2025-06-29,0
M003044,F,1971,AZ,P02,2024-01-01,,0
M003045,F,1939,CA,P04,2024-01-01,,0
M003046,M,1990,TX,P05,2024-10-12,,0
M003047,M,1990,FL,P02,2024-01-01,2024-10-24,0
M003048,M,1948,FL,P03,2024-01-01,,1
M003049,F,1962,FL,P05,2024-01-01,,0
M003050,F,2008,TX,P01,2024-01-01,,0
M003051,M,1971,FL,P05,2024-01-01,2024-09-11,1
M003052,F,2019,AZ,P01,2024-01-01,,0
M003053,M,1958,NY,P03,2024-01-01,,0
M003054,F,1948,FL,P04,2024-01-01,,1
M003055,F,1960,TX,P03,2024-01-01,,0
M003056,M,2019,GA,P02,2024-01-01,,0
M003057,F,1947,OH,P03,2024-01-01,,1
M003058,F,1986,TX,P01,2024-01-01,,0
M003059,F,1969,MN,P01,2024-01-01,,0
M003060,M,1987,FL,P01,2024-01-01,,1
M003061,M,1951,FL,P03,2024-01-01,,0
M003062,F,1974,FL,P02,2024-05-10,,0
M003063,F,1996,MN,P01,2024-01-01,,0
M003064,M,2021,GA,P05,2024-02-04,2025-04-03,0
M003065,F,2002,NY,P02,2024-01-01,,0
M003066,M,2012,CA,P02,2024-01-01,,0
M003067,M,1961,FL,P02,2024-01-01,,0
M003068,M,1966,FL,P01,2025-01-23,,1
M003069,F,1958,FL,P04,2024-03-23,,1
M003070,F,1988,AZ,P02,2024-01-01,,0
M003071,M,2025,OH,P01,2024-01-01,,0
M003072,M,1996,CA,P05,2024-07-26,,0
M003073,M,1949,MN,P04,2025-02-14,2025-09-07,0
M003074,F,1939,TX,P04,2024-10-17,,0
M003075,M,2021,TX,P05,2024-01-01,,0
M003076,F,1967,FL,P05,2024-01-01,,0
M003077,M,2010,MN,P02,2024-01-01,,0
M003078,M,1943,TX,P03,2024-09-15,,0
M003079,F,1955,TX,P03,2024-01-01,,1
M003080,M,1967,FL,P01,2024-01-01,,1
M003081,F,2019,MN,P01,2024-01-01,,0
M003082,M,2018,FL,P01,2024-01-01,,0
M003083,F,1939,OH,P03,2025-01-15,,0
M003084,F,1937,AZ,P04,2024-01-01,2024-07-30,1
M003085,M,1954,OH,P04,2025-04-30,,1
M003086,M,2015,TX,P02,2024-01-01,,1
M003087,F,2016,TX,P01,2024-01-01,,0
M003088,F,2008,FL,P02,2024-01-01,,0
M003089,F,1981,GA,P02,2024-01-01,,0
M003090,M,2019,GA,P05,2024-01-01,,1
M003091,M,1984,TX,P05,2024-11-22,,1
M003092,F,1973,FL,P05,2024-01-01,,0
M003093,M,2016,TX,P05,2024-01-01,,1
M003094,M,1962,CA,P05,2024-08-10,,0
M003095,F,1961,FL,P02,2024-01-01,,0
M003096,M,2006,MN,P01,2024-01-01,,0
M003097,M,2018,CA,P01,2024-01-01,,0
M003098,F,2004,TX,P02,2024-01-01,,0
M003099,M,2009,CA,P01,2024-01-01,,0
M003100,M,2007,AZ,P01,2024-01-01,,0
M003101,M,1965,FL,P05,2024-01-01,,0
M003102,M,2015,GA,P01,2024-01-01,,1
M003103,M,2005,CA,P05,2024-01-01,,1
M003104,M,1958,NY,P04,2024-01-01,,0
M003105,F,1956,CA,P03,2024-01-01,,0
M003106,M,1945,AZ,P03,2024-01-01,,1
M003107,M,2006,NY,P02,2024-01-01,,0
M003108,F,1958,FL,P03,2024-01-01,2024-04-21,0
M003109,M,1971,GA,P01,2025-02-12,,0
M003110,F,1965,TX,P05,2024-01-01,2024-10-29,0
M003111,F,1969,FL,P02,2024-01-01,,0
M003112,F,2018,FL,P01,2024-01-01,2025-02-01,0
M003113,M,1943,NY,P04,2024-01-01,,1
M003114,M,1951,GA,P03,2024-01-01,,1
M003115,F,2015,NY,P02,2024-01-01,,0
M003116,F,1945,CA,P03,2024-01-01,,0
M003117,M,1986,TX,P01,2024-01-01,,1
M003118,F,1947,MN,P03,2024-01-01,2025-05-09,1
M003119,F,2009,FL,P01,2024-01-01,,0
M003120,M,1979,TX,P01,2024-01-01,,0
M003121,F,2019,GA,P01,2024-01-01,2024-11-02,0
M003122,M,2024,AZ,P02,2024-01-01,,0
M003123,M,1984,FL,P02,2024-12-28,2025-04-27,0
M003124,F,2021,NY,P02,2024-01-01,,0
M003125,F,2008,GA,P01,2024-01-01,,0
M003126,M,1974,TX,P01,2024-06-14,,0
M003127,M,1993,MN,P02,2024-01-01,,0
M003128,F,2001,FL,P01,2024-01-01,,0
M003129,F,1940,CA,P03,2024-01-01,,0
M003130,M,1982,TX,P05,2024-01-01,,1
M003131,F,1963,TX,P02,2024-01-01,2024-06-17,0
M003132,F,1977,TX,P05,2024-10-07,2025-04-30,0
M003133,F,2002,FL,P01,2024-02-18,,0
M003134,F,1998,AZ,P01,2024-01-01,,1
M003135,M,1944,CA,P04,2024-01-01,,0
M003136,M,1940,FL,P04,2024-06-09,,1
M003137,F,2008,CA,P05,2025-04-18,,1
M003138,F,2000,FL,P01,2024-05-22,,0
M003139,M,1960,NY,P04,2024-01-01,,1
M003140,F,1969,CA,P02,2024-01-01,,0
M003141,M,2018,FL,P02,2025-04-25,,0
M003142,F,2004,OH,P01,2025-03-01,,0
M003143,M,2022,CA,P05,2024-01-01,,1
M003144,F,2021,GA,P01,2024-05-15,2025-07-25,0
M003145,M,2001,NY,P05,2024-01-01,,0
M003146,M,1950,FL,P03,2024-03-22,,1
M003147,M,1954,TX,P04,2024-01-01,,1
M003148,F,1943,FL,P04,2025-04-04,,1
M003149,M,2000,AZ,P05,2024-01-01,,0
M003150,F,1990,GA,P01,2024-01-01,,0
M003151,F,1969,MN,P01,2024-01-01,,0
M003152,M,1947,OH,P03,2024-04-09,2024-10-30,1
M003153,M,1972,AZ,P02,2024-01-01,2024-11-15,0
M003154,F,1999,FL,P01,2024-01-01,2024-04-24,0
M003155,M,2022,NY,P01,2024-10-28,,0
M003156,F,1961,CA,P02,2024-12-20,2025-08-20,0
M003157,F,1961,AZ,P01,2024-01-01,,0
M003158,F,1970,MN,P01,2025-05-25,,0
M003159,M,1994,OH,P05,2024-01-01,,0
M003160,M,2007,GA,P02,2024-01-01,,0
M003161,M,2014,AZ,P05,2024-01-01,,0
M003162,M,2001,TX,P05,2025-01-09,,0
M003163,F,2004,CA,P01,2024-01-01,,0
M003164,M,1959,OH,P04,2024-01-01,2024-08-06,1
M003165,F,1937,NY,P03,2024-01-01,2024-06-05,0
M003166,M,1955,NY,P03,2024-01-01,,1
M003167,F,2011,CA,P01,2024-11-13,,0
M003168,M,1984,FL,P01,2024-01-01,,0
M003169,F,1980,AZ,P01,2025-02-09,,0
M003170,M,1940,OH,P03,2024-01-01,,0
M003171,M,1964,NY,P05,2024-11-17,,0
M003172,M,1939,TX,P03,2025-05-10,2025-09-02,0
M003173,F,1960,TX,P04,2024-01-01,,0
M003174,M,1995,CA,P05,2024-01-01,,0
M003175,M,1956,TX,P03,2025-02-19,,0
M003176,M,1975,TX,P01,2024-01-01,,0
M003177,M,1965,TX,P05,2024-01-01,,0
M003178,F,1983,FL,P02,2024-01-01,,0
M003179,M,2012,TX,P01,2024-09-10,,0
M003180,F,1992,OH,P02,2024-01-01,2024-09-01,0
M003181,M,1974,NY,P05,2024-01-01,,0
M003182,M,2023,CA,P01,2024-01-01,,0
M003183,F,1987,MN,P02,2024-01-01,,0
M003184,F,1983,CA,P01,2024-01-01,,0
M003185,M,1991,AZ,P01,2025-02-23,,0
M003186,F,1984,TX,P01,2024-01-01,,0
M003187,F,1953,FL,P04,2025-04-26,2025-08-22,0
M003188,F,2017,FL,P05,2024-09-26,,0
M003189,M,1988,MN,P01,2024-01-01,,0
M003190,F,1974,AZ,P01,2024-01-01,,0
M003191,M,1972,CA,P01,2025-04-24,,0
M003192,M,1995,GA,P01,2024-01-01,,0
M003193,F,1955,FL,P03,2024-01-01,,1
M003194,F,1956,NY,P03,2024-12-23,,1
M003195,F,1940,TX,P03,2024-10-29,,0
M003196,M,1972,NY,P02,2024-01-01,,0
M003197,M,1943,FL,P03,2024-01-01,,0
M003198,F,2003,NY,P01,2024-01-01,,0
M003199,M,1989,CA,P01,2025-02-11,,0
M003200,M,1985,NY,P05,2024-01-01,,0
M003201,F,1956,TX,P04,2024-05-05,,0
M003202,F,1985,CA,P05,2024-01-01,2024-12-06,0
M003203,M,2013,FL,P05,2024-01-01,,1
M003204,F,1956,TX,P03,2024-01-01,,0
M003205,F,1963,CA,P05,2024-01-01,,0
M003206,F,1998,TX,P02,2025-02-20,2025-09-11,0
M003207,M,2012,CA,P01,2024-01-01,2024-07-01,0
M003208,F,2011,FL,P01,2025-02-20,2025-07-05,1
M003209,M,2019,NY,P01,2024-01-01,2024-10-07,1
M003210,F,2013,CA,P01,2024-07-07,2024-12-13,0
M003211,M,1975,TX,P02,2024-05-29,,0
M003212,M,1937,FL,P04,2024-01-01,,0
M003213,F,1949,NY,P04,2024-01-19,,1
M003214,M,1948,GA,P03,2024-01-01,,1
M003215,F,1982,TX,P01,2024-01-01,,0
M003216,M,1947,TX,P04,2025-06-16,,0
M003217,M,1965,GA,P02,2024-10-24,,0
M003218,M,2000,FL,P01,2024-01-01,,0
M003219,M,1986,FL,P01,2024-04-23,,0
M003220,M,2006,FL,P02,2024-01-01,,0
M003221,M,1968,MN,P01,2024-01-01,,0
M003222,F,1937,CA,P04,2024-01-01,,0
M003223,M,1955,TX,P04,2024-01-01,,0
M003224,M,1943,CA,P03,2024-01-01,,1
M003225,M,2010,FL,P01,2024-01-01,,0
M003226,M,1945,TX,P04,2024-01-01,,0
M003227,M,1950,MN,P03,2024-01-01,,0
M003228,F,1980,CA,P01,2024-01-01,2024-11-20,0
M003229,F,1953,OH,P03,2024-03-12,2025-07-19,0
M003230,M,1969,AZ,P02,2024-01-01,,0
M003231,M,2014,FL,P02,2024-05-18,,0
M003232,F,2017,TX,P01,2025-06-22,,0
M003233,M,1973,FL,P02,2024-01-01,,1
M003234,F,2020,OH,P01,2024-06-27,,0
M003235,F,1999,CA,P01,2024-07-18,,0
M003236,M,1961,CA,P01,2024-01-01,,0
M003237,F,1996,TX,P05,2024-01-01,,0
M003238,M,2025,TX,P01,2024-01-01,,0
M003239,M,1962,CA,P02,2024-01-01,,0
M003240,M,1979,TX,P02,2024-01-01,,0
M003241,F,2004,GA,P05,2024-03-12,,1
M003242,F,1956,MN,P03,2024-01-02,,1
M003243,F,1986,AZ,P05,2024-08-06,2025-08-30,0
M003244,M,1990,CA,P01,2025-01-04,,0
M003245,M,1963,FL,P01,2024-01-01,,0
M003246,M,1937,CA,P03,2024-01-01,,0
M003247,F,2009,TX,P02,2024-01-01,,0
M003248,F,1942,MN,P04,2024-01-01,,0
M003249,M,1963,OH,P05,2024-08-22,,0
M003250,M,2022,FL,P02,2024-01-01,,0
M003251,F,2006,GA,P05,2024-01-01,,0
M003252,F,1943,FL,P03,2024-01-01,,0
M003253,M,1968,GA,P01,2024-01-01,,0
M003254,M,1979,CA,P02,2024-01-01,,0
M003255,F,1988,AZ,P01,2024-01-01,,0
M003256,F,1951,MN,P04,2024-01-01,,0
M003257,M,2019,FL,P01,2024-01-01,,0
M003258,M,1967,NY,P02,2024-01-01,,0
M003259,M,1949,FL,P03,2024-11-30,,0
M003260,F,1996,GA,P01,2024-01-01,,0
M003261,M,1962,CA,P01,2024-01-01,,0
M003262,F,1941,MN,P03,2024-01-01,,1
M003263,F,2009,AZ,P01,2024-01-01,,0
M003264,F,1970,FL,P02,2024-01-01,,0
M003265,F,2007,TX,P02,2024-01-01,,1
M003266,F,1964,NY,P01,2024-07-29,,0
M003267,F,1970,FL,P01,2024-09-17,,1
M003268,M,1952,FL,P04,2024-01-01,,0
M003269,F,1996,NY,P05,2024-01-01,,1
M003270,F,1977,NY,P01,2024-01-01,,0
M003271,M,1994,NY,P05,2024-01-01,,0
M003272,F,1960,FL,P03,2024-01-01,,1
M003273,F,1936,TX,P03,2024-03-16,,1
M003274,M,1946,TX,P04,2024-01-01,,1
M003275,F,1944,OH,P04,2024-01-01,,0
M003276,F,1940,CA,P04,2024-01-01,,0
M003277,F,2006,CA,P02,2024-01-01,,0
M003278,M,1970,MN,P02,2024-01-01,,0
M003279,F,1992,AZ,P02,2024-01-01,,0
M003280,F,2016,TX,P01,2024-01-01,2024-05-17,0
M003281,M,1940,GA,P03,2024-01-01,,0
M003282,M,2017,FL,P01,2024-01-01,,1
M003283,F,2005,OH,P01,2024-10-12,,0
M003284,M,1977,TX,P01,2024-01-01,,0
M003285,F,2022,TX,P01,2024-01-01,,0
M003286,F,1938,MN,P03,2024-03-11,,1
M003287,F,1936,NY,P03,2024-01-01,,0
M003288,M,2016,FL,P02,2024-01-01,,0
M003289,F,2022,AZ,P01,2024-01-01,,0
M003290,F,2011,FL,P02,2024-01-01,,1
M003291,F,2016,TX,P02,2024-01-01,,0
M003292,F,1948,CA,P04,2024-11-17,,1
M003293,M,1948,OH,P03,2024-01-01,,1
M003294,F,1985,OH,P02,2024-01-01,,0
M003295,M,1976,CA,P02,2024-01-01,,0
M003296,M,1976,CA,P05,2024-01-01,2024-05-07,0
M003297,M,1955,CA,P04,2024-01-01,2025-03-24,0
M003298,M,2019,FL,P02,2024-01-01,,1
M003299,M,1961,TX,P02,2024-01-01,,0
M003300,F,1996,TX,P01,2024-08-01,,0
M003301,M,1990,OH,P05,2024-11-19,,0
M003302,M,1974,GA,P02,2025-02-17,,0
M003303,F,1993,CA,P01,2024-11-08,,0
M003304,F,2008,FL,P05,2025-03-06,,0
M003305,F,1953,NY,P04,2024-03-19,,0
M003306,M,2015,TX,P01,2024-01-01,,0
M003307,F,2020,NY,P01,2024-01-01,,0
M003308,F,2001,CA,P01,2024-01-01,2024-08-26,1
M003309,F,1960,CA,P03,2024-01-01,,0
M003310,F,2004,TX,P01,2024-01-01,,0
M003311,F,1987,MN,P05,2024-01-01,,0
M003312,M,2013,TX,P05,2025-02-21,,0
M003313,F,1987,TX,P02,2025-06-14,,0
M003314,M,1950,CA,P03,2024-01-01,,0
M003315,F,2005,GA,P01,2024-01-01,,0
M003316,M,1994,GA,P01,2024-01-01,,0
M003317,F,1943,CA,P04,2024-01-01,,1
M003318,M,1986,NY,P01,2024-01-01,,0
M003319,F,2000,CA,P01,2024-01-01,,0
M003320,M,2018,TX,P02,2024-01-01,2024-10-03,0
M003321,M,1965,FL,P01,2024-01-01,,0
M003322,M,1986,CA,P02,2024-01-01,,0
M003323,M,1952,NY,P04,2024-01-01,,1
M003324,M,1942,OH,P04,2024-01-01,,0
M003325,F,1946,MN,P03,2024-03-29,,1
M003326,F,1965,CA,P05,2024-01-01,,0
M003327,M,2013,OH,P02,2025-06-13,,0
M003328,F,1999,MN,P05,2024-01-01,,1
M003329,F,1961,FL,P02,2024-01-01,,0
M003330,M,1975,CA,P01,2025-06-18,,0
M003331,F,1989,OH,P05,2024-07-11,,0
M003332,F,2006,NY,P01,2024-01-01,,0
M003333,F,1976,AZ,P01,2024-06-06,,0
M003334,M,1988,NY,P01,2024-01-01,,0
M003335,F,1991,AZ,P02,2024-03-08,,0
M003336,F,1965,TX,P02,2024-01-01,,0
M003337,M,2001,GA,P02,2024-01-30,,0
M003338,M,1985,FL,P05,2025-04-01,2025-12-01,1
M003339,F,2023,TX,P01,2024-06-25,,0
M003340,F,1979,TX,P02,2024-10-06,,0
M003341,M,1990,NY,P02,2024-01-01,,0
M003342,M,1969,FL,P05,2024-01-01,,0
M003343,F,2004,TX,P01,2024-01-01,,0
M003344,M,1965,NY,P01,2025-06-12,,0
M003345,M,1988,CA,P02,2024-01-01,2024-11-24,0
M003346,F,1937,CA,P03,2024-01-01,2024-06-24,0
M003347,F,1947,NY,P04,2024-10-04,,0
M003348,M,1947,AZ,P03,2024-01-01,,1
M003349,M,1959,OH,P04,2024-02-14,,1
M003350,M,1990,CA,P02,2024-05-17,2025-09-04,0
M003351,F,1969,GA,P01,2024-01-01,,0
M003352,M,1961,AZ,P01,2024-01-01,,0
M003353,F,1981,FL,P01,2024-03-19,,0
M003354,M,1994,TX,P02,2024-01-01,,0
M003355,M,1986,TX,P02,2024-07-12,,0
M003356,M,2004,NY,P02,2024-01-01,,0
M003357,F,1949,MN,P03,2024-01-01,,0
M003358,F,1991,TX,P02,2024-01-01,,0
M003359,F,1958,CA,P03,2025-05-03,,0
M003360,M,1950,TX,P03,2024-01-01,2024-09-12,0
M003361,F,2018,NY,P02,2025-03-15,2025-08-20,0
M003362,F,2014,AZ,P02,2024-06-06,,0
M003363,F,1954,GA,P03,2024-01-01,2024-08-01,0
M003364,M,1960,MN,P03,2024-01-01,,0
M003365,F,2017,CA,P02,2024-01-01,,0
M003366,M,2024,OH,P02,2024-11-12,,0
M003367,M,1938,AZ,P03,2024-01-01,,1
M003368,M,1953,OH,P03,2024-08-20,2025-11-15,0
M003369,M,2015,MN,P01,2024-07-11,,0
M003370,M,2004,FL,P02,2024-01-01,,0
M003371,M,1962,TX,P05,2024-01-01,,0
M003372,F,2015,TX,P01,2024-07-26,,0
M003373,F,1961,AZ,P05,2024-06-14,,0
M003374,F,1992,TX,P01,2024-01-01,,0
M003375,M,1978,GA,P02,2024-01-01,,0
M003376,F,2004,CA,P02,2024-01-01,,0
M003377,M,2004,OH,P01,2024-01-01,,0
M003378,F,2000,OH,P05,2024-08-20,,0
M003379,M,2017,CA,P02,2024-01-01,,0
M003380,F,2005,TX,P05,2025-06-13,,0
M003381,M,1967,NY,P01,2024-01-01,2024-07-27,0
M003382,M,2025,MN,P05,2024-09-06,,0
M003383,M,1988,TX,P05,2024-01-01,,0
M003384,M,1956,FL,P03,2024-07-07,,1
M003385,F,2016,AZ,P01,2024-01-01,,0
M003386,M,1942,TX,P03,2024-07-28,,0
M003387,M,1990,TX,P02,2024-01-01,,0
M003388,F,2011,AZ,P05,2024-01-01,,0
M003389,M,1962,GA,P02,2024-01-01,,0
M003390,F,2013,FL,P01,2024-01-01,,0
M003391,F,2017,MN,P01,2024-01-01,,0
M003392,F,1951,OH,P03,2024-01-01,,0
M003393,M,2004,TX,P05,2024-01-01,,0
M003394,F,2015,CA,P01,2024-01-01,,0
M003395,M,1954,AZ,P04,2024-01-01,,0
M003396,M,2003,OH,P05,2025-01-31,,0
M003397,M,1991,NY,P01,2024-01-01,,0
M003398,M,2010,CA,P01,2024-01-01,2025-02-23,0
M003399,F,1953,FL,P03,2024-12-02,,1
M003400,F,1955,NY,P03,2024-01-01,,0
M003401,M,2022,TX,P01,2024-01-01,,0
M003402,M,1969,GA,P05,2025-01-03,,0
M003403,M,2008,FL,P02,2024-10-28,,0
M003404,M,2006,TX,P05,2024-01-01,,0
M003405,M,1988,TX,P05,2024-01-01,,0
M003406,F,1936,GA,P04,2025-02-10,,0
M003407,F,1986,CA,P02,2024-07-03,,0
M003408,F,1992,CA,P01,2024-01-01,2024-06-01,0
M003409,F,1974,CA,P02,2024-01-01,,0
M003410,F,2017,NY,P01,2024-03-12,,0
M003411,F,1952,AZ,P03,2025-01-23,,0
M003412,M,1975,FL,P01,2024-01-01,,0
M003413,F,2001,TX,P02,2024-01-01,,0
M003414,M,2021,AZ,P01,2024-01-01,2024-09-08,0
M003415,M,1989,CA,P01,2024-01-01,,1
M003416,M,1995,NY,P01,2024-01-01,2025-03-10,0
M003417,F,1943,TX,P03,2024-01-01,,0
M003418,F,1941,AZ,P04,2024-01-01,,1
M003419,F,1990,MN,P01,2024-01-01,,0
M003420,F,2015,CA,P05,2025-03-31,,0
M003421,M,1977,TX,P05,2024-08-22,,0
M003422,F,2012,TX,P02,2025-06-12,,0
M003423,F,1948,FL,P03,2024-08-30,,0
M003424,F,1986,CA,P02,2024-03-05,,0
M003425,F,2002,CA,P01,2024-01-01,,1
M003426,M,1962,NY,P02,2024-01-01,,0
M003427,M,1992,FL,P01,2025-04-23,,0
M003428,F,2000,FL,P05,2024-01-01,,1
M003429,M,2013,MN,P05,2024-01-01,,0
M003430,F,1983,FL,P05,2024-12-14,,0
M003431,F,1944,MN,P03,2024-01-01,,1
M003432,M,1948,NY,P03,2024-05-06,,1
M003433,F,2018,TX,P05,2024-01-01,,0
M003434,F,1984,NY,P01,2024-01-01,2024-05-22,0
M003435,M,1966,MN,P01,2024-06-16,,0
M003436,M,1958,GA,P03,2024-11-16,,1
M003437,F,2011,FL,P02,2024-01-01,,0
M003438,M,1986,TX,P02,2024-01-01,,0
M003439,F,2016,CA,P01,2024-01-01,,0
M003440,M,1960,TX,P03,2024-01-01,,1
M003441,F,1984,FL,P01,2024-01-01,,0
M003442,M,1991,AZ,P01,2024-01-01,,0
M003443,M,2024,OH,P01,2024-01-01,2024-04-14,0
M003444,M,2010,GA,P02,2024-01-01,,0
M003445,F,2013,NY,P05,2024-01-01,2024-04-05,0
M003446,M,1981,TX,P02,2024-01-01,,0
M003447,F,1959,TX,P03,2024-01-01,,0
M003448,M,1951,GA,P04,2024-01-01,,0
M003449,M,2019,CA,P02,2024-12-31,,0
M003450,M,1970,CA,P05,2025-02-18,,0
M003451,M,1938,TX,P03,2024-03-19,,0
M003452,F,1940,FL,P03,2024-01-01,,1
M003453,F,1969,TX,P01,2024-07-05,,0
M003454,F,1996,FL,P01,2024-01-01,,0
M003455,F,1974,AZ,P05,2024-01-01,,0
M003456,F,1954,OH,P04,2024-10-08,,1
M003457,F,1975,AZ,P05,2024-01-01,,0
M003458,M,2024,AZ,P05,2025-02-23,,0
M003459,M,2020,NY,P01,2024-03-20,2024-07-21,0
M003460,F,1937,FL,P04,2024-01-01,,1
M003461,M,1975,CA,P02,2024-01-01,,0
M003462,M,1953,TX,P04,2024-07-25,2025-09-12,1
M003463,M,2005,GA,P01,2024-01-01,,0
M003464,M,1998,GA,P01,2024-01-01,,0
M003465,F,1941,CA,P04,2024-01-01,,0
M003466,F,1936,FL,P04,2024-04-28,,1
M003467,F,1951,TX,P03,2024-01-01,,0
M003468,M,1976,TX,P02,2024-02-14,,0
M003469,F,2001,FL,P02,2024-01-01,,0
M003470,M,1971,MN,P05,2024-01-01,,1
M003471,M,2020,TX,P02,2024-01-01,2024-08-21,0
M003472,M,1973,MN,P02,2025-05-02,,0
M003473,F,1944,CA,P03,2024-01-01,2024-05-26,0
M003474,M,1992,CA,P02,2024-01-01,,0
M003475,F,1950,TX,P03,2024-01-01,2025-01-13,0
M003476,F,2001,TX,P02,2024-09-16,,0
M003477,M,2002,NY,P05,2024-01-01,,0
M003478,M,1964,NY,P05,2024-01-01,,0
M003479,F,2024,CA,P05,2024-01-01,,0
M003480,M,1944,FL,P03,2024-01-01,,1
M003481,F,1961,TX,P02,2025-03-18,,0
M003482,M,1948,FL,P04,2024-01-01,,0
M003483,M,1984,OH,P05,2025-02-02,,0
M003484,M,1951,NY,P03,2024-02-23,,1
M003485,M,1957,TX,P03,2024-01-01,,0
M003486,F,1946,GA,P04,2024-03-06,,0
M003487,F,1936,TX,P03,2024-01-01,,0
M003488,M,1944,GA,P04,2024-01-01,,0
M003489,F,1970,CA,P01,2024-01-01,,0
M003490,F,1990,OH,P02,2024-05-31,,0
M003491,F,1960,TX,P03,2024-01-01,,1
M003492,F,1969,OH,P01,2025-02-28,,0
M003493,F,2012,OH,P05,2024-01-01,,0
M003494,M,1944,TX,P03,2024-01-01,,1
M003495,F,1981,TX,P01,2024-02-05,,1
M003496,F,1938,OH,P04,2024-01-01,,0
M003497,M,1950,CA,P04,2024-01-01,,0
M003498,M,1940,NY,P04,2024-04-15,,1
M003499,F,1980,TX,P02,2024-01-01,,0
M003500,M,1988,TX,P05,2024-09-28,,1
M003501,M,1968,OH,P02,2024-11-21,,1
M003502,F,1937,TX,P03,2024-01-01,,1
M003503,F,1991,TX,P01,2024-01-01,,0
M003504,M,1938,TX,P03,2024-05-09,,1
M003505,M,1951,GA,P04,2025-05-10,,0
M003506,M,1952,FL,P03,2024-01-01,,1
M003507,M,1974,NY,P02,2024-01-01,,1
M003508,M,1960,NY,P04,2024-01-01,,1
M003509,M,1938,FL,P03,2024-01-01,,0
M003510,F,2007,TX,P01,2024-01-01,,0
M003511,M,2015,FL,P05,2024-01-01,,0
M003512,F,1950,TX,P04,2024-01-01,,0
M003513,F,1970,AZ,P05,2024-01-01,,1
M003514,F,1964,OH,P05,2024-02-02,,1
M003515,F,2000,GA,P05,2024-01-01,,1
M003516,M,1947,GA,P04,2024-01-01,,1
M003517,F,1939,TX,P03,2024-01-01,,0
M003518,M,2013,OH,P01,2024-01-01,,0
M003519,F,2022,CA,P02,2025-04-21,,0
M003520,F,1954,GA,P04,2024-01-01,,0
M003521,F,1985,MN,P02,2024-01-01,,0
M003522,F,1996,FL,P05,2024-12-10,,0
M003523,F,2012,NY,P01,2024-01-01,,1
M003524,M,1992,FL,P02,2024-01-01,,1
M003525,M,1964,AZ,P02,2025-03-22,,1
M003526,M,2008,FL,P02,2024-07-31,,0
M003527,M,1999,FL,P01,2024-01-01,,1
M003528,F,2005,AZ,P01,2024-05-19,,0
M003529,M,2006,TX,P05,2024-01-01,,0
M003530,F,1983,CA,P02,2024-01-01,,0
M003531,M,2001,NY,P01,2024-01-01,,0
M003532,F,1985,NY,P01,2024-05-01,2024-12-02,0
M003533,F,2024,TX,P02,2024-01-01,,1
M003534,M,1982,TX,P01,2025-03-22,,0
M003535,M,1936,CA,P04,2024-02-03,2024-06-28,0
M003536,M,1944,CA,P04,2024-06-17,,0
M003537,M,1969,MN,P01,2024-01-09,,0
M003538,M,1943,GA,P03,2024-01-01,,1
M003539,M,1980,NY,P01,2024-01-01,,0
M003540,F,2003,FL,P02,2024-01-01,2025-05-09,0
M003541,F,1967,AZ,P05,2024-01-01,,0
M003542,F,1964,TX,P02,2025-01-04,,0
M003543,M,1966,MN,P05,2025-05-22,,0
M003544,F,2000,MN,P01,2024-01-01,,0
M003545,M,2005,MN,P02,2024-01-01,2024-11-25,0
M003546,F,1986,FL,P02,2024-04-26,,0
M003547,M,1972,TX,P02,2024-01-01,,0
M003548,F,1992,NY,P05,2024-01-01,,0
M003549,M,1978,CA,P01,2024-01-01,2024-09-28,0
M003550,M,1969,CA,P05,2024-01-01,,0
M003551,M,1977,NY,P05,2024-11-01,,0
M003552,F,1958,OH,P03,2024-01-01,,1
M003553,M,2009,FL,P02,2024-01-01,,0
M003554,M,1997,FL,P02,2024-01-01,,0
M003555,F,1988,NY,P01,2024-01-01,,1
M003556,F,1944,TX,P04,2024-01-01,,0
M003557,F,2006,OH,P02,2024-01-01,,0
M003558,F,2015,GA,P05,2025-04-16,,0
M003559,M,1953,AZ,P03,2025-03-16,,1
M003560,F,1987,GA,P02,2024-01-01,2025-04-12,1
M003561,F,1950,CA,P04,2024-01-01,,0
M003562,F,2000,AZ,P02,2025-02-24,,0
M003563,F,2009,CA,P05,2024-01-01,,0
M003564,M,1961,GA,P01,2024-01-01,,1
M003565,F,1992,TX,P05,2024-01-01,,0
M003566,M,1944,OH,P04,2024-01-01,,1
M003567,F,1992,TX,P05,2024-12-09,2025-06-11,0
M003568,M,2025,TX,P02,2024-01-01,,0
M003569,F,2008,CA,P05,2024-01-14,,1
M003570,M,1971,TX,P02,2025-01-31,,0
M003571,M,1959,FL,P04,2025-04-13,,0
M003572,F,1980,GA,P01,2024-12-04,2025-10-31,0
M003573,M,1976,NY,P02,2025-01-07,,0
M003574,F,1989,OH,P02,2024-01-01,,0
M003575,F,1988,GA,P02,2025-02-23,,0
M003576,F,2010,CA,P02,2024-01-01,,0
M003577,F,2009,MN,P05,2025-02-22,,0
M003578,F,2016,FL,P01,2024-01-01,2024-04-02,0
M003579,M,1944,TX,P04,2024-01-01,,1
M003580,F,1985,FL,P01,2024-01-01,,0
M003581,F,1945,GA,P04,2024-01-01,2024-07-20,1
M003582,M,1955,TX,P04,2024-01-01,,1
M003583,M,1986,CA,P02,2024-01-01,2024-05-09,0
M003584,M,1957,NY,P04,2024-01-01,,0
M003585,F,1981,GA,P05,2024-01-01,,0
M003586,F,1960,GA,P04,2024-01-01,,1
M003587,F,2007,FL,P02,2024-01-01,,0
M003588,F,1984,FL,P02,2024-01-01,,0
M003589,F,1947,OH,P04,2024-01-01,,0
M003590,M,2009,AZ,P01,2024-01-01,,0
M003591,F,1955,TX,P04,2024-01-01,,1
M003592,M,1984,OH,P02,2025-02-16,,0
M003593,F,1940,FL,P04,2024-01-01,2024-11-03,1
M003594,M,2022,TX,P01,2024-01-01,,0
M003595,M,1976,FL,P01,2024-01-01,,0
M003596,F,2000,GA,P05,2025-06-15,,0
M003597,M,1984,OH,P05,2024-01-01,,0
M003598,F,2014,CA,P05,2024-01-01,,0
M003599,F,2005,OH,P05,2024-01-01,2025-01-03,1
M003600,M,1986,CA,P02,2024-01-01,,0
M003601,F,2017,FL,P01,2024-01-01,,0
M003602,F,2005,GA,P01,2025-06-10,2025-11-11,0
M003603,F,1979,TX,P02,2024-02-05,,0
M003604,M,1975,AZ,P01,2024-01-01,,0
M003605,F,2003,GA,P05,2024-01-01,,0
M003606,F,2018,OH,P01,2024-01-01,,0
M003607,M,2024,NY,P01,2024-03-03,2024-07-29,0
M003608,M,1989,GA,P01,2025-04-24,,0
M003609,F,1980,TX,P01,2024-01-01,,0
M003610,M,1987,NY,P01,2024-01-01,,0
M003611,F,1956,FL,P03,2024-01-01,,1
M003612,F,2024,NY,P02,2024-05-24,,0
M003613,M,1948,OH,P03,2024-01-01,,1
M003614,F,2023,FL,P05,2024-01-01,,0
M003615,M,1955,TX,P03,2024-01-01,,0
M003616,F,1959,NY,P03,2024-01-01,,1
M003617,F,2021,MN,P02,2024-05-05,2025-02-07,0
M003618,M,1986,OH,P01,2024-01-01,,0
M003619,M,2001,CA,P02,2024-01-01,,0
M003620,M,1963,MN,P05,2024-10-19,,0
M003621,M,1941,GA,P03,2024-01-01,2024-09-09,1
M003622,F,2020,OH,P01,2024-01-06,2024-05-19,0
M003623,M,1980,CA,P02,2024-09-28,,0
M003624,F,1980,CA,P05,2024-01-01,,0
M003625,F,1944,FL,P03,2024-01-01,,0
M003626,M,1945,GA,P03,2024-01-01,,0
M003627,M,2002,FL,P05,2024-06-17,,0
M003628,M,1959,OH,P03,2025-03-04,,0
M003629,M,1952,AZ,P03,2024-01-01,2025-01-04,0
M003630,M,1992,NY,P01,2024-09-03,,0
M003631,M,1974,TX,P01,2024-08-22,,1
M003632,F,1963,TX,P05,2024-04-12,2025-05-23,0
M003633,M,1956,OH,P03,2024-01-01,2024-09-22,0
M003634,F,1993,FL,P02,2024-01-01,,0
M003635,M,1941,TX,P03,2024-08-26,,0
M003636,M,1971,FL,P01,2025-02-18,,0
M003637,F,1969,NY,P05,2025-04-10,,0
M003638,F,2008,NY,P01,2024-02-28,,0
M003639,M,1958,TX,P04,2024-01-01,,0
M003640,F,1973,NY,P02,2024-01-01,,0
M003641,M,2010,CA,P01,2024-01-01,2024-08-27,1
M003642,M,1961,CA,P01,2024-01-01,,0
M003643,M,1937,AZ,P04,2024-01-01,,1
M003644,M,1966,TX,P01,2024-01-01,2024-06-04,0
M003645,F,1981,CA,P01,2024-01-01,,0
M003646,F,1947,TX,P04,2024-01-01,,1
M003647,M,2023,TX,P02,2024-02-07,,1
M003648,M,1970,NY,P02,2024-01-01,,0
M003649,F,2018,OH,P01,2024-01-01,,0
M003650,M,2019,NY,P05,2024-01-01,,0
M003651,F,1974,AZ,P01,2024-01-01,,0
M003652,F,1981,GA,P01,2024-01-01,,0
M003653,F,2017,TX,P02,2024-01-01,,0
M003654,F,2003,NY,P01,2024-02-02,2024-09-09,0
M003655,M,1982,NY,P02,2024-01-01,,0
M003656,M,1983,NY,P01,2024-01-01,2024-10-24,1
M003657,F,2002,CA,P01,2024-07-19,2025-11-28,1
M003658,M,1999,MN,P02,2024-01-01,,0
M003659,F,2020,CA,P05,2024-01-01,2024-06-15,0
M003660,F,2025,GA,P01,2024-01-01,2025-03-06,0
M003661,F,1963,CA,P01,2024-01-01,2024-10-22,0
M003662,M,2010,GA,P05,2025-06-11,,0
M003663,M,1965,CA,P05,2024-01-01,2024-11-13,0
M003664,F,1955,TX,P03,2024-01-01,,1
M003665,M,1961,CA,P01,2024-01-01,,0
M003666,F,1998,NY,P02,2024-01-01,,0
M003667,M,1973,TX,P01,2024-08-23,,0
M003668,M,1971,OH,P01,2024-01-01,,0
M003669,F,2003,AZ,P02,2024-01-12,,0
M003670,F,1939,AZ,P03,2024-01-01,,0
M003671,M,2004,FL,P02,2024-01-01,,0
M003672,M,1960,CA,P03,2024-01-01,,0
M003673,M,1963,AZ,P01,2024-10-26,,1
M003674,F,1973,MN,P02,2024-01-01,,1
M003675,M,1950,TX,P04,2025-06-16,,0
M003676,F,2001,TX,P05,2024-01-01,,0
M003677,F,2018,TX,P02,2024-01-01,2024-08-01,1
M003678,F,1939,CA,P03,2024-01-01,,1
M003679,M,2017,GA,P01,2024-01-01,,0
M003680,M,1992,TX,P01,2024-01-01,,0
M003681,M,1949,OH,P04,2024-01-01,,1
M003682,F,2018,TX,P01,2024-12-08,,0
M003683,M,1967,TX,P02,2024-01-01,2025-04-22,1
M003684,F,1987,NY,P02,2024-01-01,,0
M003685,M,2022,NY,P01,2024-01-01,,1
M003686,F,1979,FL,P01,2024-01-01,,0
M003687,F,2025,FL,P02,2024-01-01,,0
M003688,M,1986,FL,P05,2024-01-01,,1
M003689,M,1948,AZ,P03,2024-01-01,,1
M003690,F,1977,AZ,P02,2024-01-01,,0
M003691,M,2001,CA,P01,2024-01-01,,1
M003692,F,1947,MN,P03,2024-06-12,,1
M003693,M,2000,NY,P01,2024-04-13,,0
M003694,M,1976,TX,P02,2024-01-01,,0
M003695,M,1948,CA,P04,2024-04-20,,0
M003696,M,2012,AZ,P02,2024-01-01,,0
M003697,F,2003,OH,P01,2024-01-01,,1
M003698,M,1969,MN,P01,2024-01-01,,0
M003699,F,2005,NY,P01,2024-01-01,,1
M003700,M,2010,AZ,P02,2024-01-01,,1
M003701,M,1971,GA,P05,2024-01-01,,0
M003702,F,1994,GA,P01,2024-01-01,,0
M003703,F,1950,MN,P03,2024-01-01,,1
M003704,F,1943,FL,P03,2024-01-01,2024-04-26,1
M003705,F,1986,NY,P01,2024-01-01,,0
M003706,F,2008,FL,P01,2024-01-01,,0
M003707,M,1978,AZ,P02,2025-02-10,,1
M003708,M,1957,NY,P03,2025-03-11,,0
M003709,M,1991,TX,P02,2024-01-01,2024-06-25,0
M003710,M,1958,CA,P04,2024-09-29,,0
M003711,M,2025,TX,P05,2024-01-01,,0
M003712,M,1958,CA,P04,2024-01-01,,0
M003713,F,2016,TX,P05,2024-01-01,,0
M003714,F,1944,MN,P04,2024-01-01,,1
M003715,M,1963,NY,P05,2024-01-01,,0
M003716,F,2005,MN,P05,2024-01-01,2024-08-07,0
M003717,F,1952,TX,P04,2024-12-09,,1
M003718,F,1948,CA,P04,2024-05-31,,1
M003719,M,2012,MN,P05,2024-07-15,,0
M003720,F,1969,OH,P02,2024-01-01,,0
M003721,F,1958,TX,P03,2024-01-01,2024-11-21,0
M003722,F,1996,AZ,P02,2024-03-13,,0
M003723,F,2013,TX,P05,2024-01-01,,0
M003724,F,1971,FL,P02,2024-01-01,,0
M003725,F,1953,OH,P04,2024-01-01,,0
M003726,F,1959,OH,P04,2024-01-01,,0
M003727,M,1971,OH,P05,2024-01-01,,0
M003728,F,1997,TX,P01,2024-01-01,,0
M003729,M,1943,FL,P04,2024-01-01,2024-09-20,0
M003730,M,1959,FL,P04,2024-07-19,,0
M003731,M,1986,CA,P05,2024-01-01,,0
M003732,M,2017,TX,P05,2024-01-01,,0
M003733,M,1946,OH,P03,2024-01-01,2025-04-15,0
M003734,M,1960,AZ,P03,2024-10-25,,0
M003735,F,2001,MN,P01,2024-01-01,2024-06-14,0
M003736,M,1972,GA,P05,2024-01-01,,0
M003737,F,1981,FL,P01,2024-01-01,,0
M003738,F,1956,CA,P04,2024-08-10,,1
M003739,M,1958,AZ,P04,2024-01-01,,0
M003740,F,1966,TX,P02,2024-01-01,,0
M003741,F,2012,FL,P01,2024-01-01,,0
M003742,F,2002,FL,P01,2025-05-30,,0
M003743,M,2000,NY,P05,2024-01-01,,0
M003744,F,1998,MN,P02,2024-01-01,,0
M003745,F,1995,CA,P01,2024-01-01,,0
M003746,M,1944,NY,P04,2024-01-01,,1
M003747,M,1983,NY,P01,2024-01-01,,0
M003748,F,1967,AZ,P05,2024-01-01,,0
M003749,M,2003,FL,P02,2024-01-01,,0
M003750,M,1991,NY,P01,2024-08-15,,0
M003751,M,2019,AZ,P01,2024-01-01,,0
M003752,M,2008,MN,P02,2024-05-26,,0
M003753,M,1988,CA,P02,2024-01-01,,1
M003754,F,1940,TX,P04,2025-06-22,,1
M003755,F,1963,AZ,P02,2024-01-01,,0
M003756,M,2008,AZ,P02,2024-01-01,,0
M003757,M,2015,TX,P01,2024-01-01,,0
M003758,M,1975,TX,P01,2024-01-01,,0
M003759,M,2020,TX,P05,2024-07-12,,0
M003760,M,2004,NY,P01,2024-01-01,,1
M003761,F,2013,FL,P05,2025-03-09,,0
M003762,F,1980,FL,P02,2024-01-01,2024-11-19,0
M003763,F,1971,GA,P01,2024-01-01,,0
M003764,F,2013,FL,P01,2024-08-26,,0
M003765,F,1998,MN,P01,2024-01-01,,0
M003766,M,1944,CA,P04,2024-01-24,,1
M003767,M,1981,CA,P02,2024-01-01,,0
M003768,M,2003,MN,P02,2024-01-01,,0
M003769,M,1952,TX,P03,2024-04-18,,1
M003770,F,1955,TX,P03,2024-01-01,,0
M003771,M,2025,CA,P05,2024-01-01,2024-10-15,0
M003772,M,1988,NY,P05,2024-01-01,2024-08-04,0
M003773,F,1954,CA,P03,2024-01-01,,0
M003774,F,1942,MN,P04,2024-01-01,,0
M003775,M,1946,MN,P04,2024-01-01,,0
M003776,M,1967,TX,P02,2024-01-01,,1
M003777,F,1941,TX,P04,2024-01-01,,1
M003778,F,1980,NY,P01,2024-01-01,,0
M003779,M,1960,MN,P04,2024-01-01,,0
M003780,M,2016,FL,P05,2024-01-01,,0
M003781,F,1989,FL,P01,2024-10-23,,0
M003782,F,1966,FL,P05,2025-05-12,,0
M003783,M,1989,MN,P05,2024-01-01,,0
M003784,M,1967,TX,P01,2024-01-01,,0
M003785,M,1998,NY,P02,2024-01-01,,0
M003786,M,1968,TX,P05,2024-01-01,,1
M003787,F,1985,NY,P05,2024-01-01,,0
M003788,F,1994,CA,P01,2025-03-08,,1
M003789,F,2012,NY,P02,2024-04-13,,0
M003790,F,1947,TX,P03,2024-01-01,2024-04-09,0
M003791,M,2007,TX,P01,2024-01-01,,0
M003792,M,1976,TX,P02,2024-01-01,,0
M003793,M,1995,GA,P01,2024-02-07,,0
M003794,M,2000,OH,P01,2024-01-01,,0
M003795,F,1936,TX,P03,2025-01-25,,0
M003796,M,1941,FL,P03,2024-01-01,,1
M003797,F,1950,CA,P03,2024-10-18,2025-12-14,0
M003798,F,1943,TX,P04,2024-01-01,,0
M003799,M,1995,GA,P02,2024-01-01,,0
M003800,F,1989,FL,P01,2024-01-01,,1
M003801,F,1983,OH,P01,2024-01-01,,0
M003802,F,2004,NY,P01,2024-01-01,,0
M003803,F,2021,AZ,P02,2024-01-01,,0
M003804,M,1981,OH,P01,2024-01-01,,0
M003805,F,1989,TX,P01,2024-01-01,,1
M003806,F,1983,TX,P01,2025-02-02,2025-07-24,0
M003807,M,1938,CA,P03,2024-01-01,,1
M003808,F,1948,TX,P03,2024-01-01,,1
M003809,M,1964,CA,P05,2024-01-01,,1
M003810,M,1946,MN,P04,2024-01-01,,0
M003811,F,1960,FL,P03,2024-01-01,,0
M003812,M,1965,OH,P01,2024-11-09,,0
M003813,M,1960,FL,P03,2024-01-01,,0
M003814,M,1999,TX,P01,2024-01-01,,0
M003815,F,1990,TX,P02,2025-04-16,,0
M003816,M,1996,TX,P02,2024-01-01,,0
M003817,M,1961,FL,P02,2024-01-01,2024-05-26,0
M003818,M,1996,MN,P01,2024-01-01,,0
M003819,M,1940,NY,P03,2024-02-11,,1
M003820,F,2002,TX,P05,2025-05-29,,0
M003821,M,1951,TX,P04,2024-06-06,,0
M003822,M,1958,MN,P03,2024-01-01,2024-11-19,1
M003823,M,2000,TX,P02,2024-01-01,,0
M003824,M,2025,FL,P01,2024-10-12,,0
M003825,F,1937,GA,P04,2024-01-01,,1
M003826,F,1969,NY,P02,2024-01-01,,0
M003827,M,2002,FL,P01,2025-06-17,2025-11-16,0
M003828,F,2019,OH,P02,2024-01-01,2024-12-18,0
M003829,M,1964,FL,P05,2024-01-01,,0
M003830,F,1952,NY,P03,2024-05-21,,1
M003831,M,1993,TX,P02,2024-01-01,,0
M003832,F,1953,AZ,P03,2024-02-16,,0
M003833,M,1976,NY,P02,2024-01-01,,0
M003834,F,2021,TX,P02,2024-01-01,,0
M003835,F,2006,NY,P01,2024-02-02,,0
M003836,F,1989,FL,P02,2024-05-22,,0
M003837,M,1952,AZ,P03,2024-12-06,,0
M003838,M,2004,TX,P01,2024-01-01,,0
M003839,M,1941,FL,P04,2024-01-01,,0
M003840,F,1964,GA,P01,2024-01-01,,0
M003841,F,1948,FL,P03,2024-01-01,,1
M003842,M,1955,FL,P03,2024-11-05,2025-11-29,0
M003843,F,1944,GA,P03,2025-05-21,,0
M003844,M,1947,OH,P03,2024-01-01,,1
M003845,F,1997,FL,P05,2025-05-03,,0
M003846,F,1998,CA,P02,2024-01-01,,0
M003847,M,1943,NY,P04,2025-04-30,,1
M003848,M,1959,AZ,P04,2024-01-01,,0
M003849,F,1975,OH,P01,2024-02-27,,0
M003850,M,1982,NY,P01,2024-08-10,,0
M003851,F,2025,GA,P02,2024-01-01,2024-07-03,0
M003852,M,1992,FL,P01,2024-01-24,,0
M003853,M,1963,CA,P02,2024-01-01,,0
M003854,M,2000,OH,P02,2024-12-23,,0
M003855,F,1943,CA,P03,2024-01-01,2024-04-28,1
M003856,M,2004,CA,P01,2024-01-01,2024-05-09,0
M003857,M,1955,TX,P04,2024-01-18,2024-05-07,0
M003858,M,1980,NY,P02,2024-02-26,,0
M003859,F,1949,NY,P04,2025-05-15,,0
M003860,M,1987,AZ,P01,2024-01-01,,1
M003861,F,1987,TX,P02,2024-01-01,2024-10-15,0
M003862,F,1970,AZ,P01,2024-01-01,,0
M003863,M,1941,TX,P03,2024-07-19,,1
M003864,M,1990,OH,P02,2024-03-10,,0
M003865,F,2022,NY,P05,2024-01-17,2024-09-18,0
M003866,M,1988,CA,P02,2024-01-01,,0
M003867,F,1959,AZ,P03,2024-09-28,,0
M003868,M,1994,CA,P01,2024-01-01,,0
M003869,M,1954,TX,P03,2025-04-15,,1
M003870,M,1976,CA,P02,2024-01-01,,1
M003871,F,1997,NY,P02,2024-01-01,,1
M003872,F,1999,OH,P01,2024-01-01,,0
M003873,F,1994,FL,P01,2024-09-27,,0
M003874,F,1970,TX,P01,2024-01-01,2025-02-12,0
M003875,F,1994,FL,P05,2024-01-01,2024-09-10,1
M003876,F,2004,NY,P02,2025-01-17,,0
M003877,M,1987,NY,P01,2024-04-07,,0
M003878,F,1980,GA,P05,2024-01-01,,0
M003879,F,1966,FL,P01,2024-01-01,,0
M003880,M,1967,NY,P02,2024-01-01,,1
M003881,F,1945,MN,P04,2024-01-01,,1
M003882,M,1976,FL,P05,2024-01-01,,0
M003883,M,1940,CA,P04,2024-01-01,,1
M003884,F,2003,MN,P02,2024-01-01,,0
M003885,M,1989,TX,P05,2024-01-01,,0
M003886,M,1980,NY,P01,2024-01-01,,1
M003887,M,1992,FL,P05,2024-01-01,,0
M003888,M,2012,TX,P05,2024-01-01,,0
M003889,F,2025,GA,P05,2024-01-01,,0
M003890,F,2022,TX,P01,2024-01-01,,0
M003891,M,1998,AZ,P01,2024-01-01,,0
M003892,F,1960,CA,P03,2024-05-24,,0
M003893,F,1974,TX,P02,2024-07-03,,0
M003894,M,1973,FL,P02,2024-01-01,,0
M003895,F,1979,GA,P05,2025-04-23,,0
M003896,M,1954,FL,P03,2024-11-05,2025-10-27,0
M003897,M,1968,FL,P02,2024-01-01,,0
M003898,F,1964,FL,P02,2024-01-01,,1
M003899,F,1970,NY,P01,2024-01-01,,1
M003900,M,1997,FL,P01,2024-01-01,,0
M003901,M,2012,MN,P01,2024-01-01,,0
M003902,F,1960,TX,P04,2024-01-01,,0
M003903,F,1946,TX,P04,2025-02-07,,0
M003904,M,1974,CA,P02,2024-01-01,,0
M003905,F,1963,FL,P02,2024-01-01,,0
M003906,F,1940,GA,P03,2025-02-21,,0
M003907,F,1940,AZ,P04,2024-01-01,2024-10-09,0
M003908,F,1971,NY,P05,2024-01-01,,0
M003909,F,1971,AZ,P02,2024-11-26,,0
M003910,F,1943,GA,P04,2024-01-01,,1
M003911,M,2002,TX,P02,2024-01-01,2024-09-22,0
M003912,M,1985,TX,P02,2024-01-01,,0
M003913,F,1972,NY,P05,2024-01-01,,0
M003914,F,2011,MN,P02,2024-12-18,,0
M003915,M,2011,GA,P02,2024-01-01,,0
M003916,M,2000,NY,P02,2025-01-05,,0
M003917,F,2002,TX,P02,2024-01-01,,1
M003918,M,1977,GA,P02,2024-01-30,,1
M003919,F,1957,OH,P03,2024-01-01,,0
M003920,M,2015,MN,P02,2024-02-26,,1
M003921,F,2004,OH,P01,2024-01-01,,0
M003922,M,1965,TX,P05,2024-06-08,,0
M003923,M,1987,NY,P02,2024-06-27,,0
M003924,M,2012,CA,P05,2024-01-01,,0
M003925,M,1986,CA,P01,2024-01-01,,0
M003926,F,1957,NY,P03,2024-01-01,,0
M003927,M,2001,AZ,P02,2024-01-01,,0
M003928,F,1994,GA,P05,2024-01-01,,0
M003929,M,1986,TX,P01,2024-01-01,,0
M003930,M,1971,TX,P05,2025-01-20,,0
M003931,M,1989,FL,P02,2025-05-02,,1
M003932,M,1960,OH,P03,2024-01-01,,0
M003933,M,1976,NY,P02,2024-01-01,2024-10-25,0
M003934,M,1998,CA,P01,2024-01-01,,0
M003935,F,1994,CA,P02,2024-05-01,,0
M003936,F,1980,GA,P01,2024-09-04,,0
M003937,F,2021,TX,P02,2024-01-01,,0
M003938,F,1956,NY,P03,2024-01-01,,0
M003939,F,2010,GA,P02,2024-01-01,,0
M003940,M,1973,FL,P01,2024-01-01,,0
M003941,F,1972,FL,P01,2024-05-30,,0
M003942,M,1972,OH,P01,2024-01-01,,0
M003943,M,2019,TX,P01,2024-01-01,2024-11-19,0
M003944,F,1958,CA,P03,2024-01-01,2024-10-01,0
M003945,M,2005,AZ,P01,2024-01-01,,0
M003946,F,2024,TX,P05,2024-01-01,,0
M003947,F,2009,AZ,P01,2024-01-01,,0
M003948,M,1997,TX,P01,2024-01-01,,1
M003949,F,1968,CA,P05,2024-01-01,,0
M003950,F,2014,TX,P01,2024-02-27,,0
M003951,F,1970,OH,P02,2024-07-07,,0
M003952,M,1972,MN,P05,2024-01-01,,0
M003953,M,2015,FL,P05,2024-01-01,2025-01-17,0
M003954,M,1943,AZ,P04,2025-05-24,,0
M003955,M,1996,OH,P01,2025-04-15,,0
M003956,F,1939,MN,P03,2024-09-29,2025-05-01,0
M003957,F,1974,OH,P05,2024-01-01,,0
M003958,F,1962,OH,P05,2024-01-01,,1
M003959,F,2005,MN,P01,2024-01-01,,0
M003960,M,1966,OH,P02,2025-05-04,,0
M003961,F,1963,GA,P02,2024-01-01,,0
M003962,F,1987,FL,P01,2024-01-01,,0
M003963,F,1943,TX,P03,2024-08-14,,0
M003964,F,2008,NY,P01,2024-11-24,,0
M003965,M,2017,FL,P02,2024-01-01,,0
M003966,M,1973,CA,P01,2024-01-01,,0
M003967,M,2005,AZ,P02,2024-01-01,,0
M003968,M,1980,NY,P01,2024-01-01,,0
M003969,F,2008,MN,P02,2024-01-01,,0
M003970,F,1962,FL,P01,2024-01-01,2024-04-20,0
M003971,M,1975,FL,P05,2024-08-05,,1
M003972,M,2001,FL,P01,2025-05-14,,0
M003973,F,1995,MN,P02,2024-01-09,,0
M003974,F,2022,CA,P01,2024-09-28,,0
M003975,F,2017,AZ,P01,2024-01-01,,0
M003976,F,1961,FL,P01,2024-01-01,,0
M003977,F,1972,FL,P01,2024-06-02,,1
M003978,F,1971,GA,P01,2024-01-01,,0
M003979,F,1984,NY,P02,2024-02-13,,0
M003980,M,1952,CA,P03,2024-01-01,,1
M003981,M,2019,CA,P01,2024-01-01,,0
M003982,M,1978,CA,P02,2024-01-01,,0
M003983,F,1948,GA,P03,2024-01-01,,0
M003984,M,2025,TX,P01,2024-01-01,,0
M003985,F,2024,TX,P02,2024-01-01,,0
M003986,M,1989,TX,P01,2024-01-01,,1
M003987,F,1971,CA,P01,2024-06-08,2025-02-26,0
M003988,F,2002,GA,P02,2024-01-01,,1
M003989,M,1961,OH,P05,2024-01-01,,0
M003990,F,2001,MN,P05,2024-01-01,,0
M003991,F,1978,NY,P05,2024-01-01,,0
M003992,F,2010,CA,P02,2024-01-01,,1
M003993,M,1986,NY,P01,2024-01-01,,1
M003994,M,2008,AZ,P02,2024-01-01,,0
M003995,M,1975,TX,P01,2024-04-04,,0
M003996,M,1996,CA,P01,2024-02-04,,0
M003997,M,2023,CA,P01,2024-01-01,,0
M003998,M,2009,MN,P02,2024-09-16,,1
M003999,F,2003,TX,P02,2024-01-01,,0
M004000,F,1995,TX,P01,2024-01-01,,0
M004001,F,1960,NY,P04,2024-04-25,,0
M004002,M,1988,NY,P02,2024-05-10,,0
M004003,M,1963,FL,P05,2024-01-01,,0
M004004,M,1979,NY,P01,2024-01-01,,0
M004005,M,2005,NY,P02,2024-01-01,,0
M004006,M,1981,FL,P01,2024-01-01,,0
M004007,M,1963,CA,P02,2024-01-01,,0
M004008,F,2010,TX,P01,2024-01-01,,0
M004009,F,2010,GA,P01,2024-01-22,2024-08-28,0
M004010,F,1953,CA,P03,2024-01-01,,0
M004011,M,1971,NY,P01,2024-01-01,,0
M004012,M,1971,CA,P01,2024-04-15,,0
M004013,F,1999,TX,P05,2024-01-01,,0
M004014,F,1969,OH,P01,2024-01-01,,0
M004015,M,1955,CA,P03,2024-01-01,,1
M004016,M,1962,TX,P02,2024-01-01,,0
M004017,M,1966,MN,P01,2024-01-01,,0
M004018,F,1963,AZ,P02,2024-01-01,,0
M004019,F,2000,OH,P01,2025-05-02,,0
M004020,M,1953,NY,P04,2024-01-01,,0
M004021,F,2015,NY,P01,2024-12-28,,1
M004022,F,1967,FL,P01,2025-02-16,,0
M004023,M,2005,FL,P02,2024-01-01,,0
M004024,M,1996,NY,P05,2024-01-01,,0
M004025,M,1960,OH,P04,2024-03-13,,0
M004026,F,1974,CA,P05,2024-01-01,2025-04-02,0
M004027,M,1958,AZ,P03,2024-01-01,,1
M004028,M,1956,CA,P03,2024-01-01,,0
M004029,M,1979,FL,P02,2024-01-01,,0
M004030,F,1974,CA,P05,2024-01-01,,0
M004031,F,1988,OH,P02,2024-01-01,2025-05-01,0
M004032,M,1998,TX,P02,2024-01-01,,0
M004033,M,1936,FL,P03,2025-06-14,,0
M004034,F,2001,OH,P02,2024-01-01,,0
M004035,F,1985,NY,P01,2024-07-24,,0
M004036,F,2007,FL,P02,2024-01-01,,0
M004037,M,1994,OH,P02,2024-01-01,,0
M004038,F,2002,AZ,P05,2024-01-01,,1
M004039,M,2009,CA,P02,2024-01-01,,0
M004040,F,1972,OH,P05,2024-01-01,,0
M004041,F,1976,TX,P02,2025-03-16,2025-09-11,0
M004042,M,1956,CA,P04,2024-01-01,,0
M004043,F,2020,FL,P01,2024-05-10,,0
M004044,F,2009,MN,P05,2024-01-01,,0
M004045,F,2011,FL,P02,2024-01-01,,0
M004046,M,1979,MN,P01,2024-01-01,,0
M004047,F,1967,CA,P01,2024-03-22,2024-12-12,0
M004048,M,2001,CA,P01,2024-01-01,2024-09-24,0
M004049,F,2004,CA,P02,2024-01-01,,0
M004050,M,1955,FL,P04,2024-01-01,,0
M004051,M,1961,FL,P05,2024-01-01,,0
M004052,F,1957,FL,P03,2024-01-01,,0
M004053,M,2007,OH,P02,2024-05-15,,0
M004054,F,1992,OH,P02,2024-01-01,,0
M004055,F,1966,MN,P05,2024-12-08,2025-06-07,0
M004056,F,1978,TX,P05,2024-01-01,2024-04-04,0
M004057,F,1992,GA,P01,2025-05-30,,0
M004058,F,1978,TX,P05,2024-05-12,,0
M004059,F,2025,CA,P02,2024-01-01,,0
M004060,M,1944,TX,P04,2024-01-14,,0
M004061,M,2019,MN,P05,2024-11-16,,0
M004062,F,1946,CA,P04,2024-01-01,2025-05-11,0
M004063,M,2003,CA,P01,2024-01-01,,0
M004064,F,1942,FL,P03,2024-01-01,,1
M004065,M,2010,CA,P01,2024-01-01,,0
M004066,M,1942,TX,P04,2024-01-01,2024-12-23,0
M004067,M,1968,OH,P01,2024-01-01,,0
M004068,F,1958,NY,P03,2024-01-01,,0
M004069,F,1977,TX,P05,2024-01-01,,0
M004070,F,1988,TX,P01,2024-01-01,,0
M004071,M,1985,FL,P02,2024-01-01,,0
M004072,M,1937,CA,P03,2024-01-12,,0
M004073,F,1982,FL,P02,2024-01-01,,0
M004074,F,1966,TX,P01,2024-01-01,2024-09-15,1
M004075,F,1974,TX,P01,2024-01-01,,1
M004076,M,2006,FL,P02,2024-06-24,,0
M004077,M,1943,NY,P03,2024-01-01,,0
M004078,F,1947,OH,P03,2024-01-01,2024-06-14,0
M004079,M,2001,FL,P01,2024-01-01,,1
M004080,M,2005,CA,P02,2024-01-01,,0
M004081,M,2018,NY,P02,2025-02-11,,0
M004082,M,1990,FL,P01,2024-01-01,,0
M004083,M,1955,MN,P04,2024-01-01,2024-10-13,1
M004084,F,1972,OH,P02,2024-01-01,,0
M004085,F,1977,NY,P02,2024-04-28,,0
M004086,M,1978,CA,P05,2024-01-01,,1
M004087,M,1990,CA,P02,2025-06-14,,0
M004088,F,1944,FL,P03,2024-01-01,,0
M004089,F,1962,TX,P01,2024-01-01,,0
M004090,M,1973,GA,P01,2024-01-01,2024-06-30,0
M004091,F,2003,AZ,P01,2024-10-11,,1
M004092,M,1949,MN,P04,2024-10-18,,0
M004093,F,2025,CA,P05,2024-01-01,,0
M004094,F,1961,MN,P01,2024-01-01,,1
M004095,F,1978,OH,P01,2024-01-01,,0
M004096,M,1965,CA,P02,2024-01-01,,0
M004097,M,1936,AZ,P03,2025-06-21,,0
M004098,F,1936,MN,P03,2024-01-01,2025-04-27,1
M004099,M,1960,NY,P03,2024-01-01,2024-12-25,0
M004100,M,2022,GA,P05,2024-01-01,,0
M004101,M,1974,GA,P01,2024-01-01,,0
M004102,M,1960,NY,P03,2024-06-12,2025-01-14,1
M004103,F,1945,CA,P03,2024-01-01,,0
M004104,F,1971,TX,P02,2024-08-27,,0
M004105,M,1994,MN,P05,2024-01-01,,0
M004106,M,1964,TX,P01,2024-01-01,,0
M004107,F,1940,TX,P04,2024-01-01,,1
M004108,M,1950,FL,P04,2024-01-01,,1
M004109,F,2017,CA,P05,2024-01-01,,1
M004110,M,2000,FL,P02,2024-01-01,,0
M004111,M,2014,TX,P02,2024-06-06,2024-11-27,0
M004112,M,2022,AZ,P05,2024-01-01,,0
M004113,F,1944,CA,P04,2024-01-01,2025-02-09,0
M004114,F,1992,MN,P02,2024-01-01,,0
M004115,M,1938,AZ,P04,2024-01-01,,1
M004116,M,2001,CA,P01,2024-01-01,,0
M004117,M,1941,CA,P03,2024-01-01,,1
M004118,M,2018,FL,P05,2024-01-01,,0
M004119,M,1966,MN,P02,2024-01-01,,0
M004120,M,2019,NY,P02,2024-01-01,,0
M004121,M,2000,GA,P05,2025-01-01,,0
M004122,M,1938,MN,P04,2024-01-01,,0
M004123,M,1965,FL,P05,2025-03-30,,0
M004124,F,2012,AZ,P02,2024-01-01,,0
M004125,M,2000,GA,P05,2024-09-22,,0
M004126,F,1977,CA,P01,2024-10-05,,0
M004127,M,1988,MN,P02,2024-01-01,,1
M004128,M,2001,NY,P02,2024-01-01,,0
M004129,F,1953,CA,P04,2024-01-01,,1
M004130,F,1997,TX,P05,2024-01-01,,0
M004131,M,1944,OH,P04,2024-01-01,,1
M004132,M,1937,GA,P03,2024-01-01,,0
M004133,F,2002,FL,P02,2025-03-18,,0
M004134,F,1963,FL,P02,2024-01-01,2025-03-16,0
M004135,M,1995,TX,P02,2024-05-25,,1
M004136,M,1976,NY,P01,2024-01-01,,0
M004137,M,2010,NY,P02,2024-01-01,,0
M004138,M,1984,GA,P05,2024-01-01,,0
M004139,M,1953,TX,P04,2024-01-01,,1
M004140,F,1958,TX,P04,2024-01-01,,1
M004141,M,1995,TX,P02,2024-01-01,,0
M004142,M,1979,MN,P02,2024-01-01,,0
M004143,F,2022,CA,P01,2024-01-01,2025-02-04,0
M004144,F,1981,FL,P02,2024-12-25,,0
M004145,M,1977,TX,P02,2024-01-01,,0
M004146,F,1993,TX,P01,2024-01-17,,0
M004147,M,2023,OH,P01,2024-01-01,,0
M004148,F,1940,CA,P03,2024-01-01,,1
M004149,F,1975,OH,P02,2024-01-01,,0
M004150,F,1996,FL,P02,2025-03-25,,1
M004151,M,2019,CA,P01,2024-01-01,,0
M004152,F,2000,NY,P02,2024-01-01,,0
M004153,M,1961,FL,P02,2024-12-11,,0
M004154,F,2008,FL,P02,2024-06-01,2025-02-10,0
M004155,F,1946,TX,P03,2024-01-04,,0
M004156,F,2002,OH,P01,2024-06-22,,0
M004157,M,1979,NY,P05,2024-01-01,2024-12-23,0
M004158,F,1998,CA,P01,2024-08-16,2025-04-19,1
M004159,M,2001,NY,P02,2024-01-01,,0
M004160,F,1988,TX,P01,2024-02-07,,0
M004161,F,1988,GA,P02,2024-01-01,,0
M004162,M,1993,GA,P01,2024-01-01,,0
M004163,M,2009,TX,P05,2024-01-01,,0
M004164,F,2018,AZ,P02,2024-12-15,,1
M004165,F,1944,CA,P03,2024-01-01,,0
M004166,F,2003,CA,P01,2024-09-12,,0
M004167,F,1986,NY,P01,2024-01-01,,0
M004168,F,2001,GA,P02,2024-01-01,,0
M004169,M,1970,TX,P02,2024-01-01,,1
M004170,F,1980,FL,P02,2024-01-01,,0
M004171,F,1999,MN,P05,2024-01-01,,0
M004172,F,1940,MN,P04,2024-06-08,,1
M004173,M,1977,GA,P05,2024-01-01,,0
M004174,F,2025,TX,P01,2024-01-01,,0
M004175,M,1938,NY,P04,2024-01-01,,0
M004176,M,1940,CA,P03,2024-04-17,,0
M004177,F,1942,TX,P03,2024-01-01,,0
M004178,M,1993,TX,P05,2024-06-09,2024-10-14,0
M004179,F,1956,AZ,P03,2024-01-01,,1
M004180,M,2013,TX,P05,2024-10-09,,1
M004181,F,1944,FL,P04,2024-01-01,,1
M004182,M,1993,TX,P01,2024-02-05,,0
M004183,M,1941,NY,P03,2024-05-21,,0
M004184,F,1988,GA,P02,2025-04-06,,0
M004185,F,2001,FL,P05,2024-01-01,,1
M004186,F,1957,GA,P04,2025-04-18,,0
M004187,M,1961,TX,P01,2024-01-01,,0
M004188,F,1983,FL,P01,2024-01-01,,0
M004189,M,1989,FL,P01,2024-01-01,,0
M004190,M,2023,CA,P02,2024-01-01,,0
M004191,M,1985,MN,P01,2024-01-01,,0
M004192,M,1944,OH,P04,2024-01-01,,0
M004193,F,1942,FL,P03,2024-01-01,,0
M004194,F,1974,MN,P05,2024-01-01,2024-04-13,0
M004195,M,2023,OH,P01,2024-01-01,,0
M004196,M,2009,CA,P02,2024-05-29,2024-09-28,1
M004197,M,1975,AZ,P01,2024-01-01,,0
M004198,M,1965,GA,P05,2024-01-01,,0
M004199,M,1992,OH,P01,2024-01-01,,0
M004200,M,1991,FL,P01,2024-02-09,,0
M004201,M,1963,TX,P01,2024-01-01,,0
M004202,M,1936,AZ,P04,2024-01-01,,1
M004203,F,1994,OH,P01,2025-06-19,,0
M004204,F,1941,GA,P03,2025-04-17,,0
M004205,F,1950,GA,P04,2024-01-01,,0
M004206,F,1937,AZ,P04,2024-06-08,,1
M004207,M,1987,FL,P01,2025-02-07,,1
M004208,F,1961,FL,P01,2024-01-01,,0
M004209,F,1993,FL,P02,2024-01-01,,0
M004210,F,1969,TX,P01,2024-01-01,,0
M004211,M,1958,CA,P03,2024-09-13,,1
M004212,M,2005,CA,P02,2024-01-01,,0
M004213,M,2008,TX,P02,2024-01-01,,0
M004214,M,1976,NY,P01,2024-07-26,2025-10-04,0
M004215,M,1956,FL,P03,2024-06-06,,1
M004216,F,2011,CA,P01,2024-01-01,,0
M004217,M,1948,CA,P03,2024-08-02,,1
M004218,F,2001,FL,P01,2024-11-24,,0
M004219,F,2016,OH,P05,2024-01-30,,0
M004220,M,1952,CA,P03,2024-04-20,,1
M004221,F,1970,CA,P01,2024-01-01,,0
M004222,M,1963,CA,P01,2024-05-20,,0
M004223,M,2010,TX,P02,2024-01-01,,0
M004224,M,1997,GA,P01,2024-12-29,,0
M004225,M,1993,MN,P01,2025-02-07,,0
M004226,F,1993,TX,P05,2025-06-01,,0
M004227,F,1949,FL,P03,2024-03-26,,0
M004228,F,2011,GA,P01,2025-02-11,,0
M004229,M,1950,OH,P03,2024-01-01,2025-04-05,1
M004230,F,1999,FL,P01,2024-01-01,,0
M004231,M,2020,NY,P05,2024-01-01,2025-01-27,0
M004232,F,2021,AZ,P01,2024-06-17,,0
M004233,F,1944,FL,P04,2024-01-01,,0
M004234,F,1937,OH,P04,2024-01-01,2024-05-25,0
M004235,M,1990,GA,P01,2024-01-01,,0
M004236,F,2024,TX,P01,2024-01-01,,0
M004237,F,1971,MN,P02,2024-01-01,,0
M004238,F,1981,MN,P05,2025-02-03,,0
M004239,F,2006,OH,P02,2024-04-08,2024-10-07,0
M004240,M,1953,CA,P03,2024-01-01,2024-08-31,0
M004241,M,1960,NY,P04,2025-02-07,,1
M004242,F,1995,NY,P05,2024-01-01,,1
M004243,M,2016,TX,P02,2024-01-01,,1
M004244,M,2007,FL,P02,2024-01-01,2024-12-24,0
M004245,M,1952,TX,P04,2024-04-17,,1
M004246,F,1999,FL,P01,2024-01-01,,0
M004247,F,2003,OH,P05,2024-01-01,,0
M004248,M,1990,AZ,P01,2024-01-01,2024-09-08,0
M004249,F,2004,FL,P01,2024-01-01,,1
M004250,F,1956,NY,P04,2024-01-01,,0
M004251,M,1993,NY,P02,2024-01-01,2025-03-08,0
M004252,M,1964,CA,P01,2024-04-15,,1
M004253,F,1972,OH,P01,2024-01-01,,0
M004254,F,2004,TX,P02,2024-01-01,,0
M004255,M,2023,TX,P05,2024-01-01,,0
M004256,F,1987,FL,P01,2024-01-01,,0
M004257,F,2004,MN,P01,2025-01-02,,0
M004258,M,1967,MN,P02,2024-01-01,,0
M004259,F,1999,NY,P05,2024-01-01,,0
M004260,F,2007,NY,P01,2024-08-24,,0
M004261,M,2003,NY,P05,2025-04-14,,0
M004262,M,1969,CA,P05,2024-01-01,,0
M004263,F,2018,FL,P01,2024-01-01,,0
M004264,M,1958,TX,P04,2025-06-01,,0
M004265,F,1948,TX,P03,2024-01-01,,1
M004266,F,1970,MN,P02,2025-03-12,,1
M004267,M,1990,OH,P02,2024-01-01,,0
M004268,F,1939,OH,P04,2025-02-03,2025-09-14,0
M004269,F,1952,GA,P04,2024-01-01,2025-04-07,0
M004270,M,1947,NY,P04,2024-01-01,2025-01-20,0
M004271,M,1983,OH,P05,2024-01-27,,1
M004272,M,1994,GA,P02,2024-05-19,,0
M004273,M,1953,TX,P04,2024-01-01,,0
M004274,F,1987,TX,P05,2024-01-01,,0
M004275,F,1995,NY,P01,2025-01-26,,0
M004276,M,1962,TX,P01,2024-01-01,,0
M004277,M,2023,OH,P02,2024-01-01,,0
M004278,M,2009,GA,P05,2024-01-01,,0
M004279,F,1970,GA,P01,2024-01-01,,0
M004280,M,1959,FL,P04,2025-03-14,,0
M004281,M,2003,FL,P01,2024-01-01,,1
M004282,M,1993,MN,P02,2024-01-01,,0
M004283,M,1951,AZ,P03,2024-01-01,,0
M004284,F,2014,FL,P01,2024-01-01,,0
M004285,F,1964,AZ,P05,2024-01-01,,0
M004286,F,1984,AZ,P01,2024-01-01,2025-01-11,0
M004287,M,2023,FL,P05,2024-01-10,,0
M004288,M,1974,FL,P01,2024-09-05,,0
M004289,F,1999,MN,P05,2024-10-10,,1
M004290,M,1948,OH,P03,2024-01-01,,1
M004291,M,1970,NY,P01,2024-11-19,2025-03-24,0
M004292,F,1971,MN,P01,2024-01-01,2024-05-30,0
M004293,F,2017,AZ,P01,2024-01-01,,0
M004294,M,1960,TX,P03,2024-01-01,,1
M004295,F,1958,CA,P04,2024-01-01,2025-05-08,0
M004296,F,1966,AZ,P02,2024-01-01,2025-02-09,0
M004297,F,1975,TX,P02,2024-01-01,,0
M004298,F,1950,TX,P03,2025-01-19,,1
M004299,F,2022,AZ,P02,2024-12-06,,0
M004300,F,1944,GA,P03,2024-01-01,2024-07-14,0
M004301,M,1989,TX,P02,2024-01-22,2025-04-08,0
M004302,F,1949,TX,P04,2024-04-15,2024-11-17,1
M004303,F,1997,GA,P05,2024-01-01,2024-08-22,1
M004304,F,1997,FL,P02,2024-05-03,,0
M004305,M,2006,TX,P01,2024-07-24,,0
M004306,F,1966,AZ,P01,2024-01-01,,1
M004307,M,1957,GA,P03,2024-01-01,,1
M004308,M,2022,CA,P02,2024-01-01,,0
M004309,M,1965,NY,P05,2025-03-11,,0
M004310,M,1952,CA,P03,2024-01-01,,0
M004311,F,1974,FL,P02,2024-01-01,,1
M004312,F,1952,MN,P04,2024-01-01,,0
M004313,M,1987,NY,P01,2024-01-01,2024-08-02,0
M004314,F,1948,NY,P04,2024-01-01,,1
M004315,F,1981,CA,P01,2024-05-29,,0
M004316,M,1941,CA,P03,2024-01-01,,1
M004317,F,1998,FL,P05,2024-04-09,,0
M004318,F,1953,CA,P04,2024-01-01,2024-10-19,1
M004319,F,1962,NY,P05,2024-01-01,,0
M004320,M,1964,GA,P02,2024-01-01,,0
M004321,F,2016,GA,P05,2024-01-01,,0
M004322,F,1957,TX,P03,2024-07-25,2025-08-31,1
M004323,M,1960,NY,P03,2024-05-25,,0
M004324,M,1985,FL,P01,2024-01-01,2024-06-07,0
M004325,M,1983,NY,P01,2025-01-30,,0
M004326,F,1951,AZ,P03,2024-03-02,,0
M004327,F,1991,GA,P01,2024-01-01,2025-05-01,0
M004328,M,1947,FL,P04,2024-01-01,,1
M004329,M,1967,OH,P05,2024-06-05,,1
M004330,M,2019,TX,P05,2025-01-01,,0
M004331,F,1984,TX,P01,2024-01-01,,0
M004332,M,2002,FL,P05,2024-01-01,,0
M004333,F,1967,CA,P01,2024-01-01,,1
M004334,M,1990,CA,P02,2024-01-01,,0
M004335,F,1986,CA,P05,2024-01-01,,1
M004336,M,1976,NY,P01,2024-01-01,,0
M004337,F,2010,TX,P01,2024-01-01,,0
M004338,M,1990,CA,P01,2024-01-01,,0
M004339,F,1975,FL,P02,2024-01-01,,1
M004340,F,1957,FL,P04,2024-01-01,2024-08-02,0
M004341,M,2011,CA,P01,2024-01-01,,0
M004342,M,1971,TX,P01,2024-07-13,2025-11-12,0
M004343,M,1937,CA,P03,2025-02-22,,0
M004344,F,2008,GA,P01,2024-01-01,,0
M004345,F,1940,FL,P04,2025-02-06,,0
M004346,F,1985,GA,P05,2025-05-29,,0
M004347,F,1936,FL,P04,2024-01-01,,1
M004348,F,1989,GA,P05,2025-02-16,,0
M004349,F,1963,TX,P02,2024-01-01,,1
M004350,M,2011,MN,P05,2024-01-01,,1
M004351,F,2006,TX,P01,2024-03-24,,0
M004352,F,1994,MN,P01,2024-01-01,,1
M004353,F,1950,FL,P03,2024-01-01,,0
M004354,M,1990,OH,P01,2024-01-01,,1
M004355,F,1978,FL,P05,2024-01-01,,0
M004356,M,1942,TX,P03,2024-01-01,,1
M004357,M,1968,TX,P05,2024-01-01,,0
M004358,M,1996,TX,P02,2024-12-03,,0
M004359,M,1996,CA,P02,2024-01-01,,1
M004360,F,1944,NY,P04,2024-12-31,,1
M004361,M,2020,CA,P01,2024-01-01,,1
M004362,M,1994,NY,P02,2024-01-01,,0
M004363,F,1953,TX,P03,2024-02-28,,1
M004364,M,1971,OH,P05,2024-01-01,,0
M004365,F,1939,GA,P04,2024-01-01,,0
M004366,M,1988,FL,P01,2025-01-11,,0
M004367,M,1973,GA,P02,2024-01-01,,0
M004368,M,1959,FL,P03,2024-01-01,2024-11-10,1
M004369,M,2015,CA,P01,2025-05-23,,0
M004370,F,1966,GA,P02,2024-01-01,2024-05-06,0
M004371,F,1990,OH,P01,2024-01-01,,1
M004372,F,2015,CA,P01,2024-01-01,,0
M004373,F,2009,FL,P02,2024-01-01,,0
M004374,M,2004,NY,P01,2024-01-01,,1
M004375,M,1936,CA,P03,2024-01-01,2024-11-21,0
M004376,F,1997,MN,P01,2024-01-01,2025-02-06,1
M004377,M,1952,GA,P04,2024-10-31,,1
M004378,M,1978,TX,P01,2024-07-05,,0
M004379,F,1966,CA,P05,2024-01-01,,0
M004380,M,1971,NY,P01,2024-01-01,2025-05-07,0
M004381,F,2005,OH,P02,2024-01-01,,0
M004382,F,2022,TX,P02,2024-09-01,,0
M004383,M,2016,GA,P01,2024-01-01,,0
M004384,M,1974,NY,P02,2025-04-28,2025-09-05,0
M004385,F,2003,TX,P05,2024-01-01,,1
M004386,F,1979,TX,P05,2024-09-23,,0
M004387,M,1996,OH,P02,2024-06-14,,1
M004388,M,1967,GA,P01,2024-01-01,,0
M004389,F,1941,FL,P04,2024-01-01,,0
M004390,F,1960,TX,P03,2024-01-01,2025-01-30,0
M004391,M,2009,FL,P01,2024-01-01,,0
M004392,M,1937,CA,P04,2024-07-09,,1
M004393,F,1991,NY,P02,2024-01-01,,0
M004394,F,1958,TX,P03,2024-01-01,,0
M004395,M,2010,GA,P02,2024-12-01,,0
M004396,M,2005,FL,P02,2024-05-21,,0
M004397,M,2015,GA,P01,2024-01-01,,0
M004398,F,1945,AZ,P04,2025-03-19,2025-10-14,0
M004399,F,2012,TX,P01,2024-01-01,,0
M004400,M,1940,AZ,P04,2024-01-01,,0
M004401,F,1941,OH,P04,2024-01-01,,0
M004402,M,1944,AZ,P04,2024-01-01,,1
M004403,F,1985,FL,P01,2024-01-01,,0
M004404,M,1966,AZ,P01,2024-01-01,,0
M004405,M,1963,CA,P02,2024-01-01,,1
M004406,M,1950,TX,P03,2024-12-08,,0
M004407,M,1996,MN,P05,2024-01-01,,0
M004408,F,1978,MN,P02,2024-03-02,,1
M004409,M,2013,TX,P05,2024-01-01,,0
M004410,M,1968,CA,P01,2024-01-01,,0
M004411,F,2013,MN,P02,2024-01-01,,0
M004412,F,2018,NY,P01,2024-01-01,2025-02-01,0
M004413,M,1960,CA,P04,2024-01-01,,0
M004414,M,1976,TX,P01,2024-08-18,,0
M004415,F,2017,CA,P01,2024-01-01,,0
M004416,F,1955,CA,P04,2024-01-01,,0
M004417,M,2018,OH,P02,2025-02-10,,0
M004418,M,2022,CA,P01,2024-09-15,,1
M004419,M,1963,NY,P01,2024-01-01,,0
M004420,F,2011,TX,P02,2025-02-24,,0
M004421,F,2010,GA,P02,2024-01-01,,0
M004422,F,1974,TX,P01,2024-01-01,,0
M004423,M,1948,NY,P03,2024-05-06,,0
M004424,F,1992,GA,P01,2024-01-01,,0
M004425,M,1939,GA,P03,2025-05-22,,0
M004426,M,2020,TX,P02,2024-01-01,2025-03-21,0
M004427,F,1965,GA,P01,2025-04-03,2025-07-03,0
M004428,F,2008,TX,P01,2024-08-16,,0
M004429,F,1985,TX,P01,2024-01-01,,0
M004430,M,2004,GA,P01,2024-01-01,,0
M004431,M,2006,TX,P02,2024-01-01,,0
M004432,M,2005,CA,P05,2024-04-26,2025-02-17,1
M004433,M,1989,MN,P05,2024-01-01,,0
M004434,M,1968,FL,P02,2024-08-16,,0
M004435,M,1948,GA,P03,2024-01-01,,1
M004436,F,1960,NY,P03,2024-01-01,,1
M004437,F,1970,CA,P05,2024-09-19,2025-09-20,0
M004438,M,1978,CA,P01,2025-05-15,,0
M004439,F,1962,CA,P01,2024-01-01,2024-09-02,1
M004440,F,2025,GA,P02,2024-01-01,,0
M004441,M,2002,GA,P01,2024-12-23,,0
M004442,M,1998,FL,P02,2025-01-13,,0
M004443,M,1991,OH,P05,2024-01-01,,0
M004444,F,2005,NY,P05,2024-01-01,,0
M004445,F,2009,OH,P01,2024-01-01,2024-08-07,1
M004446,F,1970,TX,P02,2024-01-01,2024-08-12,0
M004447,F,2010,FL,P02,2024-01-01,2025-01-31,1
M004448,F,1963,FL,P02,2024-01-01,2024-06-24,0
M004449,F,1942,NY,P03,2024-01-07,,0
M004450,F,1998,FL,P01,2024-01-01,2025-05-04,0
M004451,M,1986,NY,P05,2024-12-26,,0
M004452,M,1962,MN,P05,2024-01-01,,0
M004453,M,1939,TX,P03,2024-01-01,2024-06-24,1
M004454,F,1942,CA,P03,2024-01-01,,0
M004455,F,1977,TX,P02,2024-01-01,,0
M004456,M,2004,NY,P02,2024-01-01,,0
M004457,M,1970,FL,P01,2024-08-18,,0
M004458,F,1959,AZ,P03,2024-01-29,,0
M004459,F,2013,FL,P01,2024-01-07,,0
M004460,F,2002,MN,P05,2025-03-31,,0
M004461,F,1972,TX,P02,2025-06-06,,1
M004462,M,1966,GA,P02,2024-01-01,,1
M004463,M,1986,FL,P02,2024-09-07,,0
M004464,M,2011,FL,P05,2024-01-01,,1
M004465,F,2000,AZ,P01,2024-01-01,,1
M004466,M,1974,FL,P01,2024-10-22,,0
M004467,F,1987,NY,P01,2024-06-06,,0
M004468,F,1954,OH,P03,2024-01-01,2024-09-17,0
M004469,M,2007,CA,P05,2024-03-14,2025-07-24,0
M004470,M,2013,TX,P01,2024-01-01,,0
M004471,F,1995,AZ,P05,2025-02-07,,0
M004472,M,1997,NY,P01,2024-08-08,,1
M004473,F,1945,AZ,P03,2024-01-01,,0
M004474,M,1964,GA,P01,2024-05-08,,0
M004475,F,1983,GA,P02,2024-12-21,,0
M004476,F,1956,NY,P03,2024-10-28,,1
M004477,M,2002,TX,P02,2024-01-26,,0
M004478,F,1984,AZ,P01,2024-01-01,,0
M004479,F,1963,GA,P05,2024-01-01,2024-04-12,0
M004480,F,2025,OH,P05,2024-01-01,,0
M004481,F,2003,AZ,P02,2024-01-01,2024-08-15,1
M004482,M,1953,TX,P03,2024-01-01,,1
M004483,F,1951,FL,P04,2024-01-01,,0
M004484,M,2021,TX,P01,2024-01-01,,1
M004485,M,1987,NY,P05,2025-02-08,,0
M004486,M,1972,CA,P01,2024-12-27,,0
M004487,M,1941,TX,P04,2024-05-28,,1
M004488,F,2010,NY,P01,2024-01-01,,0
M004489,F,1980,FL,P01,2024-01-01,,0
M004490,M,2004,CA,P02,2024-01-01,,0
M004491,F,2005,FL,P02,2024-01-01,,0
M004492,F,1986,TX,P05,2024-01-01,2025-03-14,0
M004493,F,1981,CA,P05,2024-01-01,,0
M004494,M,1988,FL,P01,2024-06-18,2025-01-23,0
M004495,F,2019,CA,P01,2024-01-01,,0
M004496,F,1999,CA,P02,2024-09-29,,0
M004497,F,2007,MN,P02,2025-06-13,,0
M004498,M,2025,TX,P02,2024-04-13,2024-11-01,0
M004499,F,2023,FL,P05,2024-01-01,,0
M004500,F,1937,GA,P04,2024-01-01,,0
M004501,F,2019,FL,P01,2024-10-23,,1
M004502,F,1977,CA,P02,2024-01-01,,0
M004503,F,1958,GA,P03,2024-01-01,,1
M004504,F,2010,TX,P02,2024-03-11,,0
M004505,F,1961,MN,P01,2024-05-17,,0
M004506,F,1979,CA,P02,2024-05-04,,0
M004507,F,1989,GA,P02,2024-01-01,,0
M004508,F,2025,AZ,P01,2024-01-01,,0
M004509,M,1950,AZ,P04,2024-03-29,,0
M004510,M,1966,FL,P02,2024-01-01,,0
M004511,F,1956,NY,P03,2024-01-01,,0
M004512,F,1964,CA,P02,2024-01-01,,0
M004513,M,1973,NY,P05,2024-01-01,,0
M004514,M,2025,GA,P01,2024-01-01,,0
M004515,F,1973,FL,P01,2025-03-29,,0
M004516,F,1996,CA,P02,2024-01-01,,0
M004517,M,1980,NY,P02,2024-01-01,,0
M004518,F,1999,FL,P01,2025-06-22,,0
M004519,M,1941,NY,P04,2024-06-22,,0
M004520,M,1971,TX,P01,2024-01-01,,0
M004521,F,1962,NY,P01,2024-07-22,,0
M004522,M,1990,TX,P02,2024-01-01,,0
M004523,M,1958,GA,P04,2024-01-01,,0
M004524,F,1986,TX,P05,2024-01-01,,0
M004525,M,1958,NY,P04,2024-01-01,2024-03-31,0
M004526,M,1959,NY,P03,2024-09-13,,1
M004527,M,1960,CA,P04,2024-09-20,2025-02-17,0
M004528,M,1954,NY,P03,2024-01-01,,0
M004529,F,1999,GA,P01,2024-01-01,2024-06-19,0
M004530,F,1953,TX,P03,2024-07-19,,1
M004531,F,1941,OH,P04,2024-01-01,,1
M004532,F,1985,CA,P02,2024-01-01,2025-03-26,0
M004533,M,1958,OH,P03,2024-01-01,,0
M004534,F,1971,AZ,P02,2024-01-01,,0
M004535,F,2010,OH,P02,2024-01-01,2024-11-09,0
M004536,M,1971,TX,P01,2024-01-01,,0
M004537,F,1948,CA,P03,2024-01-01,,0
M004538,F,1984,NY,P05,2024-01-01,,0
M004539,F,2012,TX,P01,2024-01-01,,0
M004540,F,1991,NY,P02,2024-01-01,,1
M004541,M,1981,OH,P01,2024-01-01,,0
M004542,M,1966,GA,P01,2024-01-01,2024-07-04,0
M004543,F,1964,TX,P05,2025-02-28,,0
M004544,M,1973,OH,P02,2024-08-31,,1
M004545,F,1989,FL,P02,2024-01-01,,0
M004546,F,1968,FL,P01,2024-01-01,,0
M004547,F,2019,CA,P05,2024-01-01,,0
M004548,F,1961,NY,P01,2024-01-01,,0
M004549,F,1950,CA,P04,2024-01-01,,0
M004550,M,1999,GA,P01,2025-03-25,,0
M004551,F,1967,TX,P01,2024-01-01,,0
M004552,M,1957,CA,P03,2024-01-01,,0
M004553,M,1970,FL,P01,2024-01-01,,0
M004554,F,1942,TX,P03,2024-01-01,,0
M004555,F,1986,FL,P01,2024-01-01,,1
M004556,F,1949,OH,P04,2024-01-01,,0
M004557,F,1950,CA,P04,2024-01-01,,0
M004558,M,1959,CA,P04,2025-02-12,,1
M004559,F,1982,CA,P01,2024-01-01,,0
M004560,M,1936,FL,P04,2024-01-01,,1
M004561,F,1964,TX,P05,2024-09-24,,0
M004562,F,1996,NY,P01,2025-04-05,,0
M004563,F,2013,GA,P01,2024-01-01,,0
M004564,M,1939,GA,P04,2024-01-16,,1
M004565,F,1980,FL,P01,2024-03-08,,0
M004566,M,1950,CA,P03,2024-01-01,2024-12-04,1
M004567,M,1943,NY,P04,2024-01-01,,0
M004568,M,1980,GA,P01,2024-01-01,,0
M004569,M,1945,TX,P03,2024-01-01,,1
M004570,F,1956,TX,P03,2024-02-17,,0
M004571,F,1962,MN,P02,2024-01-01,,0
M004572,F,2015,TX,P05,2024-01-01,,0
M004573,F,1999,MN,P01,2024-01-01,,0
M004574,M,1989,NY,P02,2024-09-01,,0
M004575,F,2002,CA,P05,2024-01-01,,0
M004576,F,2019,TX,P01,2024-01-01,,0
M004577,F,1996,AZ,P05,2024-01-01,,0
M004578,F,2003,TX,P01,2024-01-01,2024-08-07,0
M004579,M,2012,CA,P02,2024-01-01,2024-07-13,1
M004580,M,2001,TX,P01,2024-01-01,,1
M004581,F,1956,TX,P03,2024-01-01,,0
M004582,M,1953,OH,P04,2024-01-01,,1
M004583,M,1994,FL,P05,2024-01-01,,0
M004584,F,1998,NY,P05,2024-01-01,,0
M004585,M,1947,OH,P03,2024-01-01,,1
M004586,F,1939,CA,P04,2024-01-01,,0
M004587,F,2008,OH,P02,2024-01-01,,0
M004588,M,1969,FL,P05,2024-01-01,,1
M004589,F,1940,GA,P03,2024-01-01,2024-06-29,1
M004590,M,1998,FL,P05,2024-01-01,2025-01-17,1
M004591,M,2021,NY,P01,2024-01-01,,0
M004592,F,1968,GA,P02,2024-01-01,,1
M004593,F,1949,GA,P04,2024-01-01,,0
M004594,F,2017,TX,P01,2025-05-08,,0
M004595,F,2014,FL,P01,2024-01-01,,0
M004596,F,2002,AZ,P05,2024-01-01,,0
M004597,M,1975,AZ,P02,2025-03-23,,0
M004598,M,2019,NY,P01,2024-01-01,,0
M004599,M,2018,TX,P02,2024-04-27,,1
M004600,M,1989,CA,P02,2024-01-01,,0
M004601,M,1940,MN,P03,2024-01-01,,0
M004602,M,1963,TX,P05,2024-09-24,,1
M004603,M,1977,GA,P05,2024-01-01,,0
M004604,M,1946,CA,P03,2024-01-22,,1
M004605,M,1950,OH,P03,2024-01-01,,1
M004606,F,1985,TX,P02,2024-01-01,2025-01-18,0
M004607,M,1988,TX,P05,2024-01-01,,0
M004608,F,2007,FL,P01,2024-01-01,,1
M004609,F,2001,AZ,P01,2024-01-01,,0
M004610,F,1965,OH,P05,2024-03-30,,0
M004611,M,1991,NY,P05,2024-01-01,,1
M004612,F,1995,MN,P02,2024-10-29,,0
M004613,F,1957,FL,P03,2024-01-01,2024-12-21,1
M004614,F,2008,AZ,P02,2024-01-01,,1
M004615,M,2011,TX,P02,2024-01-01,,0
M004616,F,1961,TX,P01,2024-01-01,,0
M004617,M,1973,CA,P01,2024-01-01,,0
M004618,M,1998,MN,P02,2024-07-25,,0
M004619,F,1964,OH,P02,2024-03-01,,0
M004620,M,2001,TX,P02,2024-01-01,,0
M004621,M,1982,MN,P01,2024-01-01,,0
M004622,M,2023,GA,P05,2024-01-01,,0
M004623,F,1950,OH,P03,2024-01-01,,1
M004624,M,2014,NY,P05,2024-01-01,,0
M004625,F,2010,CA,P01,2024-01-01,,0
M004626,M,1946,TX,P03,2024-01-01,,0
M004627,M,2012,NY,P05,2024-01-01,,0
M004628,F,1994,TX,P02,2024-01-05,,0
M004629,F,1966,NY,P01,2024-06-30,,0
M004630,F,1963,NY,P01,2024-09-06,,0
M004631,M,1997,NY,P01,2024-01-01,,0
M004632,M,2020,GA,P02,2024-01-01,,0
M004633,F,2007,CA,P02,2024-01-01,,0
M004634,M,1985,CA,P01,2025-02-27,,0
M004635,M,1957,TX,P03,2024-01-01,2024-09-30,1
M004636,F,1979,FL,P01,2024-01-01,,0
M004637,F,1961,TX,P02,2024-01-01,,0
M004638,M,1936,TX,P03,2024-01-01,,0
M004639,M,1985,CA,P01,2024-01-01,,0
M004640,F,1991,CA,P01,2024-01-01,,0
M004641,M,2013,MN,P01,2025-05-09,,0
M004642,F,1988,TX,P01,2025-06-15,,0
M004643,M,1965,TX,P02,2024-01-01,,1
M004644,M,1981,GA,P01,2024-01-01,2025-04-03,0
M004645,M,1977,TX,P01,2024-07-01,2025-05-14,0
M004646,M,1969,OH,P05,2024-01-01,,0
M004647,F,2000,OH,P05,2024-09-15,2025-08-22,0
M004648,F,2004,NY,P01,2024-02-10,,0
M004649,M,1962,FL,P02,2024-01-01,,0
M004650,F,1996,TX,P02,2024-01-01,,0
M004651,M,1978,MN,P05,2024-01-01,,0
M004652,M,1960,AZ,P04,2024-01-01,,0
M004653,M,2017,OH,P01,2025-04-17,,0
M004654,M,2005,TX,P01,2024-01-01,,0
M004655,F,2004,CA,P02,2024-01-01,,0
M004656,F,2014,OH,P05,2024-01-01,2024-07-02,0
M004657,F,1975,TX,P05,2024-08-16,,0
M004658,F,1963,MN,P01,2024-01-01,,0
M004659,F,1956,MN,P03,2024-01-01,,0
M004660,M,2013,TX,P01,2024-01-01,,0
M004661,M,1942,TX,P03,2024-01-01,,1
M004662,F,2010,FL,P05,2024-01-01,,0
M004663,M,2021,CA,P02,2024-01-01,,0
M004664,M,1985,CA,P01,2024-01-01,,0
M004665,F,1943,OH,P03,2024-08-22,,0
M004666,F,2020,CA,P02,2024-10-04,,0
M004667,M,1945,TX,P04,2025-02-17,,1
M004668,F,2023,FL,P02,2025-05-22,,1
M004669,F,1971,CA,P05,2024-01-01,2024-10-03,0
M004670,M,2021,CA,P01,2024-01-01,,0
M004671,F,1997,AZ,P01,2024-01-01,,0
M004672,F,2017,TX,P02,2024-01-01,,1
M004673,F,1999,GA,P01,2024-08-17,2024-11-23,1
M004674,M,1998,FL,P01,2024-01-01,,0
M004675,F,1944,OH,P03,2024-01-01,,1
M004676,F,1972,FL,P01,2024-01-01,,0
M004677,F,1961,CA,P01,2025-01-24,,1
M004678,F,2003,CA,P01,2024-01-01,2024-10-06,1
M004679,M,1965,GA,P01,2024-01-01,2025-02-22,0
M004680,M,1998,TX,P05,2024-01-01,,0
M004681,M,2018,FL,P05,2024-01-01,,0
M004682,F,1986,CA,P01,2025-03-09,,0
M004683,M,1949,OH,P04,2024-01-01,,1
M004684,M,1936,TX,P04,2025-05-11,,0
M004685,F,1987,TX,P05,2024-01-01,,1
M004686,F,1997,OH,P02,2024-01-01,,0
M004687,M,2016,FL,P01,2025-04-18,,0
M004688,M,2000,TX,P02,2024-01-01,,0
M004689,F,1998,FL,P05,2024-01-01,,0
M004690,M,1951,NY,P04,2024-01-01,,0
M004691,F,1966,MN,P02,2024-09-07,2025-12-05,0
M004692,F,2000,OH,P01,2024-01-01,,0
M004693,F,1949,GA,P04,2024-01-01,,1
M004694,F,2025,NY,P05,2024-08-29,,1
M004695,F,2005,FL,P02,2024-01-01,,0
M004696,M,1946,MN,P03,2024-01-01,,1
M004697,M,1967,TX,P02,2024-01-01,,0
M004698,M,1962,GA,P02,2024-01-01,,0
M004699,M,2022,FL,P02,2024-01-13,,0
M004700,F,1940,NY,P04,2024-01-01,,1
M004701,M,2008,MN,P05,2024-02-05,,0
M004702,M,2025,GA,P02,2024-02-24,,0
M004703,F,2019,AZ,P02,2024-01-01,,0
M004704,M,1977,GA,P02,2024-01-01,,0
M004705,M,1987,CA,P01,2024-01-01,,0
M004706,F,1988,CA,P01,2024-02-25,,1
M004707,M,1968,CA,P01,2024-01-01,,0
M004708,M,2019,FL,P02,2024-01-01,,0
M004709,M,2020,CA,P01,2025-03-12,,0
M004710,F,1965,TX,P02,2024-01-01,,0
M004711,M,1947,AZ,P04,2024-01-29,2024-09-14,0
M004712,M,1975,OH,P01,2024-01-01,,0
M004713,F,1942,TX,P03,2024-01-01,,0
M004714,M,2016,OH,P05,2024-01-01,,0
M004715,F,1953,GA,P03,2024-03-17,,1
M004716,M,1963,AZ,P01,2024-01-01,,0
M004717,M,2018,FL,P02,2024-01-01,,1
M004718,M,1944,NY,P03,2025-01-21,,1
M004719,F,2003,FL,P02,2024-06-16,,0
M004720,F,1996,GA,P01,2024-01-01,,0
M004721,M,1985,AZ,P02,2024-01-01,,1
M004722,M,2015,TX,P02,2024-01-01,,1
M004723,F,1965,FL,P01,2024-01-01,,0
M004724,M,1947,TX,P03,2024-01-01,,0
M004725,F,2012,CA,P01,2024-01-01,,0
M004726,F,1963,TX,P02,2024-01-01,,0
M004727,F,1941,GA,P04,2024-01-01,,0
M004728,F,1988,CA,P01,2024-01-01,,0
M004729,F,1947,NY,P03,2024-04-26,,0
M004730,F,2009,OH,P02,2024-01-01,,0
M004731,M,1993,OH,P02,2025-06-01,,0
M004732,M,1975,FL,P05,2024-01-01,,0
M004733,M,2025,GA,P02,2025-04-09,,0
M004734,F,1969,NY,P01,2024-09-07,2025-10-20,0
M004735,M,2014,FL,P05,2024-01-01,,1
M004736,F,1950,TX,P04,2024-01-01,,0
M004737,F,1960,GA,P03,2024-01-01,,1
M004738,M,1965,TX,P01,2024-01-01,,0
M004739,F,1983,TX,P01,2024-09-15,,0
M004740,M,1936,CA,P03,2024-01-01,,0
M004741,F,1970,AZ,P01,2024-01-01,2025-01-25,0
M004742,F,1984,OH,P01,2024-10-19,,0
M004743,M,1940,GA,P04,2024-01-01,,1
M004744,M,2003,FL,P01,2024-01-01,,0
M004745,F,1971,GA,P01,2024-01-01,,0
M004746,M,1965,CA,P01,2025-01-15,,0
M004747,F,1984,MN,P02,2024-01-01,,0
M004748,M,1954,NY,P03,2024-01-01,,0
M004749,F,2012,NY,P05,2024-01-01,,0
M004750,F,2015,AZ,P01,2025-02-11,,0
M004751,F,1991,MN,P01,2024-01-01,,0
M004752,F,1997,TX,P02,2024-06-18,,0
M004753,M,1972,FL,P02,2024-01-01,,0
M004754,F,2007,NY,P02,2024-01-01,,0
M004755,M,2015,TX,P05,2024-01-01,,0
M004756,F,1985,FL,P02,2024-01-01,,0
M004757,F,2016,TX,P02,2024-08-08,,0
M004758,F,1967,CA,P05,2024-01-01,,0
M004759,F,2020,NY,P01,2024-01-01,,0
M004760,M,1994,TX,P05,2024-01-01,,0
M004761,F,1964,NY,P02,2024-01-01,,0
M004762,M,1989,CA,P02,2024-09-23,,0
M004763,M,1973,MN,P05,2024-01-01,,0
M004764,M,1998,TX,P02,2024-05-14,2025-05-29,0
M004765,F,1976,GA,P02,2024-01-01,,0
M004766,M,1980,MN,P01,2024-07-14,,0
M004767,M,1938,NY,P03,2025-02-16,,0
M004768,M,1940,OH,P03,2024-01-01,,0
M004769,M,1962,TX,P01,2024-01-01,,0
M004770,M,1941,FL,P04,2024-12-07,,0
M004771,M,1959,TX,P03,2024-01-01,,1
M004772,F,1984,NY,P02,2024-01-01,2025-02-21,0
M004773,M,1976,MN,P01,2025-06-13,,1
M004774,M,1991,TX,P02,2025-01-26,,0
M004775,M,1999,CA,P01,2025-05-08,,1
M004776,M,1999,OH,P01,2025-06-05,,0
M004777,F,1962,CA,P02,2024-01-01,,0
M004778,F,2004,NY,P01,2024-09-27,,1
M004779,M,1970,CA,P01,2024-01-01,,0
M004780,F,1956,NY,P03,2025-05-27,,0
M004781,M,1983,TX,P02,2024-01-01,,1
M004782,M,1981,NY,P05,2024-01-01,2024-10-10,1
M004783,F,1982,CA,P05,2024-07-07,,0
M004784,F,1937,TX,P03,2024-01-01,,1
M004785,F,1981,NY,P05,2024-01-01,,1
M004786,M,1997,CA,P05,2024-01-01,,0
M004787,F,1987,NY,P02,2024-01-01,,0
M004788,F,1946,NY,P04,2024-01-01,,0
M004789,M,1982,CA,P01,2025-01-21,,1
M004790,M,1944,GA,P03,2024-01-01,,0
M004791,F,1963,FL,P02,2024-01-01,2024-08-18,1
M004792,F,2011,CA,P01,2024-01-01,2024-11-25,0
M004793,F,1987,CA,P01,2024-10-13,,1
M004794,F,1983,CA,P05,2025-02-23,,0
M004795,M,1980,GA,P02,2024-01-01,,0
M004796,M,2017,OH,P01,2024-01-01,2024-09-04,1
M004797,F,1976,TX,P01,2024-11-28,,0
M004798,F,2013,CA,P02,2024-01-01,,0
M004799,M,1999,TX,P05,2024-01-01,,1
M004800,F,1940,OH,P04,2024-01-01,,0
M004801,M,2008,MN,P02,2024-01-01,,0
M004802,F,2017,NY,P01,2025-03-05,,1
M004803,M,1982,FL,P01,2025-02-26,,1
M004804,F,2007,TX,P02,2025-04-18,,0
M004805,M,1945,FL,P04,2024-01-01,,0
M004806,F,1948,CA,P04,2024-12-09,,0
M004807,M,2003,AZ,P02,2024-01-01,,0
M004808,F,1946,CA,P03,2024-09-02,,0
M004809,M,2011,MN,P02,2024-01-01,,0
M004810,F,1955,FL,P03,2024-01-01,,0
M004811,F,2010,TX,P02,2024-01-01,,0
M004812,M,1955,NY,P03,2025-02-24,,1
M004813,M,1974,FL,P02,2024-01-01,,0
M004814,M,2005,FL,P05,2024-01-01,2025-01-08,0
M004815,M,1972,TX,P02,2024-01-01,,0
M004816,F,1984,NY,P01,2024-11-09,,0
M004817,F,1982,FL,P01,2025-01-07,,0
M004818,M,2001,MN,P02,2025-01-05,,0
M004819,M,2010,GA,P02,2024-01-01,,0
M004820,M,1954,OH,P03,2025-01-06,,0
M004821,M,1942,FL,P04,2024-01-01,,0
M004822,M,2003,TX,P01,2024-01-01,,0
M004823,M,1942,OH,P03,2024-06-14,,0
M004824,M,1960,TX,P04,2024-01-01,,1
M004825,M,2025,CA,P02,2024-01-01,,0
M004826,F,2019,TX,P02,2024-01-01,,0
M004827,M,1964,NY,P01,2024-07-06,,1
M004828,F,1975,NY,P02,2025-05-20,,0
M004829,M,1953,NY,P04,2024-01-01,,1
M004830,M,2020,OH,P05,2024-08-05,,0
M004831,M,1945,FL,P03,2024-01-01,,0
M004832,M,1987,FL,P01,2024-01-01,,0
M004833,F,1936,CA,P03,2024-01-01,,1
M004834,F,1949,OH,P04,2024-01-01,,1
M004835,F,2008,TX,P02,2024-01-01,,0
M004836,F,1977,AZ,P05,2024-03-31,,1
M004837,M,1983,FL,P01,2025-03-22,,0
M004838,F,1999,TX,P01,2024-01-01,,0
M004839,F,1994,NY,P01,2025-01-17,,0
M004840,F,2012,FL,P01,2024-01-25,,0
M004841,F,2013,CA,P05,2024-01-01,,0
M004842,M,1966,TX,P02,2024-01-01,,0
M004843,F,1978,CA,P01,2024-01-01,,0
M004844,F,1989,FL,P02,2024-01-01,,0
M004845,F,1980,TX,P02,2024-01-01,,0
M004846,M,1999,CA,P02,2024-01-01,,0
M004847,F,2009,GA,P01,2024-01-01,,0
M004848,M,1954,GA,P03,2024-01-01,2024-04-10,1
M004849,F,1961,FL,P01,2024-01-01,2024-12-10,1
M004850,F,1945,MN,P04,2024-01-01,,0
M004851,M,1973,TX,P01,2024-01-01,,0
M004852,M,1948,AZ,P04,2024-11-08,,1
M004853,M,1949,MN,P04,2024-01-01,,1
M004854,F,2018,NY,P01,2024-01-01,2024-09-20,0
M004855,F,1994,TX,P01,2024-01-01,,0
M004856,F,2017,AZ,P05,2024-01-01,,1
M004857,F,1973,CA,P02,2024-01-01,,1
M004858,M,1950,TX,P03,2024-01-01,,0
M004859,M,2008,AZ,P01,2024-01-01,2024-05-12,0
M004860,F,1980,CA,P01,2024-01-01,,0
M004861,F,1963,CA,P02,2024-01-01,,0
M004862,M,2003,NY,P05,2024-12-04,,0
M004863,M,1979,AZ,P01,2024-01-01,,1
M004864,F,1945,CA,P04,2024-01-01,,0
M004865,F,1945,AZ,P03,2024-01-01,,1
M004866,M,1973,TX,P01,2024-01-01,,0
M004867,M,2017,NY,P01,2024-01-01,,1
M004868,M,1968,CA,P01,2024-01-01,2024-07-01,1
M004869,F,1999,FL,P02,2024-01-01,,0
M004870,M,1953,FL,P03,2025-06-20,,1
M004871,F,1961,TX,P02,2024-01-01,,0
M004872,M,1975,FL,P01,2024-01-01,,1
M004873,M,1955,OH,P03,2024-01-01,,1
M004874,M,1955,FL,P03,2024-01-01,2025-03-04,0
M004875,M,1977,OH,P02,2024-01-01,,0
M004876,F,1938,AZ,P03,2024-01-01,,0
M004877,F,1967,OH,P01,2024-02-20,,1
M004878,F,1938,GA,P03,2025-05-02,,1
M004879,M,1965,NY,P02,2024-10-20,,0
M004880,M,1979,MN,P02,2024-01-01,,0
M004881,F,2009,GA,P01,2024-01-01,,0
M004882,M,1953,FL,P03,2024-01-01,,0
M004883,M,1947,OH,P03,2024-12-29,,1
M004884,M,1984,OH,P02,2024-01-01,,0
M004885,F,2018,GA,P05,2024-01-01,,0
M004886,F,2017,FL,P05,2024-01-01,2024-08-27,0
M004887,M,1972,CA,P01,2024-01-01,,0
M004888,F,1945,AZ,P03,2024-01-01,,0
M004889,M,2011,MN,P02,2024-01-01,2024-05-05,1
M004890,F,1986,FL,P05,2024-01-01,,0
M004891,M,1969,CA,P01,2024-01-01,2025-02-01,0
M004892,F,2004,FL,P01,2024-01-01,,0
M004893,M,1982,OH,P02,2024-01-01,2024-07-06,0
M004894,M,1980,TX,P01,2025-06-05,,0
M004895,M,1938,MN,P03,2024-01-01,,1
M004896,M,1981,NY,P02,2024-01-01,,1
M004897,M,2011,FL,P01,2024-01-01,,0
M004898,M,1985,TX,P02,2024-01-01,,0
M004899,M,2025,NY,P05,2024-01-01,,0
M004900,F,1954,NY,P04,2024-01-01,2024-08-26,0
M004901,M,1974,OH,P02,2024-01-01,,0
M004902,M,1974,CA,P01,2024-01-01,,0
M004903,M,2024,CA,P01,2024-01-01,,0
M004904,F,1966,FL,P05,2025-05-07,,0
M004905,F,1952,TX,P04,2024-01-01,2024-06-19,1
M004906,F,1941,FL,P03,2024-01-01,,1
M004907,F,1991,FL,P05,2024-04-20,,0
M004908,M,1988,GA,P01,2024-01-15,,1
M004909,M,1958,TX,P03,2024-01-01,,0
M004910,M,1977,NY,P01,2024-01-01,,0
M004911,F,1990,TX,P01,2024-01-01,,0
M004912,F,2011,TX,P02,2024-04-20,,0
M004913,M,1985,FL,P02,2024-01-01,,0
M004914,F,2008,FL,P05,2025-03-27,,0
M004915,F,2018,TX,P02,2024-01-01,,0
M004916,F,1956,AZ,P04,2024-01-01,,1
M004917,M,1938,FL,P04,2024-04-10,,0
M004918,M,1951,CA,P03,2024-01-01,,0
M004919,F,2005,MN,P05,2024-01-01,,0
M004920,F,2002,FL,P02,2024-01-01,,0
M004921,M,1970,NY,P02,2024-01-01,,0
M004922,M,1982,OH,P01,2024-01-01,,0
M004923,M,1975,FL,P01,2024-01-01,,0
M004924,F,1986,TX,P05,2024-01-01,,0
M004925,M,1961,GA,P02,2024-01-01,,0
M004926,M,1983,FL,P02,2024-04-07,,0
M004927,F,1999,FL,P01,2024-01-01,,0
M004928,M,2009,CA,P02,2024-01-01,,1
M004929,F,1942,TX,P04,2024-01-01,,1
M004930,M,1976,AZ,P01,2024-01-01,,0
M004931,M,1948,AZ,P04,2024-08-08,,1
M004932,F,1939,AZ,P03,2025-04-06,,0
M004933,F,1958,TX,P04,2024-03-27,,0
M004934,F,2017,MN,P01,2025-02-14,,0
M004935,F,1937,OH,P03,2024-01-01,,1
M004936,F,2012,NY,P01,2024-01-01,,0
M004937,M,1985,OH,P02,2024-01-01,,0
M004938,F,1949,GA,P04,2024-01-06,,1
M004939,F,1943,CA,P03,2024-01-01,,1
M004940,F,1965,NY,P01,2024-01-01,,0
M004941,M,2010,NY,P05,2024-11-20,,0
M004942,F,2004,TX,P01,2024-01-01,,0
M004943,F,1951,TX,P03,2025-02-24,,1
M004944,M,2024,CA,P05,2025-06-03,,0
M004945,F,1992,NY,P02,2025-03-15,,0
M004946,M,1941,OH,P04,2024-01-01,2025-01-28,1
M004947,F,1944,GA,P03,2024-01-01,,0
M004948,M,1940,NY,P04,2024-07-17,,1
M004949,F,1954,FL,P03,2024-01-01,,1
M004950,F,1951,NY,P03,2024-01-01,,0
M004951,M,2022,FL,P01,2024-09-04,,1
M004952,M,1959,GA,P04,2024-09-28,,0
M004953,M,1988,CA,P01,2025-06-18,,0
M004954,M,1996,AZ,P05,2024-01-01,,0
M004955,F,1995,TX,P01,2024-01-01,,1
M004956,M,1971,OH,P01,2025-02-27,,0
M004957,F,1971,CA,P05,2024-01-01,,0
M004958,F,2022,TX,P01,2024-01-01,,1
M004959,F,1981,NY,P02,2024-01-01,,0
M004960,M,1938,FL,P04,2025-05-05,,1
M004961,M,1975,FL,P01,2024-01-01,,0
M004962,F,1974,CA,P01,2024-01-01,2025-05-03,0
M004963,M,1979,FL,P02,2024-01-01,,0
M004964,F,1982,CA,P01,2024-01-01,,0
M004965,M,2012,CA,P01,2025-05-20,,0
M004966,F,1970,TX,P01,2024-01-01,2024-04-30,0
M004967,M,1980,FL,P02,2024-01-01,,0
M004968,F,2008,CA,P02,2024-01-01,,0
M004969,F,2010,NY,P01,2024-01-01,,0
M004970,M,1954,CA,P03,2024-01-01,,0
M004971,M,1939,TX,P03,2024-04-10,,0
M004972,M,1982,NY,P01,2024-01-01,,0
M004973,M,1999,TX,P02,2024-01-01,2025-04-13,0
M004974,M,2015,FL,P05,2024-01-01,,0
M004975,F,1954,NY,P03,2024-04-06,,0
M004976,M,1972,NY,P02,2025-01-06,,0
M004977,F,1972,TX,P02,2024-01-01,,0
M004978,M,2005,FL,P01,2024-01-01,2024-12-16,0
M004979,M,1954,CA,P04,2024-01-01,2025-03-05,0
M004980,M,2019,CA,P05,2024-03-11,2024-07-09,1
M004981,F,1962,OH,P05,2025-01-28,,0
M004982,M,1976,OH,P01,2024-01-23,,0
M004983,F,2023,TX,P02,2024-08-06,,0
M004984,F,1980,OH,P01,2024-01-01,,0
M004985,F,1993,AZ,P02,2024-01-01,2024-08-12,0
M004986,F,1968,AZ,P02,2024-01-01,,0
M004987,M,1944,TX,P03,2024-09-11,,0
M004988,F,1968,AZ,P01,2024-01-01,,0
M004989,M,1969,TX,P05,2024-01-01,,0
M004990,M,2007,FL,P01,2024-01-01,,1
M004991,M,1997,CA,P01,2024-01-01,2024-09-08,0
M004992,M,1984,FL,P05,2025-02-23,,0
M004993,F,1952,FL,P04,2024-01-01,,1
M004994,F,1961,TX,P02,2025-04-04,,0
M004995,F,1955,OH,P03,2024-01-01,,0
M004996,M,2010,NY,P01,2024-01-01,,0
M004997,F,1993,NY,P01,2025-01-13,,0
M004998,M,1995,CA,P02,2025-02-04,,0
M004999,M,2022,FL,P02,2024-03-21,2025-04-14,0
M005000,F,1941,NY,P03,2024-01-01,,1
M005001,F,2010,OH,P01,2024-01-01,2024-10-27,0
M005002,M,1951,TX,P03,2025-03-13,,1
M005003,F,1943,MN,P04,2024-07-22,,0
M005004,M,1965,NY,P01,2024-10-31,,0
M005005,F,2025,NY,P01,2024-04-03,,0
M005006,F,1994,NY,P02,2024-01-01,2024-12-29,0
M005007,M,1941,OH,P04,2024-01-01,,1
M005008,F,1945,OH,P03,2024-01-18,2024-09-09,1
M005009,M,1939,GA,P04,2024-01-01,,1
M005010,M,1985,TX,P02,2024-12-13,,0
M005011,M,1971,TX,P01,2024-01-01,,1
M005012,F,1982,FL,P02,2025-04-29,,0
M005013,F,1983,MN,P01,2025-01-08,,0
M005014,F,1946,FL,P04,2024-01-01,,0
M005015,F,1996,FL,P01,2025-05-18,,0
M005016,M,2021,FL,P01,2024-01-01,,0
M005017,F,1984,CA,P02,2024-01-01,,0
M005018,F,1985,AZ,P02,2024-11-29,,0
M005019,M,1947,OH,P03,2024-01-01,,0
M005020,F,1965,TX,P02,2024-01-01,,0
M005021,M,2004,GA,P05,2024-01-01,,0
M005022,M,1963,MN,P05,2025-02-16,2025-06-14,0
M005023,F,2025,OH,P05,2024-01-01,,0
M005024,M,1941,NY,P03,2024-09-22,,0
M005025,F,1955,OH,P03,2024-01-01,,0
M005026,F,1956,OH,P03,2024-01-01,,1
M005027,F,1981,AZ,P02,2025-04-07,,0
M005028,F,1984,OH,P02,2024-01-01,,0
M005029,F,1948,NY,P03,2025-03-27,,0
M005030,F,1990,TX,P01,2025-05-05,,0
M005031,M,2017,FL,P01,2024-09-02,2025-07-24,0
M005032,F,1986,TX,P05,2024-04-01,,0
M005033,M,2007,OH,P01,2024-01-01,,0
M005034,M,1986,MN,P02,2025-04-11,,0
M005035,F,1952,TX,P03,2024-01-01,2024-04-18,1
M005036,F,2023,CA,P01,2024-01-01,,0
M005037,F,1984,OH,P05,2024-01-01,,0
M005038,F,2020,TX,P01,2025-06-13,,0
M005039,F,2004,CA,P05,2024-01-01,,0
M005040,M,1937,GA,P04,2024-01-01,,0
M005041,F,1968,FL,P01,2024-01-01,,0
M005042,M,2005,OH,P01,2024-01-01,,0
M005043,F,2006,NY,P02,2024-07-03,2025-03-26,0
M005044,M,2006,OH,P02,2024-01-01,,0
M005045,M,1988,FL,P01,2025-06-16,,0
M005046,F,2013,TX,P05,2025-02-21,,0
M005047,F,1991,TX,P01,2024-01-01,2025-03-09,0
M005048,F,1973,CA,P05,2024-01-01,,0
M005049,M,2020,TX,P01,2024-01-01,,0
M005050,M,1963,OH,P05,2024-01-01,,1
M005051,M,1991,NY,P01,2024-01-01,,0
M005052,M,1985,GA,P02,2024-01-01,,0
M005053,M,1942,GA,P03,2025-04-11,,0
M005054,M,1964,FL,P01,2024-01-01,2025-04-19,0
M005055,M,1938,FL,P04,2024-01-01,,0
M005056,F,1968,TX,P01,2024-01-01,2025-02-01,1
M005057,F,2007,GA,P02,2024-03-07,,0
M005058,M,2011,CA,P02,2024-01-01,,0
M005059,M,1943,FL,P03,2024-07-04,2025-11-01,1
M005060,M,2016,OH,P01,2024-01-01,,0
M005061,M,2018,FL,P01,2025-06-20,2025-11-08,0
M005062,F,2012,CA,P01,2024-01-01,,0
M005063,M,2008,CA,P02,2024-01-01,,1
M005064,F,2019,FL,P01,2024-01-01,,0
M005065,M,1978,GA,P05,2024-01-01,,0
M005066,F,1988,OH,P02,2024-07-04,2025-05-05,0
M005067,M,1951,CA,P03,2024-01-01,,1
M005068,M,2007,OH,P02,2024-01-01,2024-11-30,0
M005069,M,1965,TX,P01,2024-01-01,,0
M005070,F,1966,CA,P02,2024-01-01,,0
M005071,M,2017,NY,P01,2024-06-19,2024-10-18,0
M005072,F,1986,CA,P02,2024-01-01,,0
M005073,M,2004,OH,P02,2024-02-22,,0
M005074,M,2002,CA,P02,2025-05-04,,0
M005075,M,1987,CA,P05,2024-01-01,,0
M005076,M,1961,CA,P01,2024-01-01,,0
M005077,F,1988,OH,P02,2024-01-01,,0
M005078,F,1964,TX,P01,2024-01-01,,0
M005079,F,1972,GA,P02,2024-08-21,,0
M005080,M,1937,TX,P04,2024-01-01,,1
M005081,M,1974,TX,P01,2024-01-01,,0
M005082,F,1937,GA,P03,2025-02-28,,0
M005083,F,2009,FL,P02,2024-01-01,,0
M005084,M,1962,CA,P01,2025-04-16,,0
M005085,F,1966,FL,P05,2024-01-01,,0
M005086,M,1986,TX,P02,2024-01-01,,0
M005087,M,1937,NY,P04,2024-01-01,2024-04-17,1
M005088,M,1968,OH,P02,2024-01-01,,0
M005089,M,2016,TX,P05,2024-08-22,,0
M005090,M,2021,GA,P01,2024-01-01,,0
M005091,F,1961,TX,P02,2024-02-07,,0
M005092,M,1939,GA,P04,2024-08-12,2025-07-26,1
M005093,F,1979,OH,P02,2024-01-01,,0
M005094,M,1993,AZ,P02,2024-06-14,,0
M005095,F,1992,GA,P05,2024-01-01,2024-06-29,0
M005096,M,1951,GA,P03,2024-01-01,,0
M005097,F,1957,MN,P03,2024-01-26,,0
M005098,M,1947,GA,P03,2024-01-01,,1
M005099,M,1997,GA,P05,2024-01-17,,1
M005100,M,2024,TX,P05,2024-01-01,2025-04-21,0
M005101,F,1944,GA,P03,2024-01-01,,0
M005102,M,2006,NY,P01,2024-01-01,,0
M005103,M,1977,MN,P01,2024-01-01,,0
M005104,M,1955,OH,P03,2024-01-01,,1
M005105,F,2023,FL,P05,2025-04-14,,0
M005106,F,1998,TX,P02,2024-01-01,,0
M005107,F,1974,FL,P01,2024-11-12,2025-06-23,0
M005108,M,1973,CA,P01,2024-01-01,,0
M005109,F,1990,OH,P02,2024-01-01,,0
M005110,F,1986,FL,P05,2024-01-01,2024-12-02,0
M005111,F,1981,FL,P01,2024-01-01,,0
M005112,F,1938,FL,P03,2024-01-01,,0
M005113,M,1955,GA,P04,2024-01-01,,1
M005114,M,2023,FL,P05,2024-01-01,,0
M005115,M,1998,TX,P01,2024-01-01,,0
M005116,M,1971,NY,P05,2024-01-01,,0
M005117,M,1938,TX,P03,2024-01-01,,1
M005118,F,1940,OH,P04,2024-01-01,,0
M005119,M,1982,GA,P01,2024-01-01,2024-12-05,0
M005120,M,2006,TX,P02,2025-01-19,,0
M005121,F,1949,GA,P03,2024-01-01,,1
M005122,F,1992,OH,P02,2024-01-01,,0
M005123,F,1980,TX,P02,2024-01-01,,0
M005124,M,1948,FL,P03,2024-01-01,,1
M005125,F,1955,FL,P03,2025-05-23,,0
M005126,F,1961,FL,P01,2024-05-09,,0
M005127,M,2024,FL,P02,2024-11-30,,0
M005128,M,1975,AZ,P01,2024-01-01,,0
M005129,F,1998,FL,P05,2024-01-01,2025-03-22,0
M005130,M,1978,AZ,P05,2024-01-01,,0
M005131,F,2020,NY,P01,2025-03-05,,0
M005132,M,1991,CA,P01,2024-01-01,,0
M005133,F,2024,OH,P01,2024-01-01,,0
M005134,F,1982,GA,P02,2024-01-01,,0
M005135,F,2011,MN,P05,2024-02-24,,0
M005136,M,2016,TX,P02,2024-01-01,,1
M005137,M,2020,CA,P01,2024-01-01,,0
M005138,M,2008,TX,P01,2024-06-18,,1
M005139,F,1963,TX,P01,2024-01-01,,1
M005140,F,1961,TX,P05,2024-04-30,,1
M005141,M,1949,OH,P03,2024-01-01,,0
M005142,F,1946,TX,P03,2024-07-12,,1
M005143,M,1987,GA,P02,2024-06-08,,0
M005144,M,2005,GA,P05,2024-01-01,,0
M005145,M,1964,CA,P02,2025-01-23,,0
M005146,F,2010,CA,P05,2024-01-01,,1
M005147,F,2014,OH,P05,2024-01-01,,0
M005148,F,2011,TX,P02,2024-01-01,,0
M005149,M,2016,CA,P05,2024-01-01,2024-08-16,0
M005150,F,1994,TX,P01,2024-01-01,,0
M005151,F,1947,TX,P03,2024-01-01,,0
M005152,F,2011,NY,P01,2025-03-13,,0
M005153,F,2001,FL,P02,2024-03-18,,0
M005154,M,1983,FL,P01,2024-01-01,,0
M005155,M,1970,OH,P01,2024-01-01,2024-08-24,0
M005156,M,2021,NY,P01,2024-01-01,,0
M005157,F,1985,FL,P02,2024-01-01,,0
M005158,M,1954,TX,P03,2025-02-01,,0
M005159,F,1961,TX,P02,2025-03-05,,1
M005160,F,2007,CA,P02,2024-01-01,2025-01-05,0
M005161,M,1970,CA,P05,2024-01-01,,0
M005162,F,1975,GA,P05,2024-01-01,,1
M005163,F,2004,TX,P01,2024-01-01,,0
M005164,F,2004,GA,P02,2024-01-01,,0
M005165,F,1950,FL,P03,2024-01-01,,0
M005166,M,1948,FL,P04,2024-01-01,,1
M005167,M,1997,AZ,P02,2024-01-01,,0
M005168,M,1949,GA,P04,2024-01-21,,0
M005169,F,1995,CA,P01,2025-02-28,,0
M005170,M,1974,TX,P02,2024-01-01,,0
M005171,F,1954,NY,P04,2024-01-01,,1
M005172,F,1943,GA,P03,2025-03-23,2025-07-14,1
M005173,M,2004,FL,P05,2024-01-01,,0
M005174,F,1978,TX,P01,2024-11-06,,1
M005175,M,2016,CA,P01,2024-01-01,,0
M005176,M,2007,OH,P01,2024-03-16,,0
M005177,M,2005,CA,P01,2024-01-01,,0
M005178,F,1984,FL,P01,2024-03-12,,1
M005179,M,2017,AZ,P02,2024-01-01,2024-11-13,0
M005180,F,1996,AZ,P02,2025-04-26,,1
M005181,M,1945,OH,P03,2024-01-01,2024-08-31,1
M005182,F,1965,TX,P02,2024-01-01,,0
M005183,F,1997,FL,P01,2024-03-12,2025-07-15,0
M005184,F,1940,NY,P03,2024-01-01,,1
M005185,M,1986,GA,P01,2024-01-01,,0
M005186,F,1975,CA,P05,2024-01-01,2024-11-04,0
M005187,F,2010,FL,P01,2025-06-17,,0
M005188,F,1966,AZ,P02,2025-01-24,,0
M005189,F,2009,CA,P05,2024-01-01,,0
M005190,M,1940,AZ,P03,2024-09-14,,1
M005191,F,1959,NY,P03,2024-04-15,,1
M005192,M,1949,NY,P03,2024-01-01,,1
M005193,M,1985,TX,P01,2024-01-01,,0
M005194,F,1955,FL,P03,2024-01-01,2025-03-07,1
M005195,M,1968,MN,P05,2024-01-01,,1
M005196,F,2007,OH,P05,2024-01-01,,1
M005197,F,1986,CA,P02,2024-01-01,,0
M005198,M,1992,CA,P02,2025-06-23,,0
M005199,M,1954,TX,P04,2024-01-01,,0
M005200,M,1977,GA,P02,2024-01-01,,0
M005201,M,1965,TX,P01,2024-01-01,,0
M005202,M,1979,CA,P01,2024-01-01,,0
M005203,F,1967,CA,P01,2024-09-09,,0
M005204,F,1969,NY,P02,2024-01-01,,0
M005205,M,2002,CA,P01,2024-04-17,2024-09-14,1
M005206,M,1989,MN,P01,2024-01-01,,0
M005207,F,2013,GA,P01,2024-01-01,,0
M005208,M,1965,MN,P05,2024-01-01,2024-12-15,0
M005209,M,1963,CA,P01,2025-05-29,,0
M005210,F,1968,FL,P01,2024-01-01,,0
M005211,F,1977,MN,P02,2024-01-01,2025-01-03,0
M005212,F,1970,TX,P01,2024-01-01,,0
M005213,F,1974,AZ,P05,2024-01-01,,0
M005214,M,2011,TX,P05,2024-01-01,,0
M005215,F,2008,GA,P02,2024-01-01,,0
M005216,M,1991,GA,P02,2025-01-04,,1
M005217,F,1998,OH,P02,2024-01-01,,0
M005218,F,1978,GA,P01,2024-09-28,,0
M005219,F,1978,TX,P01,2024-10-04,,0
M005220,M,1962,FL,P01,2024-01-01,,0
M005221,M,1974,FL,P01,2024-01-01,,0
M005222,F,1955,MN,P03,2024-01-01,,1
M005223,M,2003,CA,P01,2024-01-01,2024-09-28,1
M005224,M,2004,TX,P01,2025-02-23,,0
M005225,M,1984,FL,P02,2024-01-04,,0
M005226,F,2003,GA,P02,2024-01-01,,0
M005227,M,1962,AZ,P01,2024-01-01,,0
M005228,F,2007,AZ,P01,2024-01-01,,0
M005229,M,1997,TX,P01,2024-01-01,,0
M005230,F,1972,OH,P01,2024-01-01,2024-06-20,0
M005231,F,1959,CA,P04,2024-01-01,,0
M005232,F,2023,OH,P05,2024-01-01,,0
M005233,M,2004,GA,P02,2024-01-01,,1
M005234,M,2002,FL,P02,2024-01-01,,0
M005235,F,1956,CA,P04,2024-01-01,,0
M005236,M,1944,FL,P03,2024-01-01,,0
M005237,F,1990,CA,P01,2024-01-01,2024-10-06,0
M005238,F,1999,FL,P01,2024-01-01,,0
M005239,F,1993,FL,P02,2024-01-01,,0
M005240,F,1941,FL,P03,2024-11-21,,0
M005241,F,2014,FL,P01,2024-01-01,,0
M005242,F,1986,NY,P01,2024-01-01,,0
M005243,F,1969,NY,P02,2024-01-01,,0
M005244,F,1992,AZ,P01,2024-01-01,,0
M005245,F,2022,CA,P02,2024-01-01,,0
M005246,M,1938,OH,P03,2025-04-20,,1
M005247,F,2004,MN,P02,2024-11-02,,0
M005248,F,1977,CA,P01,2024-01-01,,0
M005249,F,1967,GA,P01,2024-01-01,2024-04-20,0
M005250,F,1961,MN,P05,2024-05-04,,0
M005251,M,2018,GA,P02,2024-01-01,,1
M005252,M,2013,TX,P01,2024-01-01,,1
M005253,F,1984,TX,P01,2025-03-14,,0
M005254,M,1955,FL,P04,2024-01-01,,1
M005255,F,1942,OH,P04,2024-01-01,,0
M005256,F,1990,OH,P05,2024-01-01,,0
M005257,M,1952,TX,P03,2024-01-01,,0
M005258,M,1979,CA,P02,2024-02-14,2024-06-19,1
M005259,M,1982,CA,P02,2024-01-01,,0
M005260,F,1995,OH,P01,2024-01-01,,0
M005261,M,1945,FL,P03,2024-01-01,,1
M005262,M,1956,FL,P03,2024-01-01,,0
M005263,F,1973,NY,P01,2024-01-01,,0
M005264,F,2023,TX,P05,2024-01-01,2024-05-27,1
M005265,F,1971,OH,P02,2024-01-01,2024-05-26,0
M005266,F,1971,CA,P01,2024-01-01,,0
M005267,F,1981,NY,P02,2025-04-19,2025-10-10,1
M005268,F,1973,GA,P05,2024-01-01,,1
M005269,F,1966,TX,P05,2025-01-07,,0
M005270,M,2015,FL,P02,2024-01-01,,0
M005271,M,1990,AZ,P05,2024-01-01,,0
M005272,M,1984,OH,P05,2024-06-07,,0
M005273,M,1964,FL,P05,2024-02-04,,0
M005274,M,1978,OH,P05,2024-01-01,2024-06-14,0
M005275,M,1987,CA,P02,2024-01-01,,1
M005276,M,1938,NY,P04,2025-06-07,,1
M005277,M,1939,GA,P03,2024-01-01,,0
M005278,M,1947,TX,P04,2024-01-01,,0
M005279,F,1997,NY,P01,2024-01-01,,0
M005280,M,1953,FL,P04,2024-08-26,,0
M005281,M,1969,CA,P05,2024-01-01,2024-12-12,0
M005282,F,1984,FL,P02,2024-01-01,,0
M005283,F,2019,MN,P05,2024-11-02,,0
M005284,F,1979,NY,P02,2024-01-01,,0
M005285,F,1996,GA,P01,2024-01-12,,0
M005286,M,1983,FL,P01,2024-01-01,,1
M005287,M,1946,FL,P04,2025-05-29,,0
M005288,M,1936,GA,P03,2024-01-01,,0
M005289,F,2011,FL,P02,2024-01-01,,0
M005290,M,1945,MN,P03,2024-01-01,,0
M005291,M,2011,OH,P02,2024-03-06,,1
M005292,M,1966,AZ,P02,2024-01-01,,0
M005293,F,2021,TX,P05,2024-01-01,,0
M005294,M,1948,CA,P03,2024-01-01,,1
M005295,F,1948,FL,P04,2024-01-01,,0
M005296,F,1940,MN,P03,2024-01-01,,1
M005297,M,2002,TX,P05,2024-01-01,2024-05-15,0
M005298,M,1967,OH,P01,2024-01-01,,0
M005299,F,1961,NY,P01,2024-07-24,,0
M005300,M,1983,AZ,P01,2024-01-01,,0
M005301,M,1948,MN,P03,2024-01-01,,1
M005302,M,1942,GA,P03,2024-01-01,,0
M005303,F,1952,FL,P04,2024-01-01,,0
M005304,M,2018,GA,P02,2024-06-18,,1
M005305,M,1971,CA,P01,2024-01-01,,1
M005306,F,1940,OH,P03,2024-01-01,,0
M005307,M,1971,FL,P05,2024-08-31,2025-09-12,0
M005308,M,1986,GA,P01,2024-01-01,,0
M005309,F,1970,CA,P01,2024-11-26,,0
M005310,F,2020,GA,P01,2024-01-01,,0
M005311,F,2023,CA,P02,2024-11-19,,0
M005312,M,2018,NY,P01,2024-10-13,,0
M005313,F,1969,TX,P02,2024-12-27,,0
M005314,M,1943,TX,P03,2024-01-01,,0
M005315,F,1961,MN,P02,2024-02-11,,1
M005316,F,2004,OH,P02,2025-06-14,,0
M005317,F,2008,TX,P01,2024-01-01,,1
M005318,F,2003,NY,P05,2024-01-01,,0
M005319,F,1972,GA,P02,2024-01-01,,0
M005320,F,2009,NY,P02,2025-04-06,,1
M005321,M,1990,CA,P01,2024-02-14,,0
M005322,M,1957,GA,P03,2024-01-01,2024-09-14,1
M005323,F,2002,TX,P05,2024-01-01,,0
M005324,F,1995,NY,P01,2024-01-01,,0
M005325,F,1982,CA,P01,2024-01-01,,1
M005326,M,1974,NY,P01,2024-06-21,2025-02-27,0
M005327,M,1955,FL,P03,2024-01-01,,1
M005328,M,1992,TX,P05,2024-12-18,,0
M005329,F,2015,MN,P02,2024-01-01,,0
M005330,F,2024,AZ,P02,2024-01-01,,0
M005331,M,1937,AZ,P04,2025-03-01,,1
M005332,M,1945,GA,P04,2024-01-01,,0
M005333,M,2009,TX,P01,2024-07-31,,1
M005334,M,2022,NY,P01,2024-02-13,,1
M005335,F,1964,CA,P02,2024-02-11,,0
M005336,M,1960,FL,P04,2025-02-20,,0
M005337,M,1958,FL,P03,2024-01-01,,0
M005338,F,1956,TX,P03,2024-01-01,,0
M005339,M,2025,TX,P05,2024-04-10,,0
M005340,M,2011,TX,P01,2024-01-01,,0
M005341,M,2019,OH,P02,2024-03-28,,1
M005342,M,1996,MN,P01,2024-01-01,2024-10-25,0
M005343,M,1984,CA,P05,2025-03-19,2025-06-30,0
M005344,M,1941,TX,P03,2024-01-01,,1
M005345,M,2000,FL,P01,2024-12-25,,0
M005346,F,1990,OH,P01,2024-01-01,,0
M005347,M,1959,FL,P04,2024-01-01,,1
M005348,M,1942,OH,P04,2024-12-21,,0
M005349,F,1949,FL,P03,2024-01-01,,0
M005350,M,1964,GA,P01,2024-01-01,2024-10-22,0
M005351,M,2005,OH,P05,2024-01-01,,1
M005352,M,1946,FL,P04,2024-01-01,,1
M005353,M,1958,MN,P03,2024-01-01,2024-10-31,0
M005354,M,1948,CA,P03,2024-01-01,,1
M005355,M,1995,FL,P05,2024-01-01,,0
M005356,F,1979,NY,P05,2024-01-01,,0
M005357,M,1945,CA,P03,2025-05-25,,0
M005358,M,2017,AZ,P02,2024-01-01,,0
M005359,F,1970,FL,P02,2024-01-01,,1
M005360,F,1950,AZ,P04,2024-01-01,2025-02-01,0
M005361,F,1944,OH,P03,2024-01-01,,0
M005362,M,1969,OH,P01,2025-05-24,,0
M005363,M,2006,TX,P01,2024-01-10,2024-06-07,0
M005364,M,1974,TX,P05,2024-01-01,2024-04-21,0
M005365,M,1988,AZ,P05,2024-01-01,,0
M005366,M,1965,NY,P05,2025-02-14,,0
M005367,M,1995,MN,P02,2024-01-01,,0
M005368,M,1939,CA,P04,2024-01-01,,0
M005369,M,1993,NY,P05,2024-01-01,,0
M005370,M,2000,MN,P02,2024-06-10,2024-09-30,1
M005371,M,2001,OH,P01,2024-01-01,,0
M005372,F,1966,FL,P05,2024-01-01,,0
M005373,M,1971,GA,P01,2025-03-05,,0
M005374,M,1940,FL,P03,2024-01-01,,1
M005375,F,1943,CA,P03,2024-01-01,,0
M005376,M,1939,FL,P03,2024-01-01,,0
M005377,M,2019,MN,P01,2024-09-30,,0
M005378,M,1948,MN,P04,2024-01-01,,0
M005379,F,2015,AZ,P01,2024-01-01,,0
M005380,F,1969,CA,P05,2025-01-16,,0
M005381,F,1996,OH,P01,2024-09-18,,0
M005382,F,1939,FL,P03,2024-01-01,,0
M005383,F,1946,CA,P04,2024-01-01,,0
M005384,F,2020,GA,P01,2024-01-01,2024-08-19,0
M005385,M,1976,TX,P01,2024-01-01,,0
M005386,F,1959,TX,P04,2024-01-01,,1
M005387,F,2006,OH,P01,2024-02-13,,0
M005388,F,2012,GA,P01,2025-02-15,,0
M005389,F,1969,CA,P02,2025-03-30,,0
M005390,F,1975,OH,P05,2024-01-01,,1
M005391,F,1945,AZ,P03,2024-01-01,,0
M005392,M,1980,TX,P02,2025-05-23,,0
M005393,F,2010,GA,P05,2024-01-01,,1
M005394,M,2014,NY,P02,2024-01-01,,0
M005395,M,1982,CA,P02,2024-01-01,2024-07-05,0
M005396,F,1971,TX,P02,2024-01-01,,1
M005397,F,1966,CA,P02,2024-01-01,,1
M005398,M,1995,GA,P02,2024-01-01,,0
M005399,F,1958,NY,P03,2025-05-09,2025-10-01,0
M005400,F,1990,TX,P01,2024-01-01,2024-07-14,0
M005401,F,1960,FL,P03,2024-01-01,2024-09-26,0
M005402,F,1962,GA,P01,2024-01-01,,0
M005403,F,2018,CA,P02,2024-01-01,,0
M005404,M,1983,TX,P01,2024-01-01,,0
M005405,F,1953,MN,P03,2024-01-01,2025-05-02,0
M005406,M,1957,FL,P04,2024-01-01,,0
M005407,M,2019,GA,P02,2024-01-01,,0
M005408,F,2024,TX,P01,2024-07-10,2025-08-16,0
M005409,M,1986,FL,P01,2024-01-01,,0
M005410,M,1956,FL,P04,2024-01-01,,0
M005411,F,1986,AZ,P01,2024-11-30,,0
M005412,F,1946,OH,P04,2025-06-23,,1
M005413,M,1973,FL,P02,2025-02-20,,0
M005414,F,2004,GA,P01,2024-01-01,,1
M005415,F,1941,GA,P04,2024-12-24,,0
M005416,F,2003,CA,P02,2024-01-01,,0
M005417,M,1998,CA,P01,2024-01-01,,0
M005418,F,1991,CA,P05,2025-06-10,,0
M005419,M,1984,TX,P01,2024-01-01,,0
M005420,M,1981,GA,P02,2025-02-07,,0
M005421,M,1961,OH,P02,2024-08-09,,0
M005422,M,2014,GA,P02,2024-01-01,,0
M005423,F,1939,GA,P04,2024-01-01,,1
M005424,F,1986,GA,P01,2025-03-10,,0
M005425,F,2005,GA,P05,2024-01-01,,0
M005426,M,1948,MN,P03,2024-01-01,,0
M005427,F,1980,NY,P05,2024-01-01,,0
M005428,M,1956,GA,P04,2025-03-01,,0
M005429,M,2014,GA,P05,2024-05-22,,1
M005430,F,1945,FL,P03,2024-01-01,2025-03-15,0
M005431,M,1978,NY,P02,2024-07-08,2024-10-25,0
M005432,M,2023,OH,P02,2024-05-02,,0
M005433,M,1958,TX,P03,2024-01-01,,0
M005434,M,1991,NY,P02,2024-01-01,,0
M005435,M,1945,TX,P04,2024-01-01,,1
M005436,F,1977,FL,P01,2024-01-02,,0
M005437,F,1966,CA,P05,2024-01-01,,0
M005438,M,2023,FL,P01,2024-01-01,2024-11-21,0
M005439,M,1976,GA,P05,2024-01-01,,0
M005440,M,2004,NY,P01,2024-01-01,,0
M005441,M,1990,FL,P01,2024-01-01,,0
M005442,F,1956,TX,P04,2024-01-01,,0
M005443,M,1950,FL,P04,2024-01-01,,0
M005444,F,1954,CA,P04,2024-01-20,,0
M005445,F,2010,GA,P05,2024-09-14,,0
M005446,M,1979,NY,P01,2024-08-24,,0
M005447,M,1968,TX,P05,2024-01-01,,0
M005448,M,1986,CA,P02,2024-01-01,,1
M005449,M,2022,MN,P02,2024-06-22,2025-04-12,0
M005450,F,2015,AZ,P02,2024-01-01,,0
M005451,F,1977,OH,P01,2024-01-01,,0
M005452,M,1936,FL,P03,2024-01-01,2024-06-19,1
M005453,F,1960,TX,P04,2024-01-01,,1
M005454,F,1991,CA,P01,2024-01-01,2024-10-20,1
M005455,F,1998,FL,P05,2024-11-10,,0
M005456,M,2018,OH,P02,2024-08-24,,0
M005457,M,1975,TX,P01,2024-02-29,2025-01-23,0
M005458,M,1941,AZ,P03,2025-06-05,,1
M005459,M,2023,OH,P01,2024-01-01,2024-03-31,0
M005460,F,1994,MN,P01,2024-01-01,,1
M005461,F,1948,AZ,P03,2024-01-01,,0
M005462,M,1977,CA,P01,2024-08-14,,0
M005463,M,1976,OH,P01,2024-01-01,2025-05-07,0
M005464,F,1960,GA,P04,2025-01-13,,1
M005465,M,1964,FL,P01,2024-01-01,2025-01-27,1
M005466,M,1943,TX,P04,2024-01-01,,0
M005467,M,1936,FL,P04,2024-12-23,,1
M005468,M,1977,CA,P01,2025-01-25,,0
M005469,M,2015,NY,P02,2025-06-19,,0
M005470,M,1982,FL,P01,2024-01-01,,0
M005471,M,1949,CA,P03,2024-01-01,,1
M005472,M,2008,NY,P01,2024-01-01,,1
M005473,M,2020,GA,P05,2025-02-09,,0
M005474,F,1977,FL,P01,2024-01-01,,0
M005475,M,1939,GA,P03,2024-01-01,,0
M005476,F,1993,MN,P01,2024-01-01,,0
M005477,F,1975,CA,P01,2024-11-02,,0
M005478,F,2003,NY,P02,2024-01-01,,0
M005479,F,1944,TX,P03,2024-12-13,,1
M005480,M,1974,OH,P05,2024-01-01,,0
M005481,M,1997,AZ,P01,2024-01-01,,0
M005482,M,1985,TX,P01,2024-09-25,,1
M005483,F,2016,GA,P02,2024-01-01,,0
M005484,M,1993,TX,P02,2024-01-01,,0
M005485,F,1970,GA,P05,2024-01-01,,0
M005486,F,1975,NY,P05,2024-01-01,,1
M005487,M,2006,FL,P05,2024-09-03,,0
M005488,M,1990,MN,P01,2024-01-01,,1
M005489,M,1985,NY,P02,2024-01-01,,0
M005490,F,1941,TX,P04,2024-12-22,,0
M005491,F,1972,GA,P02,2024-01-01,,0
M005492,M,1948,TX,P03,2024-01-01,2025-04-14,1
M005493,F,1977,AZ,P01,2024-06-19,,0
M005494,F,2002,TX,P02,2024-08-04,,0
M005495,M,2001,CA,P05,2024-01-01,,0
M005496,F,1995,CA,P01,2024-01-01,,0
M005497,M,1998,NY,P05,2024-01-01,2024-05-06,0
M005498,M,1963,NY,P02,2024-01-01,,0
M005499,F,1969,CA,P01,2024-03-09,,0
M005500,F,1967,OH,P01,2024-01-01,,0
M005501,M,1986,TX,P01,2024-01-01,,0
M005502,M,2013,GA,P02,2024-01-01,,1
M005503,F,2016,TX,P01,2024-01-01,,0
M005504,M,1954,GA,P03,2025-03-12,,1
M005505,F,1983,OH,P05,2024-01-01,,0
M005506,F,2002,GA,P02,2024-01-01,,0
M005507,M,1983,FL,P01,2024-01-01,,0
M005508,F,1968,GA,P02,2024-01-01,,0
M005509,F,1939,OH,P04,2025-04-16,,1
M005510,F,1944,MN,P03,2024-02-27,,0
M005511,F,1992,TX,P01,2025-03-21,,0
M005512,M,1973,GA,P02,2024-01-01,,0
M005513,M,2022,NY,P02,2024-02-01,,0
M005514,F,2008,MN,P02,2024-01-01,,1
M005515,F,1965,CA,P01,2024-01-01,,0
M005516,F,1968,FL,P05,2024-01-01,,1
M005517,M,1988,AZ,P01,2024-08-24,,0
M005518,F,2023,FL,P01,2025-02-22,,0
M005519,F,2022,OH,P01,2024-01-01,,0
M005520,M,1938,FL,P03,2024-02-13,,1
M005521,M,1967,MN,P02,2024-12-26,,0
M005522,F,2001,CA,P01,2024-12-09,,0
M005523,M,1968,FL,P02,2024-01-01,,0
M005524,F,1943,GA,P03,2025-05-12,,1
M005525,M,2017,TX,P01,2024-11-13,2025-03-07,0
M005526,F,1989,TX,P05,2024-01-01,,1
M005527,M,2002,GA,P02,2024-01-01,,0
M005528,M,2011,FL,P01,2024-11-27,,0
M005529,M,1982,TX,P05,2024-11-07,,1
M005530,M,1945,NY,P04,2024-01-01,,1
M005531,M,1967,FL,P02,2024-10-17,,0
M005532,F,1973,MN,P05,2024-01-01,,0
M005533,M,1975,GA,P02,2024-01-01,2025-04-17,1
M005534,M,2021,AZ,P02,2024-01-01,,0
M005535,M,1963,GA,P05,2024-01-01,,0
M005536,F,1950,AZ,P04,2024-01-01,,0
M005537,F,1978,FL,P01,2024-01-01,,0
M005538,M,1940,OH,P03,2024-01-01,,1
M005539,M,1976,AZ,P02,2024-01-01,,0
M005540,F,2005,OH,P01,2024-01-01,2024-12-18,0
M005541,M,1980,MN,P05,2024-09-06,,0
M005542,F,2007,AZ,P02,2024-01-01,,0
M005543,M,1949,TX,P03,2024-01-01,2024-06-21,0
M005544,M,1953,CA,P03,2024-01-01,,0
M005545,F,1956,FL,P03,2024-01-01,,1
M005546,F,1996,AZ,P01,2024-01-01,,1
M005547,F,2025,MN,P05,2024-05-19,,0
M005548,M,1946,NY,P03,2024-01-01,,1
M005549,F,1942,TX,P03,2024-01-01,,1
M005550,F,1971,FL,P02,2024-01-01,,0
M005551,M,1961,TX,P01,2024-01-01,,1
M005552,F,2020,CA,P01,2024-05-04,,0
M005553,M,2009,MN,P02,2025-02-12,,0
M005554,M,1976,FL,P01,2024-01-01,2024-07-27,0
M005555,M,1958,OH,P03,2024-01-01,,0
M005556,F,2009,GA,P05,2024-01-01,,0
M005557,M,2007,GA,P02,2024-01-01,,1
M005558,F,1966,TX,P02,2024-01-01,,0
M005559,F,1955,FL,P03,2024-01-01,,0
M005560,F,2025,FL,P01,2024-01-01,,0
M005561,M,1971,FL,P05,2024-01-01,,0
M005562,F,1989,TX,P02,2024-07-11,2025-08-30,0
M005563,M,1971,NY,P01,2024-01-01,,0
M005564,M,1985,OH,P01,2024-01-01,,0
M005565,F,1981,FL,P05,2025-03-08,,0
M005566,M,1988,NY,P01,2024-01-01,,0
M005567,M,1936,NY,P03,2024-01-01,,1
M005568,M,1973,TX,P01,2024-01-01,2025-04-14,0
M005569,M,1992,FL,P01,2024-01-01,,0
M005570,M,2018,FL,P05,2024-09-18,,0
M005571,M,2019,CA,P01,2024-01-01,,1
M005572,F,1998,NY,P01,2024-01-01,,1
M005573,M,1995,FL,P02,2025-01-16,,1
M005574,M,1969,TX,P05,2024-01-01,,1
M005575,F,2023,FL,P02,2024-05-23,,0
M005576,M,1968,TX,P01,2024-01-01,,1
M005577,M,2022,OH,P05,2024-01-01,2024-12-31,0
M005578,F,1960,OH,P03,2024-02-18,,0
M005579,M,1998,OH,P05,2024-01-01,,0
M005580,M,1956,NY,P04,2024-01-01,2024-09-11,1
M005581,M,1960,FL,P03,2024-01-01,,1
M005582,F,1976,TX,P02,2024-11-28,,0
M005583,F,2017,NY,P02,2024-02-07,,0
M005584,F,1940,OH,P04,2024-01-01,2025-03-02,1
M005585,M,1936,GA,P04,2024-01-01,,1
M005586,F,1968,OH,P05,2024-01-01,,0
M005587,F,1937,OH,P03,2024-01-01,,1
M005588,F,1971,GA,P01,2024-01-01,,0
M005589,F,1996,GA,P02,2024-06-18,,1
M005590,F,1957,MN,P03,2024-01-01,,1
M005591,M,1982,TX,P02,2024-01-01,2024-07-15,0
M005592,M,1947,TX,P04,2024-01-01,,0
M005593,M,1941,NY,P03,2024-01-01,2024-05-22,1
M005594,F,1994,CA,P01,2024-01-01,,0
M005595,F,1956,FL,P03,2024-01-01,,0
M005596,F,1953,OH,P03,2024-01-01,,0
M005597,F,2015,NY,P05,2024-01-01,,0
M005598,F,1972,CA,P02,2024-01-01,,0
M005599,M,1951,TX,P03,2024-01-01,,0
M005600,M,1986,CA,P02,2025-06-22,,0
M005601,F,2003,NY,P02,2024-01-01,,0
M005602,M,2022,FL,P01,2024-01-01,,0
M005603,F,2023,FL,P05,2024-10-21,,0
M005604,F,1982,NY,P05,2024-01-01,,1
M005605,M,1984,AZ,P02,2024-01-01,,0
M005606,M,1946,TX,P03,2024-01-03,,1
M005607,M,2013,FL,P01,2024-01-01,,0
M005608,M,1959,TX,P03,2025-02-18,,0
M005609,M,1981,FL,P02,2024-01-01,,0
M005610,M,1947,OH,P04,2024-01-01,2024-09-04,1
M005611,M,2004,FL,P01,2024-01-01,,0
M005612,M,1946,CA,P04,2024-01-01,,0
M005613,M,1971,MN,P01,2024-01-01,,0
M005614,F,1953,FL,P03,2024-01-01,,0
M005615,M,1952,NY,P03,2024-01-01,,0
M005616,F,2025,MN,P01,2024-01-01,,1
M005617,F,1974,CA,P02,2024-01-01,,0
M005618,M,1988,TX,P05,2024-01-01,,0
M005619,F,1945,TX,P03,2024-01-01,,1
M005620,M,2025,AZ,P01,2024-01-01,,0
M005621,F,1973,AZ,P02,2025-05-20,,0
M005622,F,1965,FL,P02,2024-01-01,,1
M005623,F,1950,NY,P03,2024-01-01,,1
M005624,M,1946,TX,P03,2024-10-28,2025-10-03,0
M005625,F,1985,FL,P01,2024-12-20,2025-12-27,0
M005626,M,1953,AZ,P03,2024-01-01,,1
M005627,F,1960,CA,P04,2024-01-01,,1
M005628,F,1943,FL,P04,2024-01-13,,0
M005629,F,2013,CA,P01,2024-01-01,,1
M005630,M,2019,AZ,P02,2024-01-01,2025-01-21,0
M005631,M,1999,GA,P02,2024-01-01,,0
M005632,F,1996,OH,P01,2024-01-01,2024-06-22,0
M005633,F,1991,GA,P02,2024-08-28,,0
M005634,F,1976,GA,P01,2024-01-01,,0
M005635,M,2018,MN,P01,2024-01-01,,0
M005636,F,1942,OH,P03,2024-01-01,,0
M005637,M,2008,NY,P01,2024-01-01,2024-12-27,0
M005638,F,1954,AZ,P04,2024-05-03,,0
M005639,F,2012,FL,P01,2024-06-16,,1
M005640,M,1952,CA,P03,2024-01-01,,1
M005641,M,1971,AZ,P02,2025-06-10,,0
M005642,F,1937,MN,P04,2024-01-01,,0
M005643,M,1936,CA,P04,2024-01-01,,0
M005644,F,1988,NY,P02,2024-01-01,2024-04-18,0
M005645,M,1956,GA,P03,2024-01-01,,1
M005646,F,2001,CA,P01,2024-01-01,,1
M005647,M,1946,CA,P03,2024-03-11,,1
M005648,M,1966,TX,P01,2024-01-01,,0
M005649,F,2010,FL,P02,2024-01-01,,0
M005650,F,1994,FL,P01,2024-11-21,,0
M005651,M,2002,CA,P05,2025-04-16,,0
M005652,F,1976,GA,P02,2024-01-01,,0
M005653,F,1945,TX,P03,2024-01-01,2025-04-12,0
M005654,M,1970,TX,P02,2025-03-12,2025-12-08,1
M005655,M,2020,NY,P01,2024-01-01,,0
M005656,M,2019,TX,P01,2024-01-01,,0
M005657,F,2001,MN,P05,2024-01-01,,0
M005658,M,1945,FL,P04,2024-01-01,,1
M005659,F,2021,GA,P01,2024-01-01,,0
M005660,M,1950,FL,P04,2024-12-27,,0
M005661,F,1967,MN,P02,2024-01-01,,0
M005662,F,1998,CA,P01,2024-12-06,,0
M005663,M,1975,MN,P02,2024-01-01,,0
M005664,F,1989,CA,P01,2024-01-01,,0
M005665,F,1983,OH,P01,2024-01-01,2025-04-27,0
M005666,F,1953,TX,P03,2024-01-01,,0
M005667,M,2020,CA,P01,2024-01-01,2025-03-21,0
M005668,M,2010,FL,P05,2024-01-16,,0
M005669,F,1945,GA,P03,2024-01-01,,1
M005670,M,1967,NY,P05,2024-01-01,,0
M005671,F,1958,NY,P03,2024-01-01,,1
M005672,M,2000,FL,P05,2024-01-01,,0
M005673,F,2024,TX,P02,2024-01-01,2024-06-19,0
M005674,M,1987,OH,P02,2024-01-01,,0
M005675,M,2008,CA,P02,2024-01-01,2024-05-15,0
M005676,F,2004,CA,P05,2025-04-16,,0
M005677,F,1961,MN,P01,2024-06-24,,0
M005678,M,1957,TX,P03,2024-01-01,,0
M005679,F,1937,NY,P04,2024-01-01,,0
M005680,M,2022,TX,P02,2024-01-01,,0
M005681,M,2000,OH,P05,2024-01-01,,0
M005682,M,2021,NY,P02,2024-05-24,2025-08-31,0
M005683,M,1998,OH,P01,2024-01-01,,0
M005684,M,1945,GA,P03,2024-08-15,,0
M005685,F,1968,TX,P02,2024-01-01,2024-10-18,0
M005686,F,2004,FL,P01,2025-03-06,,1
M005687,M,2008,FL,P01,2025-04-26,,0
M005688,F,1985,NY,P01,2025-03-24,,0
M005689,F,1960,FL,P04,2025-03-10,,0
M005690,F,2023,CA,P05,2024-01-01,,0
M005691,M,2020,CA,P02,2024-01-01,,0
M005692,F,2015,NY,P01,2024-01-01,,1
M005693,F,1975,FL,P02,2025-04-06,,0
M005694,F,2012,AZ,P05,2024-04-15,,0
M005695,F,1951,MN,P04,2024-01-01,,0
M005696,F,1997,FL,P01,2025-06-10,,0
M005697,M,1965,AZ,P01,2024-01-01,,0
M005698,F,2009,GA,P05,2024-01-01,,0
M005699,M,1998,FL,P05,2024-01-01,,0
M005700,M,2017,NY,P01,2024-01-01,,0
M005701,M,1971,FL,P05,2024-01-01,,1
M005702,F,1987,GA,P01,2024-08-20,,1
M005703,F,2021,AZ,P01,2024-01-01,,0
M005704,M,1950,NY,P04,2024-01-01,,1
M005705,M,1968,NY,P02,2024-01-01,,0
M005706,M,1981,OH,P02,2024-01-01,2024-05-13,0
M005707,M,1973,CA,P05,2024-01-01,,0
M005708,F,2008,CA,P05,2025-05-17,,0
M005709,F,1997,NY,P01,2024-01-01,2024-12-05,0
M005710,F,1938,GA,P03,2024-02-10,,0
M005711,M,1955,NY,P04,2024-09-04,2025-12-30,1
M005712,F,1954,TX,P03,2024-05-09,,1
M005713,F,1976,TX,P05,2024-01-01,,0
M005714,F,1945,CA,P03,2024-01-01,,0
M005715,M,2017,OH,P01,2024-12-13,,0
M005716,F,2012,CA,P01,2024-01-01,,0
M005717,M,1975,CA,P05,2024-01-01,,0
M005718,M,2010,AZ,P05,2024-01-01,,0
M005719,M,1982,AZ,P01,2024-01-01,,0
M005720,F,1995,CA,P01,2024-01-01,,0
M005721,F,1947,OH,P04,2025-02-21,,0
M005722,M,2010,CA,P01,2024-01-01,,0
M005723,M,2005,NY,P01,2024-01-01,,0
M005724,M,1981,FL,P05,2025-04-08,,0
M005725,F,1940,CA,P04,2024-01-01,,0
M005726,M,2005,NY,P05,2024-01-01,,0
M005727,F,1952,CA,P03,2025-03-17,,0
M005728,M,2016,GA,P02,2024-10-29,,0
M005729,M,1988,FL,P05,2024-01-01,,0
M005730,F,2016,TX,P01,2024-01-01,,0
M005731,F,1980,AZ,P01,2024-01-01,,0
M005732,F,2017,FL,P05,2025-01-07,,0
M005733,M,1955,FL,P03,2025-04-09,,0
M005734,M,1997,CA,P05,2024-01-01,,0
M005735,F,1981,FL,P01,2024-10-24,,1
M005736,M,2025,OH,P05,2024-01-01,,0
M005737,M,1955,FL,P03,2024-01-01,,0
M005738,M,1943,MN,P03,2024-01-01,,1
M005739,F,2010,FL,P05,2024-01-01,,0
M005740,M,2006,FL,P02,2024-12-30,,0
M005741,F,1947,NY,P04,2024-01-01,2024-07-15,1
M005742,F,1949,TX,P03,2024-03-25,2024-11-08,1
M005743,F,1938,TX,P04,2024-01-01,,1
M005744,M,1965,FL,P05,2024-10-24,,1
M005745,M,1945,TX,P03,2024-01-01,,1
M005746,F,1969,GA,P01,2024-10-07,,1
M005747,F,1962,AZ,P01,2024-01-01,,0
M005748,M,1988,CA,P05,2024-10-15,,1
M005749,F,2012,CA,P05,2024-01-01,,1
M005750,M,1998,NY,P05,2024-01-01,,0
M005751,M,2022,TX,P01,2024-01-04,,0
M005752,F,1980,CA,P02,2024-01-01,2024-07-17,0
M005753,F,1959,MN,P04,2024-11-27,,0
M005754,M,1955,FL,P04,2024-01-01,,0
M005755,M,1983,TX,P01,2024-01-01,,1
M005756,M,1948,FL,P03,2024-06-26,,0
M005757,F,2013,NY,P01,2025-03-25,,0
M005758,F,2019,AZ,P02,2024-01-01,,0
M005759,F,1982,FL,P01,2024-01-01,,0
M005760,M,1976,FL,P01,2024-01-09,,0
M005761,F,2008,FL,P01,2024-01-01,2024-11-06,0
M005762,M,2025,GA,P05,2024-03-02,,0
M005763,M,1955,CA,P04,2024-01-01,,1
M005764,F,1976,FL,P05,2024-01-01,,0
M005765,M,1988,TX,P02,2024-06-28,,1
M005766,F,2020,TX,P02,2024-01-01,,0
M005767,M,2018,MN,P02,2024-01-01,,0
M005768,F,1939,CA,P03,2024-01-01,,1
M005769,F,1976,TX,P02,2025-03-16,,0
M005770,F,1938,AZ,P04,2024-01-01,2024-09-19,1
M005771,M,1938,MN,P04,2024-11-28,,1
M005772,F,1981,FL,P05,2024-01-01,,0
M005773,M,2024,FL,P01,2024-01-01,,0
M005774,M,1989,MN,P02,2024-01-01,,0
M005775,M,2008,TX,P01,2024-01-01,,0
M005776,F,1972,FL,P01,2024-01-01,,0
M005777,M,1957,CA,P04,2024-01-01,,0
M005778,M,1970,GA,P02,2024-01-01,,0
M005779,M,1941,FL,P04,2024-05-10,,1
M005780,F,1996,FL,P01,2024-01-01,,1
M005781,M,1964,OH,P05,2024-01-01,2024-08-18,0
M005782,M,1961,GA,P05,2024-01-01,,0
M005783,F,1996,TX,P02,2024-01-01,2024-06-13,0
M005784,F,2002,TX,P05,2024-02-08,,0
M005785,F,1983,OH,P01,2024-12-26,,0
M005786,M,1939,FL,P04,2024-05-17,,1
M005787,M,2000,OH,P05,2024-01-01,,0
M005788,F,1949,TX,P04,2024-01-01,2024-04-11,1
M005789,F,1955,GA,P04,2025-02-28,,0
M005790,M,1998,FL,P02,2025-05-10,,0
M005791,M,1941,FL,P04,2024-01-01,,1
M005792,M,1936,TX,P03,2024-01-01,,0
M005793,F,2012,FL,P01,2024-06-26,,0
M005794,M,2022,NY,P01,2025-02-19,,0
M005795,M,1953,NY,P04,2024-01-01,,1
M005796,F,1941,GA,P03,2024-01-01,,0
M005797,F,1968,NY,P02,2025-04-07,,0
M005798,M,2023,CA,P05,2025-02-14,,1
M005799,F,1937,GA,P03,2024-01-01,2025-02-23,1
M005800,F,1986,TX,P02,2024-01-01,,0
M005801,M,1986,OH,P02,2024-01-01,,0
M005802,F,1956,NY,P03,2024-08-10,,0
M005803,M,1947,FL,P04,2024-06-10,,0
M005804,M,1953,NY,P03,2024-01-01,,0
M005805,F,2010,MN,P02,2024-01-01,,0
M005806,F,1950,FL,P04,2024-01-29,,0
M005807,M,1951,NY,P04,2024-01-01,,1
M005808,M,2001,CA,P05,2024-01-01,,0
M005809,M,1967,CA,P01,2024-01-01,2024-05-21,0
M005810,F,1954,FL,P04,2024-01-01,2024-07-02,0
M005811,M,1976,FL,P02,2024-05-27,,0
M005812,M,1984,FL,P01,2024-01-01,,0
M005813,F,1942,GA,P03,2025-02-01,,0
M005814,F,1944,FL,P04,2024-01-01,2024-09-27,1
M005815,F,2006,CA,P02,2024-01-01,,0
M005816,M,1960,FL,P04,2024-02-28,,1
M005817,F,2025,FL,P02,2024-01-01,,1
M005818,M,1998,NY,P01,2025-05-12,,0
M005819,F,1968,NY,P02,2024-01-01,,0
M005820,M,1984,CA,P02,2025-03-29,,0
M005821,M,1954,OH,P03,2024-01-01,,1
M005822,M,2009,NY,P05,2024-01-01,,0
M005823,M,1950,FL,P04,2024-01-01,,0
M005824,M,1999,TX,P01,2024-01-01,,1
M005825,M,2017,FL,P02,2024-01-01,,0
M005826,M,1986,CA,P01,2024-01-01,,0
M005827,M,1937,FL,P03,2024-01-01,,1
M005828,M,1999,CA,P01,2024-01-01,,0
M005829,F,1987,TX,P02,2024-12-06,,0
M005830,F,1937,CA,P04,2024-01-01,2024-11-30,1
M005831,F,1958,FL,P03,2024-01-01,,1
M005832,F,2011,MN,P01,2024-08-27,,0
M005833,M,1981,AZ,P02,2024-01-01,,0
M005834,M,1950,MN,P03,2024-01-01,,0
M005835,F,2015,OH,P02,2024-01-01,2025-04-06,1
M005836,M,2009,MN,P01,2024-01-01,,1
M005837,F,1999,TX,P05,2024-01-01,2025-01-10,0
M005838,M,1972,NY,P02,2025-01-04,,0
M005839,M,1984,OH,P02,2024-01-01,2024-12-16,0
M005840,M,1995,CA,P01,2025-06-17,,0
M005841,M,1970,FL,P02,2024-07-31,,0
M005842,M,1995,OH,P02,2024-08-28,,0
M005843,M,1968,MN,P01,2024-01-01,2025-01-29,0
M005844,M,1944,CA,P03,2024-01-01,,1
M005845,F,2014,FL,P02,2024-04-13,,0
M005846,M,2001,TX,P05,2024-06-11,,0
M005847,F,2024,TX,P05,2024-01-01,,0
M005848,F,2010,GA,P01,2024-01-01,,1
M005849,M,2024,CA,P01,2024-01-01,2024-12-04,0
M005850,F,1953,FL,P04,2024-01-01,,0
M005851,F,2025,AZ,P05,2025-04-04,,0
M005852,M,1982,CA,P05,2024-11-10,,0
M005853,M,1999,GA,P01,2024-01-01,2025-04-16,0
M005854,M,1995,GA,P01,2024-01-01,,0
M005855,F,1976,OH,P01,2024-01-01,,0
M005856,F,1973,MN,P05,2024-01-01,2025-05-12,0
M005857,F,1953,AZ,P03,2024-07-13,,0
M005858,M,1996,TX,P02,2024-01-01,,0
M005859,M,1940,FL,P03,2024-01-01,,1
M005860,M,1999,MN,P01,2025-06-10,,0
M005861,F,1957,OH,P03,2024-01-01,2024-10-02,1
M005862,F,2006,CA,P01,2024-09-09,,1
M005863,M,1944,AZ,P03,2024-01-01,2024-04-09,0
M005864,F,1941,NY,P04,2024-01-01,,0
M005865,F,1945,FL,P03,2024-01-01,,1
M005866,M,1972,FL,P02,2024-01-01,2025-05-12,0
M005867,F,1998,AZ,P05,2024-03-11,,0
M005868,F,1948,GA,P04,2024-03-04,,0
M005869,M,1986,AZ,P01,2024-01-01,,0
M005870,F,1967,GA,P01,2024-01-01,,1
M005871,F,1938,TX,P03,2024-06-26,2025-02-02,0
M005872,M,2024,CA,P01,2025-01-07,,1
M005873,M,2020,FL,P01,2024-01-01,,1
M005874,M,1992,FL,P01,2024-10-29,2025-05-16,0
M005875,F,1969,GA,P01,2024-01-01,,0
M005876,M,2022,TX,P02,2025-01-01,,0
M005877,M,1937,CA,P03,2024-01-01,,0
M005878,M,1975,AZ,P01,2024-01-01,2024-05-21,0
M005879,F,1956,GA,P04,2025-03-03,,1
M005880,M,2012,FL,P01,2025-01-27,,0
M005881,F,2025,TX,P02,2024-07-09,,0
M005882,M,1989,CA,P01,2024-01-01,,1
M005883,F,1954,NY,P04,2025-03-24,,0
M005884,M,1966,AZ,P05,2024-04-26,,0
M005885,F,2020,CA,P02,2024-01-01,,0
M005886,F,1983,FL,P01,2024-01-01,,0
M005887,F,1974,OH,P01,2024-01-17,,0
M005888,F,2014,CA,P01,2024-01-01,,0
M005889,F,2009,GA,P05,2024-01-01,,0
M005890,F,1974,TX,P01,2025-02-14,2025-07-29,0
M005891,F,2019,CA,P05,2024-01-01,2025-04-30,0
M005892,F,1937,CA,P03,2025-03-24,,0
M005893,F,2009,NY,P02,2024-01-01,,0
M005894,F,2025,FL,P05,2024-01-01,,0
M005895,F,1996,CA,P01,2024-07-03,,0
M005896,F,1940,OH,P04,2024-11-21,,1
M005897,F,2003,TX,P01,2024-01-01,2024-06-27,0
M005898,F,1973,FL,P05,2024-06-08,,0
M005899,M,2019,TX,P02,2024-01-18,2024-05-16,0
M005900,M,1998,FL,P01,2024-09-13,,0
M005901,M,2014,CA,P05,2024-01-01,2024-12-13,0
M005902,F,1976,TX,P01,2024-01-01,2024-06-23,0
M005903,F,1989,TX,P01,2025-03-14,,0
M005904,F,1937,MN,P04,2024-05-25,2024-12-12,1
M005905,M,2019,CA,P02,2024-01-01,2024-05-13,0
M005906,M,1996,GA,P05,2024-01-01,,0
M005907,F,1947,OH,P03,2024-01-01,,0
M005908,M,1942,TX,P03,2024-01-01,,0
M005909,M,1964,CA,P01,2024-01-01,,0
M005910,M,1978,NY,P01,2024-01-01,,0
M005911,M,2020,TX,P05,2024-01-01,,1
M005912,F,2002,TX,P01,2024-01-01,,0
M005913,F,1969,FL,P02,2024-01-01,,0
M005914,M,2014,FL,P01,2025-02-23,,0
M005915,M,1976,FL,P01,2024-01-01,,0
M005916,M,1947,FL,P03,2024-01-01,,1
M005917,M,1956,NY,P04,2024-01-01,,0
M005918,F,1948,FL,P04,2024-01-01,,1
M005919,M,1982,GA,P05,2024-01-01,,0
M005920,F,2007,TX,P01,2025-03-19,,0
M005921,F,2025,NY,P02,2024-01-01,2024-12-28,0
M005922,F,2010,GA,P01,2024-01-01,,1
M005923,M,1937,CA,P04,2024-09-28,,0
M005924,F,2017,FL,P02,2024-07-06,,0
M005925,M,1938,FL,P03,2024-01-01,,0
M005926,F,2022,FL,P01,2024-01-01,,0
M005927,M,1953,TX,P04,2024-01-01,,0
M005928,F,1943,NY,P04,2024-01-01,,0
M005929,M,2004,NY,P05,2024-01-01,,0
M005930,F,1991,CA,P01,2024-01-01,2024-06-29,0
M005931,F,2021,MN,P05,2024-01-01,,0
M005932,M,1978,AZ,P01,2024-01-01,,0
M005933,M,1962,FL,P02,2024-06-19,,1
M005934,M,1975,OH,P01,2024-01-01,2025-01-27,0
M005935,M,2016,TX,P01,2024-01-01,,1
M005936,M,1937,GA,P03,2024-04-05,2024-10-18,0
M005937,F,1978,OH,P01,2024-01-01,,0
M005938,F,1974,FL,P02,2024-01-01,,0
M005939,M,1950,CA,P03,2024-01-01,,1
M005940,M,1963,NY,P05,2024-01-01,,0
M005941,F,1960,FL,P03,2024-01-01,,1
M005942,F,1947,NY,P03,2024-01-01,,1
M005943,F,1993,AZ,P01,2024-01-01,,0
M005944,M,1938,CA,P04,2024-01-01,,0
M005945,M,1987,FL,P01,2024-01-01,,0
M005946,M,1997,NY,P01,2025-06-20,,0
M005947,F,1973,OH,P01,2024-02-17,,0
M005948,M,1950,CA,P03,2024-01-01,,0
M005949,F,1972,TX,P02,2024-01-01,,0
M005950,M,1945,OH,P03,2024-05-06,,1
M005951,M,1998,TX,P02,2024-01-01,2024-09-11,0
M005952,M,1977,CA,P02,2024-01-01,,0
M005953,M,1969,CA,P02,2024-12-08,,0
M005954,M,2002,GA,P01,2024-01-01,,0
M005955,F,1977,AZ,P02,2024-01-01,2024-10-18,0
M005956,F,1955,GA,P03,2024-01-01,,0
M005957,M,2011,GA,P02,2024-01-01,,0
M005958,F,1967,FL,P01,2024-01-01,,0
M005959,M,1938,OH,P03,2024-01-01,,1
M005960,M,1986,OH,P02,2024-11-29,,0
M005961,M,2007,GA,P01,2024-01-01,2024-11-05,1
M005962,M,2024,GA,P01,2024-01-14,,0
M005963,F,1996,TX,P02,2024-01-01,,0
M005964,F,1979,FL,P02,2024-01-01,,0
M005965,M,1952,GA,P03,2024-01-01,,1
M005966,M,1965,TX,P01,2024-01-01,,1
M005967,M,1943,TX,P04,2024-01-01,2025-03-05,0
M005968,M,1984,MN,P01,2024-01-01,,0
M005969,F,1951,MN,P03,2024-01-01,,1
M005970,M,1943,FL,P04,2024-01-01,,0
M005971,F,1979,TX,P02,2024-01-01,,0
M005972,M,1972,CA,P01,2024-01-01,,0
M005973,M,1979,TX,P02,2024-01-01,2024-05-24,0
M005974,F,1970,TX,P05,2024-01-01,,0
M005975,F,2019,FL,P05,2025-01-02,,0
M005976,M,2003,GA,P01,2025-02-23,,0
M005977,F,1953,FL,P04,2024-01-01,,0
M005978,M,1995,TX,P02,2024-01-01,,0
M005979,F,2025,NY,P01,2024-01-01,,0
M005980,F,1938,TX,P03,2024-01-01,,1
M005981,F,1983,AZ,P02,2024-01-01,2024-07-02,0
M005982,F,1966,FL,P02,2024-01-01,,0
M005983,F,2024,FL,P05,2025-05-26,,0
M005984,M,2016,CA,P02,2024-08-20,,0
M005985,M,1946,TX,P03,2024-01-01,,1
M005986,F,2014,TX,P02,2024-01-01,,0
M005987,F,1992,AZ,P01,2024-01-01,,0
M005988,M,2003,AZ,P02,2024-01-01,,0
M005989,F,2012,AZ,P05,2024-01-01,,0
M005990,F,1975,OH,P02,2024-01-01,,0
M005991,M,2023,TX,P01,2024-01-01,,0
M005992,F,1940,MN,P03,2024-01-01,,1
M005993,F,2016,OH,P05,2024-01-01,,0
M005994,M,1988,CA,P05,2024-01-01,,0
M005995,F,1958,OH,P03,2025-01-11,,1
M005996,F,2018,NY,P02,2024-01-01,,0
M005997,F,1960,OH,P03,2024-01-01,,1
M005998,M,1947,GA,P04,2024-01-01,,0
M005999,F,1977,MN,P05,2024-01-01,,0
M006000,F,1938,GA,P04,2024-01-01,2025-02-02,1
M006001,F,2010,AZ,P02,2024-01-01,,0
M006002,M,2003,NY,P01,2024-01-01,,0
M006003,M,1946,FL,P03,2024-01-01,,0
M006004,F,2019,OH,P01,2024-01-01,,0
M006005,M,2018,NY,P01,2024-01-01,,0
M006006,M,2006,TX,P02,2024-01-01,,0
M006007,M,1955,NY,P03,2024-01-01,2025-03-16,0
M006008,M,1973,CA,P05,2024-06-07,,0
M006009,F,1941,FL,P04,2024-01-01,,0
M006010,F,1993,OH,P05,2024-03-29,,0
M006011,M,1952,AZ,P04,2024-01-01,2024-09-18,0
M006012,F,1958,TX,P04,2024-01-01,,1
M006013,M,1967,GA,P01,2024-01-01,,0
M006014,M,1940,TX,P03,2024-01-01,2024-04-02,0
M006015,F,2008,NY,P01,2024-01-01,,0
M006016,M,1964,GA,P01,2024-01-01,,0
M006017,M,1984,AZ,P01,2024-01-01,,0
M006018,F,1997,FL,P05,2024-01-01,2025-03-08,0
M006019,F,1960,GA,P04,2024-10-28,,1
M006020,M,1997,AZ,P05,2024-01-01,,0
M006021,M,1974,TX,P05,2024-01-01,,0
M006022,M,2016,CA,P05,2024-01-01,,0
M006023,F,2014,GA,P01,2024-04-03,,0
M006024,M,2006,TX,P05,2024-03-03,,0
M006025,M,1994,NY,P05,2024-01-01,2024-12-06,0
M006026,F,1973,CA,P05,2024-01-01,,0
M006027,M,2012,CA,P01,2024-01-01,,0
M006028,M,1974,CA,P01,2024-01-01,,0
M006029,F,1967,TX,P05,2024-04-10,,0
M006030,M,1997,FL,P01,2024-01-01,,0
M006031,M,1963,AZ,P02,2025-06-19,,1
M006032,M,1967,NY,P02,2024-01-01,2024-11-01,0
M006033,F,1974,CA,P01,2025-05-16,,0
M006034,F,2001,OH,P01,2024-01-01,2024-09-06,0
M006035,M,2006,TX,P05,2024-01-01,,1
M006036,M,1969,TX,P05,2024-01-01,,0
M006037,F,1997,NY,P05,2024-01-01,,0
M006038,M,2023,TX,P01,2025-04-04,,1
M006039,F,1979,TX,P01,2024-01-01,,0
M006040,F,2003,OH,P02,2024-12-25,,0
M006041,F,1965,AZ,P02,2024-01-01,2025-01-10,0
M006042,M,1970,FL,P01,2024-01-01,,0
M006043,M,1950,CA,P04,2024-01-01,,0
M006044,F,1967,OH,P05,2024-01-01,,0
M006045,M,1964,GA,P02,2024-01-15,,0
M006046,F,1976,FL,P02,2024-01-01,,0
M006047,M,2008,GA,P02,2024-01-01,2024-07-27,0
M006048,F,1982,MN,P01,2024-01-01,,0
M006049,F,1969,TX,P01,2024-02-28,,0
M006050,F,1972,FL,P02,2025-04-26,2025-12-19,0
M006051,F,1997,OH,P02,2024-08-29,,0
M006052,M,1980,TX,P02,2024-01-01,,0
M006053,M,2000,FL,P05,2024-01-01,2025-02-09,0
M006054,M,2009,GA,P01,2024-01-01,,0
M006055,M,1982,OH,P01,2024-11-17,2025-07-17,0
M006056,F,1995,NY,P01,2024-01-01,,1
M006057,M,2011,NY,P01,2024-05-14,,1
M006058,F,1948,CA,P03,2024-10-17,,0
M006059,M,1957,GA,P04,2024-09-19,,1
M006060,M,1987,AZ,P05,2024-11-28,,0
M006061,M,1955,GA,P03,2024-01-01,,1
M006062,F,1968,CA,P02,2024-01-01,2024-09-25,0
M006063,F,1970,GA,P01,2024-01-01,,0
M006064,M,1995,GA,P02,2024-01-01,2024-11-16,0
M006065,M,1979,CA,P02,2024-03-21,,0
M006066,M,2014,FL,P05,2024-01-01,2024-12-16,0
M006067,F,1961,CA,P02,2024-10-16,,0
M006068,M,2012,CA,P01,2025-06-21,,0
M006069,M,1969,TX,P01,2024-01-01,,0
M006070,M,1971,FL,P01,2024-01-01,,0
M006071,M,2014,TX,P05,2024-01-01,,1
M006072,M,2025,TX,P01,2024-01-01,,0
M006073,M,1978,NY,P01,2024-01-01,,0
M006074,M,1969,OH,P01,2025-01-18,,0
M006075,F,1950,NY,P04,2024-06-11,,1
M006076,F,2022,OH,P02,2024-01-01,,0
M006077,F,1956,CA,P03,2025-06-19,,0
M006078,M,2000,GA,P02,2024-01-01,,0
M006079,F,1966,OH,P01,2025-05-03,,0
M006080,F,1973,OH,P05,2024-12-05,,0
M006081,M,1974,GA,P01,2024-05-23,2025-06-03,0
M006082,M,1999,FL,P01,2024-01-01,,0
M006083,F,1953,NY,P03,2024-12-02,2025-09-25,0
M006084,F,1972,GA,P01,2024-01-01,,0
M006085,F,2018,TX,P01,2024-01-01,2024-08-26,0
M006086,M,1942,FL,P04,2024-01-01,,1
M006087,F,2021,CA,P02,2024-01-01,,0
M006088,M,1992,CA,P01,2024-01-01,,0
M006089,F,2021,AZ,P02,2024-01-01,,0
M006090,M,1945,GA,P04,2025-01-06,,1
M006091,F,2015,TX,P01,2024-01-01,,0
M006092,F,1968,CA,P01,2024-08-01,,0
M006093,F,1941,GA,P03,2025-05-12,,0
M006094,M,1938,OH,P03,2024-01-01,,1
M006095,F,1980,NY,P05,2024-05-22,,0
M006096,M,2003,TX,P02,2024-01-01,2025-02-23,0
M006097,F,2008,AZ,P01,2024-01-01,,0
M006098,F,1983,CA,P02,2025-06-15,,0
M006099,M,1943,TX,P03,2025-01-04,,0
M006100,F,1962,TX,P01,2024-01-01,,0
M006101,F,1944,GA,P03,2024-02-14,,0
M006102,F,1970,NY,P01,2024-01-01,2024-04-22,0
M006103,M,2012,FL,P05,2024-11-12,,0
M006104,F,1970,NY,P05,2024-01-01,2024-12-12,0
M006105,M,1964,MN,P02,2024-01-01,,0
M006106,M,1992,CA,P05,2024-04-24,,1
M006107,F,1992,CA,P05,2024-01-01,2025-04-04,0
M006108,F,1989,FL,P01,2024-01-01,2024-11-15,0
M006109,M,2021,TX,P02,2025-05-05,,0
M006110,F,1953,AZ,P03,2024-07-10,2025-10-22,1
M006111,F,1978,TX,P01,2024-01-01,,0
M006112,M,1969,TX,P02,2024-02-29,,0
M006113,M,2018,TX,P01,2024-01-01,,0
M006114,F,1973,TX,P05,2024-01-01,,0
M006115,F,2002,CA,P02,2024-01-01,,0
M006116,M,1954,AZ,P04,2024-01-01,,1
M006117,F,1961,TX,P02,2024-01-01,,0
M006118,F,1968,TX,P01,2025-03-06,2025-11-10,0
M006119,M,1966,CA,P05,2024-09-09,2025-03-18,0
M006120,M,2018,AZ,P01,2024-01-01,,1
M006121,M,2004,AZ,P01,2024-01-01,,0
M006122,M,2006,MN,P02,2025-03-04,,0
M006123,M,1954,TX,P03,2024-08-18,,1
M006124,F,1962,OH,P02,2024-01-01,2024-10-21,1
M006125,M,1981,NY,P01,2024-01-01,,0
M006126,F,1990,TX,P02,2024-01-01,,0
M006127,M,1973,OH,P01,2024-01-01,,1
M006128,M,2014,OH,P01,2024-01-01,,0
M006129,M,1983,OH,P02,2024-01-01,,0
M006130,F,1993,FL,P01,2025-04-19,,0
M006131,M,2012,FL,P01,2024-07-23,2024-12-01,1
M006132,M,1952,NY,P03,2024-01-01,,1
M006133,F,1952,TX,P04,2024-01-01,,0
M006134,M,1972,TX,P01,2024-01-01,,0
M006135,F,1971,OH,P02,2024-01-01,,0
M006136,F,1973,TX,P01,2024-01-01,,0
M006137,F,1995,TX,P05,2024-06-06,,1
M006138,M,2022,TX,P01,2024-01-01,2024-04-26,0
M006139,F,1963,TX,P01,2024-09-23,,0
M006140,M,1996,FL,P02,2024-01-01,2024-11-20,0
M006141,F,1984,GA,P01,2024-01-01,,0
M006142,M,2024,GA,P01,2024-06-29,,0
M006143,F,1968,TX,P01,2024-10-02,,0
M006144,M,1958,NY,P03,2024-01-01,,1
M006145,F,1957,TX,P03,2025-04-16,,0
M006146,M,1939,TX,P03,2024-01-01,,0
M006147,M,1950,GA,P04,2025-06-03,,1
M006148,F,1985,MN,P02,2024-01-01,,0
M006149,M,2016,FL,P05,2024-01-01,2024-04-12,0
M006150,M,1937,GA,P04,2025-05-07,,0
M006151,F,1950,FL,P04,2025-05-11,,1
M006152,M,1953,GA,P04,2024-04-19,,1
M006153,M,2020,NY,P02,2024-01-01,,0
M006154,M,1989,NY,P01,2025-06-06,,1
M006155,F,1981,GA,P02,2024-01-01,,0
M006156,F,1979,OH,P01,2024-01-01,,0
M006157,F,1976,MN,P02,2024-01-01,,0
M006158,F,1985,FL,P01,2024-01-01,,1
M006159,M,1980,MN,P01,2024-01-01,,0
M006160,M,2020,GA,P05,2024-01-01,,1
M006161,M,1956,CA,P03,2024-01-01,,0
M006162,M,1944,CA,P03,2024-01-01,,0
M006163,F,1990,AZ,P02,2024-01-01,,0
M006164,F,1943,NY,P03,2024-07-13,,1
M006165,F,1962,FL,P05,2024-01-01,,1
M006166,M,1956,TX,P03,2024-01-01,,0
M006167,F,1945,FL,P03,2024-01-01,,0
M006168,M,1976,FL,P02,2024-02-03,,0
M006169,F,1984,TX,P02,2024-07-04,2024-10-28,0
M006170,M,1953,OH,P03,2024-01-01,,0
M006171,F,2003,CA,P05,2024-11-18,,0
M006172,F,1972,TX,P02,2024-01-01,,0
M006173,F,1971,FL,P02,2025-01-27,2025-10-30,0
M006174,M,2016,TX,P02,2024-01-01,2024-07-03,0
M006175,F,2000,NY,P02,2024-01-01,,0
M006176,F,1975,CA,P05,2024-01-01,,0
M006177,F,1948,MN,P04,2024-12-31,,1
M006178,F,2014,NY,P02,2024-01-01,,0
M006179,F,2015,GA,P02,2024-01-01,,0
M006180,M,1991,FL,P02,2024-01-01,,1
M006181,M,1996,GA,P01,2024-06-21,,0
M006182,F,2005,OH,P02,2024-01-01,,0
M006183,M,1939,MN,P04,2025-03-05,,1
M006184,F,1955,OH,P03,2024-01-01,,1
M006185,M,1973,AZ,P01,2024-10-10,,1
M006186,F,1944,AZ,P04,2024-01-01,,0
M006187,M,1936,AZ,P04,2024-01-01,,0
M006188,F,1974,NY,P01,2024-01-01,,1
M006189,F,1949,FL,P03,2024-01-01,,0
M006190,F,1959,NY,P03,2024-01-01,,0
M006191,F,2015,AZ,P05,2024-01-01,,0
M006192,M,1963,MN,P01,2024-01-01,,0
M006193,F,1963,MN,P01,2024-01-01,,0
M006194,F,1979,CA,P02,2024-01-01,,0
M006195,F,1967,GA,P01,2024-01-01,,0
M006196,M,1986,CA,P02,2024-11-07,,0
M006197,F,1947,OH,P04,2024-01-01,,0
M006198,F,1972,CA,P01,2024-01-01,,0
M006199,M,2023,FL,P02,2024-01-01,,0
M006200,M,2011,CA,P05,2024-07-02,2024-12-12,0
M006201,F,2012,FL,P02,2025-01-04,,0
M006202,M,1984,CA,P02,2024-03-25,,0
M006203,M,1947,OH,P03,2024-01-01,,1
M006204,M,2000,FL,P01,2024-01-01,,0
M006205,F,1993,OH,P01,2024-01-01,,0
M006206,F,1944,TX,P03,2025-03-19,,0
M006207,F,1992,TX,P02,2024-01-01,,0
M006208,M,2024,FL,P01,2024-01-01,,1
M006209,M,1981,FL,P01,2024-01-01,,0
M006210,F,1998,GA,P05,2024-05-06,,0
M006211,F,2018,GA,P01,2024-01-01,,0
M006212,F,1956,OH,P04,2024-09-03,2025-06-28,1
M006213,F,2008,OH,P02,2024-01-01,,0
M006214,M,1941,OH,P03,2024-11-11,,0
M006215,F,1963,GA,P01,2024-01-01,,0
M006216,M,2010,NY,P01,2024-01-01,,0
M006217,M,1968,TX,P02,2024-10-10,,0
M006218,F,1950,AZ,P03,2024-01-01,,1
M006219,M,1965,CA,P01,2024-01-01,,1
M006220,M,1970,AZ,P02,2024-01-01,,0
M006221,M,1971,AZ,P02,2024-01-01,,0
M006222,M,2012,CA,P01,2024-01-01,,0
M006223,M,1942,MN,P03,2024-01-01,,0
M006224,F,2002,TX,P01,2024-01-01,,0
M006225,M,1966,OH,P02,2024-01-01,,0
M006226,M,1961,OH,P01,2024-01-01,,0
M006227,M,1986,GA,P02,2024-01-01,,0
M006228,M,1966,CA,P02,2025-01-21,2025-09-02,0
M006229,M,1991,FL,P02,2024-01-01,,0
M006230,M,2023,TX,P02,2025-02-03,,0
M006231,M,1969,CA,P05,2024-08-02,,0
M006232,M,1991,CA,P02,2024-01-01,,1
M006233,F,1950,FL,P04,2024-04-12,,0
M006234,M,2021,NY,P01,2024-01-01,,0
M006235,M,1978,NY,P02,2024-01-01,,0
M006236,F,1965,TX,P01,2024-01-01,,0
M006237,M,1980,TX,P02,2024-01-01,,0
M006238,M,1949,AZ,P03,2024-01-01,,0
M006239,F,2006,OH,P05,2024-01-01,,0
M006240,M,1944,CA,P03,2024-01-01,2024-12-07,1
M006241,M,1945,CA,P03,2024-01-01,,1
M006242,F,2008,TX,P01,2024-01-01,,0
M006243,F,2017,FL,P01,2024-01-01,,0
M006244,M,1947,GA,P04,2024-01-01,,1
M006245,M,2011,TX,P01,2025-04-17,,0
M006246,M,2016,TX,P01,2024-01-01,2024-09-21,1
M006247,M,2008,NY,P05,2024-01-01,,0
M006248,F,1974,GA,P05,2024-01-01,,1
M006249,F,1957,FL,P03,2024-08-24,,1
M006250,M,1994,NY,P02,2024-01-01,,0
M006251,F,1987,AZ,P05,2024-01-01,,0
M006252,M,1989,AZ,P01,2024-08-20,2025-02-05,1
M006253,F,1993,CA,P02,2024-01-01,2025-01-13,0
M006254,M,1971,FL,P02,2025-02-03,,0
M006255,F,1978,NY,P05,2024-01-01,2025-04-17,0
M006256,F,2013,AZ,P05,2024-04-14,,0
M006257,M,1956,OH,P03,2024-01-01,,0
M006258,F,2014,MN,P01,2024-01-01,2025-01-23,0
M006259,M,2020,NY,P02,2024-01-01,,0
M006260,F,1998,TX,P01,2024-01-01,,0
M006261,M,2000,CA,P05,2024-01-01,,0
M006262,F,1974,AZ,P01,2025-03-29,,0
M006263,F,1980,TX,P01,2024-11-09,,0
M006264,F,1953,NY,P04,2024-03-25,,1
M006265,M,1993,FL,P02,2024-01-01,,0
M006266,M,1974,CA,P05,2025-02-03,,0
M006267,F,1978,NY,P01,2024-08-27,,0
M006268,M,1936,CA,P04,2024-01-01,,1
M006269,M,1985,AZ,P01,2024-01-01,2024-06-13,0
M006270,M,1989,FL,P01,2024-01-01,,0
M006271,M,2010,GA,P02,2024-01-01,,1
M006272,M,1989,TX,P01,2024-01-01,,0
M006273,F,1943,FL,P03,2024-01-01,,1
M006274,M,2022,TX,P01,2024-01-01,,0
M006275,M,1980,FL,P01,2024-01-01,,0
M006276,F,1938,NY,P04,2024-03-21,,1
M006277,F,2025,FL,P01,2024-01-01,,0
M006278,F,1949,TX,P03,2024-02-12,,1
M006279,M,1959,AZ,P04,2024-01-01,,0
M006280,F,1999,OH,P01,2024-10-07,,0
M006281,M,1941,MN,P04,2025-04-30,,1
M006282,M,1989,GA,P01,2025-03-09,,0
M006283,M,1985,NY,P02,2024-01-01,2024-11-14,0
M006284,M,1964,CA,P01,2024-01-01,,0
M006285,F,1983,MN,P05,2024-01-01,,0
M006286,F,1943,CA,P03,2024-01-01,,1
M006287,M,2011,NY,P02,2025-05-16,,0
M006288,M,1996,FL,P05,2024-01-01,,0
M006289,M,1995,FL,P02,2024-01-01,,0
M006290,M,2002,GA,P05,2025-05-23,,0
M006291,F,1950,FL,P04,2024-01-01,,1
M006292,F,2019,TX,P05,2024-07-25,2024-12-24,1
M006293,M,2016,OH,P05,2024-01-01,,0
M006294,M,1964,GA,P05,2024-01-01,2024-04-10,0
M006295,F,2000,AZ,P01,2024-01-01,,0
M006296,F,1959,OH,P04,2024-01-01,,0
M006297,M,1955,FL,P04,2024-09-29,,1
M006298,F,1958,CA,P03,2025-06-18,,0
M006299,F,1994,TX,P01,2024-01-01,2024-06-05,1
M006300,M,1964,FL,P05,2024-01-01,2025-02-25,0
M006301,F,1989,AZ,P01,2024-02-27,2025-06-12,0
M006302,F,2023,GA,P02,2024-01-01,,0
M006303,F,2008,FL,P02,2024-01-01,,0
M006304,F,1962,CA,P01,2024-01-01,,1
M006305,F,1952,MN,P04,2025-02-09,,0
M006306,M,1971,CA,P01,2024-01-01,,0
M006307,M,1942,FL,P03,2024-01-01,2024-11-30,1
M006308,F,2012,FL,P05,2024-06-15,,0
M006309,M,1989,CA,P02,2024-12-09,,0
M006310,M,1955,FL,P04,2024-01-01,,0
M006311,M,1974,OH,P01,2024-01-01,,0
M006312,F,1974,FL,P05,2025-04-15,,0
M006313,M,2022,CA,P05,2024-01-01,,0
M006314,F,2005,FL,P01,2025-01-30,,0
M006315,F,1955,FL,P03,2024-01-01,,0
M006316,F,2003,FL,P02,2024-01-01,2025-03-26,0
M006317,F,2010,CA,P02,2024-04-09,,0
M006318,M,1956,CA,P04,2024-01-01,2024-09-14,1
M006319,M,2013,TX,P02,2024-01-01,,0
M006320,F,1954,MN,P03,2024-01-01,,1
M006321,F,1974,FL,P01,2024-12-25,,0
M006322,M,2018,GA,P02,2024-01-01,,0
M006323,M,1968,AZ,P05,2024-03-30,,0
M006324,F,2009,TX,P01,2024-01-01,,1
M006325,M,1953,TX,P03,2024-01-01,,1
M006326,M,1977,TX,P01,2024-02-05,,0
M006327,F,2014,AZ,P05,2024-01-25,,0
M006328,M,1937,NY,P03,2024-12-31,,0
M006329,M,2003,FL,P02,2024-01-01,,0
M006330,F,1993,TX,P01,2024-01-01,,0
M006331,M,1995,TX,P02,2024-01-01,,0
M006332,M,2013,NY,P05,2024-01-01,,0
M006333,F,2010,OH,P02,2024-01-01,,0
M006334,M,2013,CA,P02,2024-01-01,,0
M006335,M,1960,FL,P04,2024-01-01,,0
M006336,M,1983,GA,P02,2024-01-01,,0
M006337,M,1995,AZ,P02,2024-01-01,,1
M006338,M,2018,CA,P02,2024-01-01,2024-04-13,0
M006339,F,2004,OH,P01,2024-01-01,,0
M006340,F,1941,AZ,P04,2024-01-01,2025-04-05,0
M006341,M,2007,CA,P05,2024-01-01,,0
M006342,M,1999,TX,P05,2025-01-30,,0
M006343,F,1977,FL,P05,2024-01-01,,0
M006344,M,1982,TX,P02,2024-02-10,,0
M006345,M,1980,TX,P01,2024-01-01,2025-01-22,0
M006346,F,1940,GA,P03,2025-04-21,,1
M006347,M,1994,AZ,P05,2024-01-13,,1
M006348,M,1937,NY,P04,2024-04-05,,0
M006349,M,1969,AZ,P02,2024-09-22,2025-09-17,0
M006350,F,1946,MN,P03,2024-01-12,,0
M006351,F,1952,OH,P04,2024-01-01,,1
M006352,F,1967,AZ,P05,2024-01-01,,0
M006353,F,1941,AZ,P04,2024-01-01,,0
M006354,F,2008,FL,P02,2024-02-01,,0
M006355,M,1993,MN,P01,2024-04-05,,0
M006356,M,2023,MN,P02,2024-01-01,,0
M006357,F,2018,FL,P02,2024-01-01,,0
M006358,F,1989,NY,P05,2024-01-01,,0
M006359,F,2012,FL,P02,2024-01-01,,0
M006360,F,2011,CA,P02,2024-01-01,,0
M006361,M,2006,NY,P02,2024-01-01,,0
M006362,M,1955,TX,P03,2024-01-04,,0
M006363,M,2016,NY,P02,2024-01-01,,0
M006364,M,1973,CA,P01,2024-12-13,,0
M006365,F,1982,TX,P05,2024-01-01,,0
M006366,M,1974,OH,P02,2024-01-01,,0
M006367,F,1965,MN,P02,2024-01-01,,1
M006368,F,1986,TX,P01,2024-01-01,2024-04-30,0
M006369,M,1947,CA,P03,2024-01-01,,1
M006370,M,1959,TX,P04,2024-03-24,,1
M006371,F,1989,FL,P05,2024-01-01,,1
M006372,F,1995,CA,P01,2024-01-01,,0
M006373,M,1998,FL,P05,2024-01-01,,0
M006374,F,1937,NY,P04,2024-01-01,,1
M006375,M,1963,FL,P01,2024-01-01,,0
M006376,M,1972,GA,P01,2024-01-01,,0
M006377,M,1980,TX,P01,2024-01-01,,1
M006378,F,2011,AZ,P05,2024-05-21,2025-09-17,1
M006379,M,1965,CA,P01,2024-01-01,2024-04-30,0
M006380,F,2014,TX,P02,2024-01-01,,0
M006381,M,1960,TX,P04,2024-01-01,2024-04-06,0
M006382,M,2021,NY,P05,2024-01-01,,0
M006383,F,1946,AZ,P03,2024-01-01,2024-05-01,0
M006384,F,1958,CA,P04,2025-01-22,,0
M006385,M,1974,CA,P01,2025-03-01,,0
M006386,F,2004,GA,P05,2024-01-01,,0
M006387,M,1963,FL,P01,2024-01-01,2025-04-20,1
M006388,M,2006,OH,P01,2024-01-01,,1
M006389,M,1991,FL,P05,2024-01-01,,0
M006390,M,1987,GA,P01,2024-05-16,,0
M006391,M,1972,AZ,P01,2024-01-01,,0
M006392,M,1945,TX,P03,2025-05-01,,0
M006393,M,1969,TX,P02,2024-01-01,,0
M006394,F,1965,OH,P01,2024-01-01,,0
M006395,F,1954,OH,P03,2025-05-05,,1
M006396,M,1956,NY,P04,2024-01-01,,1
M006397,M,1948,CA,P04,2024-09-10,,0
M006398,M,2016,TX,P01,2025-06-01,2025-10-15,0
M006399,M,1954,OH,P03,2024-01-01,,1
M006400,F,1958,TX,P04,2024-01-01,,1
M006401,M,2008,NY,P01,2024-01-01,2024-09-22,0
M006402,F,2019,FL,P01,2024-01-01,,0
M006403,M,1963,FL,P01,2024-01-01,,1
M006404,F,2001,GA,P02,2024-01-01,,1
M006405,F,1971,CA,P01,2024-01-01,,0
M006406,F,1944,CA,P04,2024-06-21,,1
M006407,M,1982,AZ,P05,2024-03-06,,0
M006408,F,1975,NY,P01,2024-01-01,,1
M006409,M,1952,GA,P03,2024-01-01,,0
M006410,M,2011,AZ,P01,2024-01-01,,0
M006411,M,1961,OH,P01,2024-01-01,,0
M006412,M,1956,TX,P04,2024-02-23,,1
M006413,F,2007,TX,P02,2025-06-21,,0
M006414,F,1984,CA,P05,2024-03-25,,0
M006415,F,2000,TX,P02,2024-01-01,,0
M006416,M,1970,FL,P01,2024-08-09,,0
M006417,F,1992,FL,P02,2025-05-23,,0
M006418,F,2005,TX,P01,2024-01-01,,1
M006419,F,1981,CA,P05,2024-01-01,,0
M006420,F,1957,FL,P03,2024-01-01,,0
M006421,F,2001,TX,P02,2024-01-01,,0
M006422,M,1977,OH,P02,2024-01-01,2024-11-02,0
M006423,M,1940,AZ,P03,2024-01-01,,0
M006424,F,1941,NY,P04,2024-01-01,,0
M006425,F,1972,AZ,P01,2025-06-12,,1
M006426,M,1985,TX,P01,2024-08-28,,0
M006427,M,2023,GA,P01,2025-04-02,,0
M006428,F,1982,CA,P02,2025-01-27,,0
M006429,F,2006,CA,P02,2024-01-01,,0
M006430,F,2008,OH,P01,2025-04-14,,0
M006431,F,1998,GA,P02,2024-01-01,,0
M006432,M,1996,TX,P02,2024-06-22,,0
M006433,F,1968,CA,P01,2024-05-30,,1
M006434,F,1997,GA,P05,2024-01-01,,0
M006435,F,1937,NY,P03,2024-01-01,,0
M006436,F,1975,FL,P02,2024-01-01,,0
M006437,F,1990,TX,P02,2024-01-01,2024-11-14,0
M006438,M,2025,TX,P02,2024-01-01,,1
M006439,M,1984,CA,P05,2024-01-01,,0
M006440,M,1941,CA,P03,2024-01-01,,0
M006441,M,1988,FL,P02,2024-01-01,,1
M006442,M,2014,GA,P05,2024-01-08,,0
M006443,F,1994,OH,P05,2024-01-01,2024-06-21,0
M006444,M,1944,TX,P04,2024-12-20,,0
M006445,M,1981,TX,P01,2024-01-01,,0
M006446,F,1981,AZ,P01,2024-01-01,,0
M006447,F,1941,AZ,P03,2024-01-01,,1
M006448,F,1993,MN,P02,2024-11-26,,0
M006449,M,1957,OH,P03,2024-01-01,,1
M006450,M,1958,AZ,P04,2024-01-01,,1
M006451,M,2004,TX,P01,2024-01-01,,1
M006452,F,2005,TX,P01,2024-01-01,,0
M006453,M,1981,TX,P02,2024-01-01,2024-04-12,0
M006454,M,2005,NY,P01,2024-01-01,,0
M006455,M,1940,FL,P03,2024-01-01,,0
M006456,F,1943,NY,P04,2024-04-26,2024-08-06,0
M006457,F,1964,TX,P02,2024-01-01,,0
M006458,M,1944,CA,P04,2024-01-01,2025-04-04,0
M006459,F,2002,AZ,P02,2024-01-01,,0
M006460,M,1942,OH,P04,2024-05-12,,0
M006461,F,1998,FL,P01,2024-01-01,,0
M006462,F,1959,TX,P04,2024-01-01,,1
M006463,F,1953,FL,P04,2024-01-01,,0
M006464,F,1968,CA,P01,2024-05-25,,0
M006465,M,1947,FL,P03,2024-01-01,,1
M006466,M,2009,GA,P05,2025-06-22,,0
M006467,F,1995,MN,P01,2024-09-18,,0
M006468,F,1940,TX,P04,2024-01-01,,0
M006469,F,1967,TX,P05,2024-01-01,,0
M006470,F,2023,TX,P05,2024-01-01,,0
M006471,F,2010,GA,P02,2024-01-01,,0
M006472,F,1946,TX,P03,2024-01-01,2024-12-10,1
M006473,M,1986,OH,P05,2024-01-01,2025-05-07,1
M006474,F,1950,CA,P03,2024-01-01,,1
M006475,F,2009,CA,P01,2024-07-27,,0
M006476,F,1985,OH,P01,2024-01-01,,1
M006477,M,1942,FL,P04,2024-01-01,,0
M006478,F,1978,GA,P02,2024-01-01,,0
M006479,M,2020,TX,P01,2024-01-01,,0
M006480,F,2007,OH,P02,2024-01-01,,1
M006481,M,1958,AZ,P04,2024-03-22,,1
M006482,M,1986,TX,P02,2024-01-01,,0
M006483,M,1971,NY,P05,2024-01-01,,0
M006484,F,1959,NY,P04,2024-04-03,,0
M006485,M,2025,TX,P05,2024-01-01,,1
M006486,M,2020,NY,P05,2024-01-01,2025-03-18,1
M006487,M,2002,FL,P01,2024-01-01,,0
M006488,M,1944,GA,P03,2024-01-01,,0
M006489,M,1994,NY,P01,2024-12-09,,0
M006490,F,1968,CA,P05,2024-06-10,,0
M006491,F,2022,OH,P01,2024-01-01,,0
M006492,M,1949,OH,P03,2024-01-01,,0
M006493,F,2022,FL,P05,2024-04-05,,1
M006494,F,1973,TX,P01,2024-01-01,2024-07-05,0
M006495,M,1969,FL,P05,2024-06-09,,0
M006496,F,2006,AZ,P01,2024-08-13,,1
M006497,F,2006,CA,P02,2024-01-01,2024-05-06,0
M006498,M,1988,FL,P02,2024-01-01,2024-12-25,1
M006499,M,1979,FL,P02,2024-01-01,2024-07-01,0
M006500,F,1947,CA,P03,2024-01-01,2025-01-03,1
M006501,M,2010,CA,P05,2024-01-01,,0
M006502,F,1976,CA,P02,2024-01-01,,1
M006503,M,1958,FL,P03,2024-01-01,2025-05-01,1
M006504,M,2016,FL,P05,2025-03-15,,0
M006505,M,1952,GA,P04,2024-01-01,,0
M006506,M,1969,OH,P01,2024-10-15,,0
M006507,F,1969,OH,P05,2024-01-01,,1
M006508,F,2010,TX,P01,2025-06-20,,0
M006509,F,1943,MN,P03,2025-02-12,,0
M006510,F,1949,TX,P03,2024-05-10,,0
M006511,M,1941,OH,P04,2024-01-01,,0
M006512,M,2021,OH,P01,2025-02-04,,0
M006513,F,1993,FL,P01,2024-01-01,,0
M006514,F,1955,TX,P04,2024-08-21,,1
M006515,M,2013,OH,P01,2024-01-01,,1
M006516,F,2013,NY,P02,2024-01-01,2024-07-12,1
M006517,F,1960,MN,P04,2024-01-01,,0
M006518,M,1948,OH,P03,2024-01-01,,1
M006519,F,1971,AZ,P01,2024-01-01,,0
M006520,F,2014,NY,P02,2024-01-01,2024-10-15,0
M006521,M,2007,CA,P05,2024-01-01,,0
M006522,F,2006,MN,P02,2025-02-12,,0
M006523,M,2012,GA,P01,2024-01-01,,0
M006524,M,1964,TX,P01,2024-01-01,,0
M006525,M,2012,NY,P02,2025-05-09,,0
M006526,M,1994,TX,P05,2024-01-01,,1
M006527,M,1989,MN,P02,2025-04-13,,0
M006528,F,2009,OH,P01,2024-01-01,,1
M006529,M,1995,CA,P02,2024-01-01,,0
M006530,M,2014,MN,P01,2024-01-01,,0
M006531,M,1994,FL,P01,2024-11-08,,0
M006532,M,2024,CA,P05,2024-08-05,,0
M006533,F,1939,CA,P04,2024-04-29,2025-05-13,1
M006534,M,2002,TX,P01,2024-01-01,,0
M006535,M,2003,TX,P02,2025-01-27,,0
M006536,F,2018,NY,P01,2024-01-01,2024-07-06,0
M006537,F,1961,TX,P01,2024-01-01,,0
M006538,M,1959,MN,P03,2024-01-01,,0
M006539,M,2016,FL,P02,2025-06-12,,0
M006540,M,1956,FL,P04,2024-02-12,2024-12-28,1
M006541,M,1962,TX,P05,2024-01-01,2024-08-25,0
M006542,M,2005,FL,P01,2024-06-26,,0
M006543,M,1997,OH,P05,2024-01-01,,0
M006544,M,1977,MN,P02,2024-01-01,,1
M006545,F,2022,TX,P01,2024-01-01,,0
M006546,F,2021,TX,P05,2024-09-23,,0
M006547,M,2014,TX,P01,2024-01-01,,0
M006548,F,1955,NY,P03,2024-01-01,,1
M006549,M,1952,TX,P04,2024-06-15,,1
M006550,M,1985,TX,P01,2024-01-01,,0
M006551,F,1969,OH,P05,2024-12-07,,0
M006552,F,1968,GA,P01,2024-01-01,,0
M006553,F,2008,FL,P05,2024-01-01,,1
M006554,M,2014,NY,P01,2024-04-10,2025-03-01,0
M006555,M,2015,OH,P01,2024-01-01,,0
M006556,M,1974,TX,P02,2024-01-01,2024-12-18,0
M006557,M,1982,NY,P05,2024-01-01,,1
M006558,F,1969,FL,P01,2024-06-09,2025-09-01,0
M006559,F,1993,CA,P05,2024-01-01,,0
M006560,M,1962,FL,P01,2024-12-12,,0
M006561,M,1967,OH,P02,2024-01-23,,0
M006562,M,1973,CA,P02,2024-01-01,,0
M006563,M,1973,GA,P01,2024-01-01,,0
M006564,M,2017,FL,P05,2024-01-01,2024-10-10,0
M006565,F,1977,NY,P02,2024-01-01,,1
M006566,M,1948,AZ,P03,2024-01-01,,0
M006567,M,1944,CA,P03,2024-01-01,,1
M006568,M,1973,NY,P02,2024-01-01,,0
M006569,M,1943,OH,P03,2024-06-10,,1
M006570,F,2012,AZ,P05,2024-01-01,,0
M006571,M,1941,NY,P03,2024-01-01,,1
M006572,M,2015,NY,P02,2024-01-01,,0
M006573,M,1952,GA,P03,2024-01-01,2024-07-26,0
M006574,F,1936,MN,P03,2024-01-01,,1
M006575,F,2015,AZ,P02,2024-06-26,,0
M006576,M,1937,TX,P03,2024-01-01,,1
M006577,F,1964,OH,P02,2024-01-01,,1
M006578,M,1950,FL,P04,2025-03-14,,1
M006579,M,1995,CA,P05,2024-01-01,,0
M006580,M,1999,NY,P05,2024-01-25,,0
M006581,F,1963,TX,P05,2024-01-01,,0
M006582,F,1940,OH,P03,2024-07-31,,0
M006583,M,1954,FL,P04,2025-05-20,,1
M006584,F,2020,GA,P01,2024-08-12,,1
M006585,M,1991,FL,P02,2024-01-01,,0
M006586,M,1978,TX,P01,2024-01-01,,1
M006587,M,2023,NY,P01,2024-04-15,,1
M006588,F,1992,OH,P05,2024-01-01,,1
M006589,F,2022,NY,P05,2024-01-01,,0
M006590,M,1967,GA,P02,2024-01-01,2024-05-02,0
M006591,F,1981,GA,P01,2024-01-01,,0
M006592,M,1939,TX,P03,2024-01-01,,0
M006593,M,1992,TX,P02,2024-01-01,,0
M006594,F,1942,FL,P04,2024-01-01,,0
M006595,F,1973,FL,P05,2024-01-01,,0
M006596,F,2013,NY,P02,2024-01-01,,1
M006597,M,1986,FL,P01,2024-01-01,,1
M006598,F,2020,FL,P01,2024-09-05,2025-09-16,0
M006599,M,2015,CA,P01,2024-01-01,2025-02-25,0
M006600,M,1962,NY,P02,2024-01-01,,0
M006601,F,2000,MN,P01,2024-05-02,,0
M006602,F,2018,OH,P01,2024-01-01,,0
M006603,M,1980,FL,P01,2024-01-01,,0
M006604,F,2012,FL,P01,2024-01-01,2024-09-15,0
M006605,M,1947,TX,P04,2024-01-01,2025-03-20,1
M006606,M,1973,CA,P01,2024-01-01,,0
M006607,M,1981,NY,P05,2024-01-01,,0
M006608,M,2009,MN,P01,2024-09-07,,0
M006609,F,2010,FL,P01,2024-01-01,2024-10-11,0
M006610,M,2011,FL,P01,2024-01-01,2024-10-13,0
M006611,F,1954,TX,P04,2024-01-01,,0
M006612,M,1982,NY,P01,2024-01-01,,0
M006613,F,1992,MN,P02,2024-01-01,,1
M006614,M,2000,FL,P01,2024-10-15,,0
M006615,M,2021,CA,P05,2025-05-17,,0
M006616,M,1971,TX,P01,2024-01-04,,0
M006617,F,1983,NY,P02,2024-01-01,2024-04-19,1
M006618,M,1984,FL,P05,2024-01-01,,0
M006619,F,2019,TX,P01,2024-01-01,,1
M006620,M,2007,OH,P01,2024-01-01,2024-10-31,0
M006621,F,1936,TX,P04,2024-01-01,,1
M006622,M,1987,TX,P01,2024-01-01,,0
M006623,M,1974,FL,P01,2024-01-01,,0
M006624,M,1969,TX,P02,2024-01-01,,0
M006625,F,1992,NY,P01,2024-01-01,,1
M006626,M,2002,FL,P05,2024-01-01,,0
M006627,F,1949,OH,P03,2024-01-01,,1
M006628,M,1956,NY,P03,2024-01-01,,1
M006629,F,2005,FL,P01,2024-01-01,,0
M006630,F,1958,TX,P03,2024-01-01,,1
M006631,M,1937,OH,P03,2024-01-01,,0
M006632,M,1990,CA,P01,2024-05-02,,0
M006633,F,1995,OH,P05,2024-01-01,,0
M006634,F,1952,CA,P03,2024-01-01,,1
M006635,M,1960,GA,P04,2024-01-01,,1
M006636,F,2022,NY,P01,2024-01-01,,0
M006637,F,1974,GA,P01,2024-01-01,,0
M006638,F,1943,NY,P04,2024-01-01,2024-11-29,0
M006639,F,1940,MN,P04,2024-01-01,,0
M006640,F,2019,AZ,P02,2024-06-10,,0
M006641,M,1965,FL,P01,2025-06-14,,0
M006642,M,1952,OH,P04,2024-01-01,,1
M006643,F,2008,TX,P01,2024-01-01,2024-10-18,0
M006644,F,1986,AZ,P02,2024-11-05,,0
M006645,M,1938,FL,P03,2024-01-01,,1
M006646,M,2004,CA,P01,2025-01-29,,0
M006647,M,2005,TX,P01,2025-05-06,,0
M006648,M,2021,AZ,P01,2024-01-01,,0
M006649,M,1962,MN,P05,2024-01-01,,0
M006650,F,1965,CA,P02,2024-01-01,,0
M006651,M,1956,TX,P03,2025-03-07,,0
M006652,F,2005,OH,P05,2024-01-01,,0
M006653,M,1958,FL,P03,2024-01-01,2024-11-06,1
M006654,F,2008,MN,P02,2024-01-01,,0
M006655,M,1972,FL,P02,2024-12-30,,0
M006656,M,2019,NY,P02,2024-11-30,2025-10-03,0
M006657,M,1950,TX,P03,2024-01-01,,1
M006658,F,1988,MN,P05,2024-01-01,,0
M006659,M,1938,NY,P04,2024-01-01,2025-01-11,0
M006660,F,2008,MN,P02,2024-11-04,,1
M006661,M,1997,FL,P02,2024-07-23,,0
M006662,F,1971,CA,P05,2024-01-01,,0
M006663,M,1995,TX,P01,2024-11-02,,0
M006664,F,1981,GA,P05,2024-01-01,,1
M006665,F,1998,TX,P01,2024-01-01,,0
M006666,M,1950,CA,P04,2024-10-15,,0
M006667,M,1936,OH,P04,2024-01-01,2024-05-12,0
M006668,M,1989,TX,P02,2025-05-25,,0
M006669,F,2024,GA,P01,2024-01-01,2024-11-03,0
M006670,F,2010,GA,P05,2024-01-01,,0
M006671,M,1964,NY,P02,2024-01-01,,0
M006672,F,2025,NY,P02,2024-01-01,,0
M006673,F,2009,TX,P02,2024-01-01,,0
M006674,M,1985,CA,P02,2024-11-04,,0
M006675,F,1947,GA,P03,2024-01-01,2024-09-24,1
M006676,M,2012,TX,P01,2024-01-01,,0
M006677,F,2022,MN,P02,2024-01-01,,1
M006678,M,1967,CA,P05,2024-01-01,,0
M006679,M,1990,TX,P01,2024-01-01,2024-08-20,0
M006680,M,1988,FL,P02,2024-01-01,,0
M006681,M,1949,CA,P03,2024-01-01,2024-09-30,0
M006682,M,2012,MN,P05,2024-01-01,,0
M006683,F,1954,OH,P03,2024-01-01,2025-01-03,1
M006684,F,1962,NY,P05,2024-01-01,,1
M006685,M,1975,MN,P01,2024-01-01,,0
M006686,F,1990,FL,P02,2024-09-18,,0
M006687,M,1981,FL,P05,2024-01-01,,0
M006688,M,2015,GA,P05,2025-05-01,,0
M006689,M,1954,NY,P03,2024-01-01,,0
M006690,F,1992,FL,P02,2025-06-15,,0
M006691,M,1992,GA,P02,2024-02-21,,1
M006692,F,1963,FL,P01,2024-01-01,,0
M006693,F,2019,NY,P05,2024-01-01,,0
M006694,M,1942,AZ,P04,2024-01-01,2024-06-29,1
M006695,M,2020,FL,P02,2024-10-18,,0
M006696,M,1998,GA,P01,2024-01-01,,0
M006697,F,2008,AZ,P02,2024-01-01,,1
M006698,F,1996,FL,P01,2024-01-01,,0
M006699,M,1953,TX,P04,2024-01-01,,0
M006700,M,1936,AZ,P03,2025-05-19,2025-09-05,0
M006701,M,2022,CA,P01,2024-01-01,,0
M006702,F,1959,FL,P03,2024-01-01,,1
M006703,M,1979,TX,P05,2024-01-01,2024-08-21,0
M006704,F,1988,TX,P01,2024-01-01,,0
M006705,M,1962,CA,P02,2025-04-29,,0
M006706,F,1967,GA,P02,2024-03-23,,0
M006707,M,2015,CA,P01,2024-01-01,2024-08-05,0
M006708,F,1978,FL,P02,2024-01-01,,0
M006709,M,1959,AZ,P03,2024-01-01,,1
M006710,M,2019,FL,P01,2024-01-01,,0
M006711,M,1974,TX,P01,2024-01-01,,0
M006712,F,1999,MN,P05,2024-09-27,,0
M006713,F,1961,CA,P02,2024-01-01,,0
M006714,M,1948,CA,P03,2024-01-01,,1
M006715,M,1948,GA,P03,2024-01-01,2024-04-28,0
M006716,M,2005,FL,P05,2024-01-01,,0
M006717,F,1952,CA,P04,2024-01-01,,0
M006718,F,1982,AZ,P05,2024-01-01,,0
M006719,F,1941,FL,P03,2024-01-01,,1
M006720,F,2007,AZ,P02,2024-01-01,2024-10-20,1
M006721,M,1967,TX,P02,2024-01-01,,0
M006722,M,1971,AZ,P02,2025-01-16,,0
M006723,M,1975,CA,P02,2024-01-01,,0
M006724,F,1994,NY,P01,2024-01-01,,0
M006725,F,1966,NY,P02,2025-06-13,,0
M006726,F,1982,FL,P02,2024-01-01,2024-10-29,0
M006727,M,2021,TX,P01,2024-01-01,,0
M006728,F,1968,OH,P01,2025-04-13,,0
M006729,M,1949,GA,P04,2024-01-01,2025-03-13,1
M006730,M,1945,TX,P03,2024-08-31,,1
M006731,M,1944,GA,P04,2024-01-01,,0
M006732,M,1967,FL,P02,2024-11-09,,1
M006733,F,1978,NY,P05,2024-01-01,,0
M006734,M,1956,NY,P04,2024-01-01,,1
M006735,F,1980,OH,P01,2024-09-14,,0
M006736,F,1989,NY,P05,2024-01-01,,0
M006737,F,1969,TX,P01,2024-01-01,,0
M006738,M,1945,FL,P03,2024-01-01,,1
M006739,M,1946,CA,P04,2024-01-01,,1
M006740,M,2006,NY,P02,2024-01-01,,0
M006741,M,1955,TX,P03,2024-01-01,,1
M006742,M,1969,FL,P02,2024-01-01,,0
M006743,M,1993,TX,P01,2024-06-24,,1
M006744,M,2022,FL,P01,2024-01-23,,0
M006745,F,1972,CA,P01,2025-04-16,,0
M006746,F,1964,MN,P01,2024-01-01,,0
M006747,F,1954,TX,P03,2024-01-01,,1
M006748,F,2004,TX,P02,2024-01-01,,0
M006749,F,1970,FL,P02,2024-01-01,,0
M006750,F,1959,NY,P03,2024-01-01,,1
M006751,M,2007,NY,P01,2024-08-23,,0
M006752,M,2004,FL,P01,2024-01-01,,0
M006753,M,1957,TX,P04,2024-01-01,2025-01-11,1
M006754,M,1964,AZ,P05,2024-01-01,,0
M006755,M,1982,CA,P02,2024-01-01,,0
M006756,F,2023,GA,P01,2024-01-01,,0
M006757,F,1957,CA,P04,2024-01-01,,1
M006758,F,2003,GA,P05,2025-04-20,,1
M006759,M,1991,GA,P02,2024-01-01,2024-10-06,0
M006760,M,1969,TX,P01,2024-01-01,,0
M006761,F,1970,TX,P01,2024-11-21,,0
M006762,F,1944,TX,P03,2024-05-04,,0
M006763,M,2018,GA,P05,2024-07-09,2025-07-03,0
M006764,M,1956,FL,P03,2024-01-01,,0
M006765,M,2010,CA,P02,2024-01-01,,1
M006766,M,1949,NY,P03,2024-01-01,,0
M006767,F,2025,OH,P05,2024-10-03,,0
M006768,M,1972,CA,P02,2025-04-28,,0
M006769,M,1952,CA,P04,2024-01-01,,0
M006770,F,2019,FL,P02,2024-01-01,,1
M006771,F,1981,TX,P02,2024-01-01,,0
M006772,M,1954,TX,P03,2024-01-01,,0
M006773,F,2025,AZ,P02,2024-01-01,,0
M006774,F,2011,MN,P05,2024-01-01,,1
M006775,F,2003,GA,P02,2024-01-01,,0
M006776,F,2012,FL,P02,2024-01-01,,0
M006777,F,1988,TX,P02,2024-01-01,,0
M006778,F,1985,CA,P02,2024-01-01,,0
M006779,M,2014,TX,P02,2024-01-01,,0
M006780,F,1953,AZ,P04,2024-01-01,2024-07-28,1
M006781,F,1983,GA,P02,2024-01-01,,0
M006782,M,1995,MN,P02,2024-01-01,,0
M006783,F,1950,AZ,P03,2024-02-01,,1
M006784,M,2009,CA,P01,2024-01-01,,1
M006785,F,1941,FL,P03,2024-01-01,,1
M006786,F,1970,GA,P02,2024-01-01,,0
M006787,F,1971,NY,P02,2024-01-01,,0
M006788,M,1950,AZ,P04,2024-01-01,,0
M006789,M,1940,FL,P04,2024-09-04,,1
M006790,M,2012,NY,P05,2024-01-01,,0
M006791,F,2006,CA,P02,2024-01-01,,0
M006792,F,1965,TX,P02,2024-02-13,,0
M006793,M,1938,NY,P04,2024-01-01,,0
M006794,F,1940,TX,P03,2024-01-01,,1
M006795,F,1954,FL,P03,2024-01-01,,0
M006796,M,1943,NY,P03,2024-01-01,,1
M006797,F,1949,TX,P04,2025-06-13,,0
M006798,M,1963,GA,P01,2024-11-07,,0
M006799,M,1951,TX,P03,2024-01-01,2024-06-03,1
M006800,F,2008,OH,P01,2024-01-01,,1
M006801,M,1987,TX,P02,2024-01-01,,0
M006802,M,1941,OH,P03,2024-01-01,2024-11-05,0
M006803,M,2013,CA,P02,2024-01-01,,0
M006804,M,2000,GA,P02,2024-02-06,,0
M006805,F,2021,NY,P05,2024-01-01,,0
M006806,F,1956,CA,P04,2024-01-01,,0
M006807,F,1987,OH,P02,2024-07-23,,0
M006808,F,1981,CA,P05,2025-01-18,,0
M006809,M,2008,FL,P02,2024-01-01,,1
M006810,M,1945,CA,P04,2024-01-01,2024-10-20,0
M006811,F,1976,OH,P01,2024-03-20,2024-10-17,0
M006812,F,1967,NY,P01,2024-01-01,,0
M006813,M,1989,AZ,P02,2024-01-01,,0
M006814,F,2010,TX,P01,2024-01-01,,1
M006815,F,1979,TX,P02,2024-10-07,,0
M006816,M,2014,CA,P01,2024-01-01,2025-04-03,0
M006817,F,1953,OH,P03,2024-01-01,,0
M006818,F,2002,TX,P01,2024-01-01,,0
M006819,F,2004,FL,P01,2024-06-18,2025-04-28,0
M006820,F,2016,MN,P05,2024-01-01,,0
M006821,M,1959,FL,P03,2024-01-01,2024-11-18,1
M006822,F,1964,CA,P05,2024-01-01,,0
M006823,F,1981,FL,P02,2024-01-01,,0
M006824,F,1979,TX,P01,2024-04-30,,0
M006825,M,1959,FL,P03,2024-01-01,,1
M006826,M,1940,TX,P03,2025-05-23,,1
M006827,F,2002,CA,P01,2024-01-01,,0
M006828,F,1977,FL,P05,2024-01-01,,0
M006829,M,1958,CA,P03,2024-01-01,2025-01-07,1
M006830,M,1937,FL,P04,2024-01-01,2024-07-27,0
M006831,M,2008,AZ,P02,2025-05-27,,1
M006832,M,1942,FL,P03,2025-04-20,,0
M006833,M,1972,TX,P01,2024-01-01,2024-11-03,0
M006834,F,1998,GA,P05,2024-01-01,2025-04-02,0
M006835,M,1975,GA,P02,2024-06-23,,0
M006836,F,1972,NY,P01,2024-01-01,,0
M006837,M,2015,FL,P01,2024-03-06,,0
M006838,M,1940,GA,P03,2024-01-01,,1
M006839,M,2017,OH,P05,2024-01-01,2024-12-05,0
M006840,M,2025,CA,P05,2024-01-01,,0
M006841,M,1936,CA,P04,2024-01-01,2025-03-15,0
M006842,M,1983,TX,P05,2024-05-05,,0
M006843,M,1937,TX,P04,2024-01-01,,0
M006844,F,2012,TX,P02,2024-01-01,,0
M006845,M,1947,FL,P03,2024-01-01,,0
M006846,F,1990,AZ,P01,2024-01-01,,1
M006847,F,2011,GA,P01,2025-01-29,,0
M006848,F,2025,TX,P02,2024-01-01,,0
M006849,F,1995,TX,P01,2024-06-05,,0
M006850,F,1992,NY,P05,2024-01-01,,0
M006851,F,1974,FL,P05,2024-01-01,2024-04-15,1
M006852,M,2000,GA,P02,2024-01-01,,0
M006853,M,1953,MN,P04,2024-01-01,,0
M006854,F,1968,CA,P02,2024-01-01,,0
M006855,F,1999,TX,P01,2024-01-01,,0
M006856,F,1979,AZ,P02,2024-01-01,,0
M006857,M,2023,CA,P01,2024-01-01,2025-01-20,0
M006858,F,2023,CA,P02,2025-02-26,,0
M006859,M,2024,OH,P01,2024-09-04,,0
M006860,F,1974,FL,P01,2024-01-01,2024-12-26,0
M006861,M,2010,FL,P01,2024-01-02,2025-04-04,0
M006862,F,1974,OH,P05,2024-08-05,,1
M006863,M,1964,TX,P01,2024-09-15,,1
M006864,F,1982,TX,P02,2024-01-01,,0
M006865,F,1961,CA,P02,2024-01-01,,0
M006866,M,1965,TX,P02,2024-01-01,2024-05-27,0
M006867,F,1979,GA,P02,2024-09-21,,0
M006868,F,1973,MN,P01,2024-01-01,,0
M006869,F,1954,MN,P03,2024-01-01,,1
M006870,M,1948,TX,P03,2024-08-01,,1
M006871,F,1944,MN,P03,2024-03-27,,0
M006872,M,1947,TX,P03,2024-01-01,,1
M006873,M,1995,FL,P02,2024-01-11,,0
M006874,F,2003,TX,P02,2024-04-28,,0
M006875,F,2019,GA,P01,2024-01-01,,0
M006876,F,1993,FL,P02,2024-08-22,,0
M006877,M,1993,OH,P01,2024-01-01,,0
M006878,M,1964,GA,P02,2024-01-01,,0
M006879,M,1938,CA,P03,2025-06-08,,1
M006880,M,1985,GA,P01,2024-01-01,,0
M006881,M,1970,FL,P01,2024-01-01,,1
M006882,F,1952,TX,P03,2024-11-13,,0
M006883,M,1962,CA,P02,2024-01-01,,1
M006884,F,1954,OH,P04,2024-01-01,,0
M006885,F,2017,TX,P05,2024-01-01,,0
M006886,M,1980,GA,P05,2024-01-01,,0
M006887,M,1996,FL,P02,2024-01-01,2024-10-18,0
M006888,F,2008,OH,P01,2024-01-01,,0
M006889,M,1950,TX,P03,2024-07-27,,0
M006890,M,1953,CA,P03,2024-01-01,,0
M006891,M,1948,CA,P03,2024-01-01,2025-04-17,0
M006892,F,2003,CA,P02,2024-01-01,,0
M006893,F,1995,FL,P01,2024-01-01,,0
M006894,F,1992,CA,P01,2024-01-01,,0
M006895,F,1978,FL,P01,2024-01-01,2025-02-23,1
M006896,M,1994,TX,P01,2024-01-01,,0
M006897,M,2000,TX,P05,2024-01-01,,1
M006898,M,1965,AZ,P01,2024-01-01,,0
M006899,M,1949,TX,P03,2024-01-01,,0
M006900,F,2008,CA,P05,2024-01-01,,0
M006901,F,2004,FL,P02,2024-01-01,,1
M006902,M,2004,NY,P02,2024-01-01,,0
M006903,F,1945,FL,P03,2024-01-01,2024-05-11,1
M006904,F,1983,FL,P02,2024-12-29,,0
M006905,F,2017,MN,P02,2024-01-01,2024-11-11,1
M006906,F,1951,MN,P04,2024-01-01,,0
M006907,M,1952,TX,P04,2024-01-01,,1
M006908,F,1958,OH,P04,2024-01-01,,0
M006909,F,1982,AZ,P05,2024-01-01,,0
M006910,F,2012,MN,P02,2024-01-01,,0
M006911,M,1952,FL,P04,2024-01-01,,1
M006912,F,1960,GA,P03,2024-01-01,,1
M006913,M,1940,FL,P03,2024-01-01,,0
M006914,M,1955,NY,P04,2024-07-30,,0
M006915,M,1946,CA,P04,2024-05-18,2025-01-05,1
M006916,F,2003,OH,P05,2024-01-01,,0
M006917,F,1986,AZ,P02,2024-07-22,2025-08-04,0
M006918,M,1938,TX,P03,2024-01-01,,0
M006919,M,1969,FL,P01,2024-01-01,,0
M006920,F,1960,NY,P03,2024-01-01,2024-10-27,0
M006921,F,1958,FL,P04,2024-08-26,2025-03-31,0
M006922,F,1948,NY,P04,2024-01-01,,0
M006923,F,2013,GA,P02,2024-11-12,,0
M006924,M,1989,OH,P02,2024-01-01,,0
M006925,F,1976,GA,P02,2024-01-01,,0
M006926,F,1975,TX,P01,2024-01-01,2024-09-18,0
M006927,F,2011,TX,P01,2024-01-01,,1
M006928,M,2022,AZ,P05,2025-01-27,,0
M006929,M,2013,CA,P02,2024-01-01,,0
M006930,F,1972,NY,P05,2024-01-01,,0
M006931,M,2008,TX,P01,2024-01-01,,0
M006932,F,1942,OH,P04,2024-10-01,,1
M006933,F,1939,TX,P03,2024-01-01,2025-05-01,0
M006934,M,1950,GA,P03,2024-01-01,,1
M006935,F,1941,TX,P03,2024-01-01,,0
M006936,M,1952,TX,P04,2024-01-01,,0
M006937,F,2016,FL,P05,2024-01-01,,0
M006938,F,1940,FL,P03,2024-01-01,,0
M006939,M,2012,MN,P01,2024-01-01,,0
M006940,F,2014,CA,P01,2024-01-01,,0
M006941,F,1953,CA,P04,2024-01-01,,1
M006942,F,2011,TX,P02,2024-01-01,,0
M006943,M,1990,CA,P02,2024-01-01,,0
M006944,F,1952,TX,P03,2024-01-01,,0
M006945,F,1983,NY,P02,2024-01-01,,0
M006946,M,1960,MN,P04,2024-01-01,,1
M006947,F,1960,FL,P04,2024-01-01,,0
M006948,M,1958,GA,P04,2024-01-01,,0
M006949,F,1954,MN,P04,2024-01-01,2024-08-27,1
M006950,F,1991,MN,P05,2024-08-24,,0
M006951,M,1951,OH,P03,2024-04-23,,1
M006952,F,1991,AZ,P05,2025-01-31,,0
M006953,F,2016,FL,P01,2024-06-30,,0
M006954,F,1957,NY,P03,2024-03-08,,0
M006955,F,1936,OH,P04,2024-01-01,,0
M006956,F,1973,FL,P02,2024-01-01,,0
M006957,M,1998,FL,P01,2024-01-21,,0
M006958,M,1941,FL,P03,2024-01-01,,0
M006959,F,1983,TX,P02,2024-01-01,2024-06-27,0
M006960,F,2006,CA,P05,2024-07-06,,0
M006961,M,2004,GA,P02,2024-01-01,,1
M006962,M,2019,NY,P01,2024-01-01,,0
M006963,F,1949,NY,P03,2024-01-01,,1
M006964,M,2012,NY,P02,2024-01-01,,0
M006965,F,2023,TX,P01,2024-01-01,,0
M006966,M,1957,TX,P03,2024-01-01,,0
M006967,M,1962,TX,P02,2024-01-01,,0
M006968,F,2017,AZ,P01,2024-01-01,,0
M006969,M,1943,AZ,P03,2024-01-01,,0
M006970,F,1953,NY,P03,2024-01-01,,0
M006971,M,1941,CA,P04,2024-01-01,,0
M006972,M,1972,MN,P02,2024-01-01,,0
M006973,M,2005,TX,P01,2024-01-01,,1
M006974,M,2018,TX,P05,2024-01-01,,0
M006975,F,1936,NY,P03,2024-01-28,,0
M006976,M,1986,NY,P01,2024-01-01,,0
M006977,M,2002,MN,P05,2024-01-01,,0
M006978,F,2003,GA,P01,2024-01-01,2024-05-16,0
M006979,M,1960,MN,P04,2024-01-01,,1
M006980,F,1942,OH,P04,2024-01-01,,0
M006981,F,2001,AZ,P05,2024-11-27,,0
M006982,F,1980,OH,P05,2024-01-01,,0
M006983,M,1977,CA,P01,2024-08-17,,0
M006984,F,1960,NY,P04,2024-01-01,,0
M006985,M,2009,AZ,P02,2024-09-10,,0
M006986,M,1960,TX,P03,2024-08-06,,1
M006987,F,1936,NY,P03,2024-01-01,,1
M006988,M,1999,CA,P01,2024-01-01,2024-06-04,0
M006989,F,2015,OH,P01,2024-01-01,,0
M006990,M,2006,NY,P01,2024-01-01,,0
M006991,F,1964,CA,P01,2024-01-01,,0
M006992,M,1982,OH,P01,2024-01-01,,0
M006993,F,2021,NY,P05,2025-04-01,2025-07-21,0
M006994,M,1979,TX,P02,2024-01-01,,0
M006995,M,1949,NY,P04,2024-08-12,,0
M006996,M,2006,TX,P05,2024-01-01,,0
M006997,M,1954,GA,P04,2024-01-01,,0
M006998,F,2003,AZ,P02,2024-12-31,,0
M006999,M,1980,TX,P05,2024-01-01,,0
M007000,M,1951,FL,P04,2024-08-26,,0
M007001,F,1941,TX,P04,2024-11-10,2025-02-26,0
M007002,F,1987,GA,P05,2024-01-01,2024-11-04,0
M007003,M,1943,TX,P03,2024-01-01,,1
M007004,M,1963,NY,P02,2024-01-01,,1
M007005,F,1994,CA,P05,2024-01-01,,0
M007006,F,1998,GA,P02,2024-09-03,,1
M007007,F,1941,NY,P04,2024-01-20,,0
M007008,M,1961,NY,P01,2024-01-01,2024-11-07,0
M007009,F,1970,CA,P01,2024-01-01,,0
M007010,M,2014,GA,P02,2024-11-15,,0
M007011,F,1964,CA,P01,2024-01-01,2024-12-09,0
M007012,F,1974,CA,P05,2024-01-01,,1
M007013,M,1998,TX,P01,2024-12-05,2025-05-22,0
M007014,F,1948,FL,P04,2025-01-21,,0
M007015,F,1989,FL,P01,2024-01-01,,0
M007016,F,1981,NY,P05,2024-01-01,,0
M007017,F,2014,OH,P02,2024-01-01,,0
M007018,M,2018,MN,P01,2024-01-01,,1
M007019,F,1991,FL,P01,2024-01-01,,0
M007020,F,1953,NY,P03,2024-01-01,,1
M007021,F,1962,GA,P05,2025-06-12,,0
M007022,F,2020,FL,P05,2024-01-01,,0
M007023,M,1976,NY,P02,2025-01-16,,1
M007024,M,1986,CA,P02,2024-01-01,,0
M007025,F,1968,CA,P01,2024-01-01,2024-12-22,0
M007026,M,1961,TX,P02,2024-01-01,,0
M007027,M,1956,TX,P03,2024-01-01,,0
M007028,M,2001,FL,P01,2024-11-29,,0
M007029,M,1936,AZ,P03,2024-01-01,,0
M007030,F,2015,TX,P05,2024-01-01,2024-09-28,0
M007031,F,1994,TX,P01,2024-02-21,2024-07-30,1
M007032,F,2008,NY,P01,2024-03-13,,0
M007033,M,2009,MN,P01,2024-01-01,,1
M007034,F,1988,TX,P01,2024-01-01,,0
M007035,F,2017,OH,P01,2024-01-01,,0
M007036,M,1950,TX,P03,2024-01-01,,1
M007037,F,1999,TX,P01,2024-01-17,,0
M007038,M,1955,MN,P04,2024-01-01,,0
M007039,M,1989,OH,P05,2024-01-01,,0
M007040,M,1977,NY,P05,2024-01-01,,1
M007041,F,1958,TX,P03,2024-01-01,,0
M007042,M,2020,NY,P01,2024-01-01,,0
M007043,M,1989,TX,P01,2024-01-01,,0
M007044,F,1985,CA,P01,2024-08-29,2025-08-20,0
M007045,F,1981,OH,P05,2025-01-05,,0
M007046,F,1998,NY,P05,2024-01-18,,0
M007047,F,2019,OH,P02,2024-01-01,,0
M007048,M,2017,TX,P02,2024-01-01,,0
M007049,F,2004,GA,P02,2024-12-22,,0
M007050,F,1984,MN,P01,2024-01-01,,0
M007051,F,1977,AZ,P05,2024-01-01,2024-12-23,0
M007052,M,1982,TX,P01,2025-02-04,2025-10-25,0
M007053,M,2005,TX,P02,2024-06-10,2024-11-14,0
M007054,M,1997,CA,P02,2024-10-10,,0
M007055,F,2022,CA,P01,2024-01-01,2024-04-12,0
M007056,F,1974,AZ,P02,2024-01-01,,0
M007057,F,2003,FL,P05,2024-01-01,,1
M007058,M,1992,CA,P01,2024-01-01,,0
M007059,F,1947,FL,P03,2024-01-01,,0
M007060,F,2007,MN,P02,2025-06-01,,1
M007061,M,2015,TX,P01,2024-01-01,,1
M007062,F,1964,AZ,P01,2024-01-01,,0
M007063,M,2018,AZ,P01,2024-02-21,2024-07-23,0
M007064,F,1964,TX,P01,2024-01-08,,0
M007065,F,2018,GA,P02,2024-01-01,,0
M007066,M,1959,FL,P04,2024-01-01,,1
M007067,F,1941,FL,P04,2024-01-01,,0
M007068,M,1964,CA,P05,2024-01-01,,0
M007069,M,1967,AZ,P02,2024-01-01,,0
M007070,F,1958,CA,P04,2024-01-01,,0
M007071,M,1954,FL,P03,2024-04-25,,1
M007072,F,2019,CA,P01,2024-06-11,,0
M007073,F,1987,CA,P02,2024-01-01,,0
M007074,F,1992,TX,P02,2024-01-01,,0
M007075,M,1952,TX,P04,2024-01-01,,0
M007076,M,2023,TX,P02,2024-12-05,,0
M007077,M,2020,CA,P01,2024-01-13,,0
M007078,F,1987,NY,P05,2024-08-22,,0
M007079,M,1970,OH,P01,2024-01-01,2024-07-21,0
M007080,M,1965,FL,P05,2024-01-01,,0
M007081,M,1938,GA,P04,2024-01-01,,1
M007082,F,2002,CA,P05,2024-01-01,,0
M007083,M,1944,TX,P04,2024-01-01,,1
M007084,M,1992,AZ,P01,2024-01-01,,0
M007085,M,1952,OH,P03,2024-01-01,2025-01-01,0
M007086,F,1950,NY,P04,2024-01-01,,1
M007087,M,1943,TX,P04,2024-11-19,,0
M007088,F,1990,TX,P01,2024-11-25,,0
M007089,M,1970,NY,P01,2024-06-18,,0
M007090,M,1973,AZ,P02,2024-01-01,,0
M007091,M,1977,NY,P02,2024-01-14,,1
M007092,M,1943,TX,P03,2024-01-01,,1
M007093,M,1999,NY,P05,2024-01-01,,0
M007094,M,1946,FL,P04,2024-01-01,,1
M007095,F,1944,TX,P03,2024-01-01,,1
M007096,M,2002,GA,P01,2024-04-20,2025-01-08,0
M007097,F,1966,NY,P02,2024-07-25,,0
M007098,F,1977,OH,P02,2024-01-01,,0
M007099,M,1984,TX,P01,2024-01-01,,1
M007100,M,1980,TX,P01,2024-01-01,,0
M007101,M,1974,CA,P02,2024-01-01,,0
M007102,M,1980,CA,P01,2024-01-01,2025-03-02,0
M007103,M,1960,NY,P03,2024-12-01,,0
M007104,M,2001,OH,P01,2024-06-11,,0
M007105,M,1998,OH,P01,2024-01-01,2024-08-28,1
M007106,F,1987,OH,P01,2024-01-01,,0
M007107,F,1938,TX,P03,2024-01-01,,0
M007108,M,1958,CA,P03,2024-01-01,,0
M007109,F,1961,NY,P02,2024-01-01,,0
M007110,M,1981,CA,P01,2024-01-01,,0
M007111,M,1999,FL,P05,2024-01-01,,0
M007112,F,1950,MN,P03,2024-01-01,,1
M007113,M,1943,TX,P03,2024-01-01,2025-03-31,0
M007114,F,1969,MN,P02,2024-01-01,,0
M007115,F,1953,GA,P04,2024-01-01,,0
M007116,F,2009,NY,P05,2024-06-07,,0
M007117,M,2012,TX,P02,2025-05-25,,0
M007118,F,1943,NY,P03,2024-01-01,2024-05-03,1
M007119,M,1982,TX,P01,2024-01-01,,0
M007120,F,1946,MN,P03,2024-01-01,2025-01-20,0
M007121,M,1986,FL,P02,2025-05-28,,0
M007122,F,2022,CA,P01,2024-01-01,,0
M007123,F,2002,NY,P05,2024-01-01,,0
M007124,F,1967,TX,P05,2024-06-10,,0
M007125,F,2022,NY,P01,2024-11-14,,0
M007126,M,1986,OH,P05,2024-01-01,,0
M007127,M,1997,FL,P02,2024-01-01,,0
M007128,F,1966,TX,P02,2024-01-01,2024-12-26,0
M007129,F,1992,CA,P05,2024-01-01,,0
M007130,M,1989,NY,P02,2024-01-01,,0
M007131,M,1979,CA,P02,2025-01-12,,0
M007132,M,1950,FL,P03,2024-12-07,,1
M007133,M,1992,CA,P01,2024-01-01,,0
M007134,M,1979,FL,P02,2024-01-01,,0
M007135,F,1973,FL,P02,2024-01-01,,0
M007136,F,1942,CA,P03,2024-01-01,,1
M007137,M,1979,CA,P01,2025-03-10,,1
M007138,M,2002,CA,P01,2024-01-01,2025-05-14,0
M007139,F,1942,TX,P04,2024-01-01,,1
M007140,F,2025,OH,P01,2024-01-01,,1
M007141,M,1982,TX,P02,2024-08-24,,0
M007142,F,1940,FL,P04,2024-01-01,,1
M007143,M,1956,GA,P04,2024-01-01,,1
M007144,F,1964,MN,P01,2024-01-01,,0
M007145,M,1969,MN,P05,2025-03-03,,0
M007146,M,1952,NY,P04,2024-01-01,,0
M007147,M,1983,FL,P02,2024-01-01,2024-05-10,0
M007148,F,1938,GA,P04,2024-10-17,,0
M007149,M,1947,OH,P04,2024-01-01,,0
M007150,F,1940,MN,P03,2024-01-01,,0
M007151,F,1940,NY,P03,2024-01-01,,1
M007152,M,1959,CA,P04,2025-03-13,,1
M007153,M,1988,TX,P05,2024-01-01,,0
M007154,M,1952,TX,P03,2024-07-28,,0
M007155,M,1938,OH,P04,2025-02-01,,1
M007156,M,1955,MN,P04,2024-05-31,,0
M007157,M,2022,CA,P05,2024-01-01,,0
M007158,F,1988,TX,P05,2024-01-01,2025-01-15,0
M007159,M,2008,CA,P01,2024-01-01,,1
M007160,M,1996,TX,P01,2024-01-01,,1
M007161,M,1954,MN,P03,2024-01-01,,0
M007162,F,2021,TX,P02,2024-01-01,,0
M007163,F,1936,TX,P03,2024-01-01,,1
M007164,F,1941,CA,P04,2024-01-01,2024-09-11,1
M007165,M,1996,NY,P05,2024-01-01,,0
M007166,F,1980,OH,P02,2024-01-01,,0
M007167,F,1939,FL,P04,2024-01-01,,0
M007168,F,2018,AZ,P01,2024-01-01,,0
M007169,M,2020,NY,P02,2024-01-01,2024-07-16,0
M007170,F,1973,TX,P01,2025-06-16,,0
M007171,M,2024,TX,P02,2024-01-01,,0
M007172,M,1985,CA,P02,2024-01-01,,1
M007173,M,1945,CA,P04,2024-12-22,,0
M007174,F,1941,CA,P03,2024-01-01,,0
M007175,M,1990,TX,P02,2024-01-01,,0
M007176,F,2007,TX,P01,2024-09-05,,1
M007177,F,1992,TX,P01,2024-01-01,2024-04-04,0
M007178,F,2017,OH,P05,2024-01-01,,1
M007179,F,1982,NY,P05,2025-05-03,,0
M007180,F,1974,TX,P02,2024-04-27,2025-06-10,0
M007181,F,2025,CA,P01,2024-01-01,,0
M007182,M,1991,MN,P02,2024-01-01,,0
M007183,M,1955,TX,P03,2024-01-01,,1
M007184,F,2025,TX,P02,2024-12-17,2025-09-17,0
M007185,F,1978,CA,P01,2024-01-01,,1
M007186,M,1990,FL,P02,2024-01-01,,0
M007187,F,2006,TX,P01,2024-01-01,,1
M007188,F,1994,MN,P02,2025-06-18,2025-10-02,1
M007189,F,1981,GA,P01,2024-01-01,,0
M007190,F,1950,OH,P03,2025-05-27,,1
M007191,M,1975,MN,P02,2024-01-01,,0
M007192,F,2023,TX,P01,2024-01-01,,0
M007193,F,1937,AZ,P03,2024-01-01,,0
M007194,F,2023,MN,P02,2024-01-01,,1
M007195,F,1952,NY,P04,2024-01-01,,0
M007196,M,2003,AZ,P05,2024-01-01,,0
M007197,F,2021,GA,P01,2024-01-01,2025-02-10,0
M007198,F,1981,FL,P05,2024-01-01,,0
M007199,F,1941,FL,P04,2024-12-27,,1
M007200,M,1958,OH,P03,2024-01-01,,1
M007201,M,2001,NY,P02,2024-01-01,,1
M007202,M,2007,CA,P02,2024-01-01,,0
M007203,M,1985,TX,P01,2024-01-01,,0
M007204,F,2011,TX,P05,2024-01-01,,0
M007205,F,1938,TX,P03,2024-01-13,2025-04-19,0
M007206,M,1981,CA,P02,2024-01-01,2024-12-04,0
M007207,M,1961,TX,P02,2024-01-01,2024-05-05,0
M007208,F,2024,TX,P01,2024-07-05,2025-03-20,0
M007209,M,1987,MN,P01,2024-10-18,,1
M007210,M,1956,CA,P03,2025-01-22,,0
M007211,F,1970,MN,P02,2024-01-01,,0
M007212,F,1958,TX,P04,2024-01-01,,0
M007213,M,1952,FL,P03,2024-01-01,,0
M007214,M,1945,OH,P03,2024-01-01,2024-11-19,0
M007215,F,1959,MN,P04,2024-01-01,,0
M007216,F,1992,OH,P01,2024-05-21,2025-09-13,0
M007217,M,1941,AZ,P03,2024-01-01,,1
M007218,M,1958,TX,P04,2024-03-04,,0
M007219,M,2009,FL,P01,2025-04-25,,0
M007220,F,1989,AZ,P01,2024-01-01,2024-04-04,1
M007221,M,1990,CA,P01,2024-01-01,,0
M007222,M,2016,TX,P01,2024-07-09,,0
M007223,F,1983,TX,P02,2024-01-01,,0
M007224,M,1999,GA,P01,2024-04-27,,1
M007225,F,1955,TX,P03,2024-01-01,2025-01-13,0
M007226,F,1992,CA,P01,2024-01-01,,0
M007227,F,1980,TX,P01,2024-01-01,,1
M007228,M,2023,FL,P02,2024-01-01,,0
M007229,F,1966,CA,P01,2025-06-06,,0
M007230,M,1986,TX,P05,2024-01-01,,1
M007231,F,2009,OH,P02,2024-01-01,,0
M007232,M,1977,TX,P01,2024-01-01,,0
M007233,M,1971,GA,P01,2025-06-16,,1
M007234,F,1963,CA,P02,2024-01-01,2025-01-07,0
M007235,M,1952,FL,P03,2024-04-08,,0
M007236,M,1957,NY,P04,2024-01-01,2024-07-05,1
M007237,M,2015,CA,P02,2024-11-30,,0
M007238,M,1953,TX,P03,2024-01-22,,0
M007239,M,1969,FL,P02,2024-11-27,,1
M007240,F,2006,CA,P05,2024-01-01,,0
M007241,M,1938,TX,P03,2025-04-20,,1
M007242,M,1968,OH,P01,2024-01-01,,0
M007243,F,1948,FL,P04,2024-08-29,,0
M007244,M,1999,FL,P05,2024-10-21,,0
M007245,F,2006,TX,P02,2024-01-01,,0
M007246,M,2006,TX,P05,2025-01-14,,0
M007247,M,1987,FL,P05,2024-12-27,2025-09-11,0
M007248,M,1977,FL,P01,2024-06-16,,0
M007249,M,1960,TX,P04,2024-01-01,2024-04-17,0
M007250,M,1940,NY,P03,2024-04-14,,1
M007251,M,1984,TX,P02,2024-01-01,2024-05-19,1
M007252,F,1990,MN,P02,2025-03-19,,0
M007253,F,1983,NY,P05,2024-01-01,,0
M007254,M,1955,GA,P03,2024-01-01,,0
M007255,F,1975,CA,P02,2024-01-01,2024-08-05,0
M007256,M,1985,FL,P01,2025-03-07,,0
M007257,M,1976,CA,P02,2024-01-01,,0
M007258,F,1978,CA,P05,2024-11-13,,0
M007259,F,1951,NY,P04,2024-12-20,,0
M007260,F,2004,AZ,P01,2024-01-01,2024-05-08,0
M007261,F,1988,FL,P05,2024-08-09,,0
M007262,F,1984,TX,P05,2024-01-01,,1
M007263,F,1988,OH,P02,2024-01-01,,0
M007264,M,1991,TX,P01,2024-01-01,,0
M007265,F,1955,GA,P03,2024-01-01,,0
M007266,M,2017,OH,P01,2024-01-01,,0
M007267,F,1998,GA,P02,2024-01-01,2024-07-22,0
M007268,M,1957,TX,P03,2024-01-01,,1
M007269,M,1979,FL,P05,2024-01-01,,0
M007270,F,1976,NY,P02,2024-06-20,,0
M007271,F,1978,FL,P05,2024-01-01,2024-12-22,0
M007272,F,1966,GA,P05,2025-05-23,,0
M007273,F,2011,CA,P01,2024-09-28,,0
M007274,F,1979,CA,P01,2024-04-20,2024-12-22,0
M007275,F,1951,TX,P04,2024-01-01,,0
M007276,M,1943,NY,P04,2024-01-01,,1
M007277,M,2024,FL,P02,2024-07-13,2024-12-10,0
M007278,M,1938,CA,P03,2024-10-14,,0
M007279,F,1953,FL,P03,2025-04-11,,1
M007280,M,1936,NY,P04,2024-01-01,,0
M007281,F,1951,GA,P04,2024-01-01,,1
M007282,F,2023,TX,P01,2024-01-01,2024-12-12,0
M007283,F,1994,FL,P01,2024-01-01,,0
M007284,M,1999,OH,P01,2025-03-07,,0
M007285,F,1998,OH,P05,2024-01-01,,0
M007286,M,2003,FL,P05,2024-01-01,2025-03-16,0
M007287,M,1956,FL,P04,2024-01-01,2024-11-28,0
M007288,M,2025,OH,P01,2024-01-01,,0
M007289,M,1957,NY,P03,2024-01-01,,0
M007290,M,1970,CA,P01,2024-01-01,,0
M007291,F,2016,TX,P02,2024-01-01,,1
M007292,M,2016,OH,P01,2024-01-01,,0
M007293,F,1975,FL,P05,2024-04-12,,0
M007294,M,1993,NY,P01,2024-01-01,,0
M007295,M,1951,OH,P03,2024-01-01,,1
M007296,F,1974,CA,P05,2024-10-06,2025-05-11,0
M007297,F,1952,FL,P03,2024-01-01,,1
M007298,M,1986,FL,P01,2024-01-01,,0
M007299,M,1989,OH,P05,2024-01-01,,0
M007300,M,1940,AZ,P03,2024-10-27,,1
M007301,F,1976,MN,P02,2024-01-01,,0
M007302,M,1950,GA,P03,2024-07-01,,1
M007303,F,2012,NY,P05,2024-01-01,,0
M007304,F,1976,AZ,P02,2024-01-01,,0
M007305,M,1985,CA,P02,2024-01-01,2025-02-24,0
M007306,M,1970,AZ,P02,2024-12-22,,0
M007307,M,1972,CA,P01,2024-01-01,2024-08-18,0
M007308,F,1946,NY,P04,2024-01-01,,1
M007309,M,1965,TX,P01,2024-11-04,,0
M007310,M,2023,CA,P02,2024-01-01,,0
M007311,M,2004,FL,P02,2024-01-01,,0
M007312,M,1986,FL,P01,2024-07-07,,0
M007313,M,1991,NY,P02,2024-01-01,,1
M007314,F,1952,AZ,P03,2024-01-01,,1
M007315,F,2013,GA,P02,2024-06-06,,0
M007316,M,1975,FL,P01,2024-01-01,,0
M007317,F,1969,OH,P05,2024-01-01,,0
M007318,M,1981,NY,P05,2024-01-01,,1
M007319,F,1991,FL,P02,2024-01-01,,1
M007320,M,1975,AZ,P02,2024-01-01,,0
M007321,F,2010,TX,P01,2024-01-01,,1
M007322,F,1963,GA,P01,2024-01-01,,0
M007323,F,2017,FL,P02,2024-01-01,,0
M007324,M,1988,AZ,P05,2024-01-01,,0
M007325,M,1959,OH,P04,2024-01-01,2024-04-06,0
M007326,M,1967,CA,P02,2024-01-01,,0
M007327,F,2010,TX,P05,2025-01-12,,0
M007328,M,1984,TX,P02,2024-01-01,,0
M007329,F,2015,TX,P01,2024-01-01,,0
M007330,F,2014,GA,P02,2024-07-10,,0
M007331,F,1998,NY,P01,2024-01-01,,1
M007332,M,1974,FL,P05,2025-06-02,,0
M007333,M,2007,FL,P02,2024-01-01,2024-12-26,0
M007334,F,1943,FL,P03,2024-01-01,,0
M007335,M,1988,OH,P02,2024-01-01,,0
M007336,M,1962,FL,P05,2024-01-01,,0
M007337,F,1952,GA,P03,2024-08-17,,0
M007338,F,2010,OH,P02,2024-01-01,,0
M007339,F,1967,FL,P01,2024-11-26,,1
M007340,F,2004,FL,P05,2024-05-13,2025-06-01,1
M007341,M,2012,NY,P02,2024-11-21,,0
M007342,F,1972,AZ,P01,2024-01-01,,0
M007343,F,1973,TX,P05,2024-07-07,,0
M007344,M,2021,FL,P01,2025-04-08,,0
M007345,M,1970,NY,P02,2024-01-01,,0
M007346,M,1984,FL,P02,2024-09-21,,0
M007347,F,2007,FL,P02,2024-01-01,,0
M007348,M,1991,CA,P02,2025-01-17,,0
M007349,F,2010,TX,P01,2024-01-01,2024-06-29,0
M007350,F,2015,NY,P01,2024-01-01,,0
M007351,M,2017,AZ,P01,2024-01-01,,1
M007352,F,2015,AZ,P01,2024-01-01,,0
M007353,F,1988,CA,P05,2024-01-01,,0
M007354,F,1953,FL,P03,2024-01-01,,0
M007355,F,1994,CA,P02,2025-01-13,,0
M007356,M,2024,FL,P02,2024-01-01,,0
M007357,M,1954,NY,P04,2024-01-01,2024-09-01,0
M007358,F,1977,TX,P01,2024-01-01,,0
M007359,M,1971,FL,P01,2024-01-01,,0
M007360,M,1951,TX,P03,2024-01-01,,1
M007361,M,2001,FL,P02,2024-01-01,,0
M007362,F,1950,OH,P04,2024-01-13,,1
M007363,F,2021,MN,P05,2024-08-01,,1
M007364,M,1999,OH,P05,2024-03-09,,0
M007365,F,1991,FL,P01,2024-03-02,,0
M007366,F,2024,CA,P01,2025-03-27,2025-06-27,0
M007367,M,2025,NY,P01,2025-02-05,,0
M007368,F,1936,AZ,P04,2024-01-01,,1
M007369,F,2011,OH,P05,2024-11-02,,0
M007370,F,2017,TX,P05,2024-01-01,,0
M007371,M,1987,NY,P01,2024-01-01,,1
M007372,F,2007,TX,P05,2024-01-01,,0
M007373,M,1962,FL,P02,2024-01-01,,1
M007374,F,1964,MN,P05,2024-01-01,,0
M007375,M,1972,AZ,P02,2024-01-01,2024-10-09,0
M007376,M,2006,FL,P01,2024-01-01,,1
M007377,F,1969,OH,P01,2025-04-28,,0
M007378,M,2009,FL,P05,2024-01-01,,1
M007379,M,2010,TX,P02,2024-01-01,2024-09-29,0
M007380,F,1962,AZ,P02,2024-09-07,2025-03-21,0
M007381,F,1982,GA,P02,2024-01-01,,0
M007382,M,2020,FL,P02,2024-05-21,,0
M007383,F,1968,GA,P05,2024-01-01,,0
M007384,F,2015,TX,P01,2024-01-01,,0
M007385,M,1981,NY,P01,2024-05-07,,0
M007386,M,1956,MN,P04,2024-01-01,,0
M007387,F,2024,GA,P02,2024-01-01,,1
M007388,F,1974,NY,P01,2024-01-01,,0
M007389,F,1981,FL,P01,2024-01-01,2024-11-02,0
M007390,F,1968,OH,P01,2024-11-27,,0
M007391,F,1986,MN,P01,2024-01-01,,0
M007392,M,1976,TX,P01,2024-01-01,2025-01-03,1
M007393,M,1967,TX,P01,2024-04-17,,0
M007394,F,1942,FL,P04,2024-01-01,,0
M007395,M,1989,CA,P05,2024-01-01,,0
M007396,F,2024,FL,P05,2024-01-01,,0
M007397,F,2003,NY,P02,2024-01-01,,0
M007398,M,1985,FL,P02,2024-01-01,,0
M007399,M,2018,MN,P05,2024-01-01,2024-09-29,0
M007400,M,1940,FL,P04,2024-01-01,,0
M007401,F,2000,GA,P02,2024-01-01,,0
M007402,M,1966,MN,P01,2025-04-15,,0
M007403,F,2005,CA,P02,2024-01-01,,0
M007404,M,1965,TX,P02,2024-05-31,,1
M007405,M,1973,AZ,P02,2024-01-01,,0
M007406,F,2006,CA,P01,2024-01-01,2025-02-20,1
M007407,M,2010,NY,P05,2025-04-09,,0
M007408,M,1948,TX,P03,2024-01-01,,1
M007409,F,1959,FL,P03,2024-01-01,,1
M007410,M,1985,NY,P01,2024-06-22,,1
M007411,F,1942,OH,P04,2025-03-07,,1
M007412,F,1950,MN,P04,2024-01-01,2024-10-04,1
M007413,M,2000,NY,P01,2024-05-17,,0
M007414,F,1947,FL,P03,2024-01-01,,0
M007415,M,1946,NY,P03,2024-12-22,2025-09-05,1
M007416,M,1962,TX,P05,2024-01-01,,0
M007417,F,1988,TX,P01,2024-01-01,2024-12-28,1
M007418,M,2005,FL,P05,2024-01-01,,0
M007419,F,2010,TX,P02,2024-01-01,,0
M007420,F,2025,TX,P01,2025-03-12,,0
M007421,F,1987,TX,P01,2024-01-01,,0
M007422,M,1962,TX,P01,2024-01-01,,0
M007423,F,2023,GA,P01,2024-01-01,,0
M007424,F,1999,FL,P02,2024-01-01,2024-06-09,0
M007425,F,1936,AZ,P04,2024-09-06,,1
M007426,F,1997,AZ,P01,2024-01-01,,0
M007427,M,1983,AZ,P05,2024-01-01,,0
M007428,M,1979,FL,P01,2024-01-01,,0
M007429,M,1942,FL,P03,2024-01-01,2025-03-12,1
M007430,F,1986,CA,P05,2024-01-01,,0
M007431,M,1979,CA,P05,2024-09-17,,0
M007432,F,1939,TX,P03,2024-01-01,,1
M007433,F,1940,FL,P04,2024-07-10,,1
M007434,M,2019,NY,P01,2024-01-01,,0
M007435,F,2018,OH,P01,2024-01-01,,0
M007436,F,1972,FL,P02,2024-01-01,,0
M007437,F,2023,FL,P01,2024-01-01,,0
M007438,M,1994,NY,P02,2024-01-01,2024-12-04,0
M007439,M,1986,OH,P01,2024-01-01,,0
M007440,M,1982,OH,P05,2024-01-01,,0
M007441,M,2021,GA,P05,2024-01-01,,0
M007442,M,1958,NY,P04,2024-01-01,,1
M007443,M,1960,FL,P04,2024-02-27,,0
M007444,M,2024,FL,P01,2024-01-01,,0
M007445,M,2017,TX,P01,2024-01-01,,0
M007446,M,1946,CA,P03,2024-01-01,2024-08-27,1
M007447,F,1954,AZ,P03,2024-01-01,,0
M007448,M,1977,NY,P02,2024-01-01,,0
M007449,M,2004,NY,P02,2024-01-01,,1
M007450,M,1964,FL,P02,2024-01-01,,0
M007451,M,2008,NY,P01,2024-01-01,,1
M007452,F,2010,TX,P02,2024-01-01,,1
M007453,M,1976,FL,P02,2024-01-01,,1
M007454,M,1949,NY,P03,2025-06-01,,0
M007455,M,1992,TX,P05,2024-01-01,,0
M007456,F,1983,FL,P02,2024-01-01,,0
M007457,M,1949,TX,P04,2024-01-01,,0
M007458,F,1943,TX,P04,2025-03-19,,0
M007459,F,2015,FL,P01,2024-01-01,,0
M007460,M,1956,OH,P03,2024-01-20,,1
M007461,M,2007,FL,P02,2024-01-01,,1
M007462,F,1939,TX,P03,2025-03-30,2025-10-02,0
M007463,M,2009,CA,P01,2024-01-01,2025-02-17,1
M007464,F,1990,FL,P05,2025-04-08,,0
M007465,F,2025,GA,P05,2024-01-01,,1
M007466,M,2014,GA,P01,2024-07-14,,0
M007467,F,1992,OH,P01,2024-01-01,,0
M007468,F,1980,NY,P01,2024-06-16,,0
M007469,M,1955,OH,P04,2025-02-24,2025-05-30,0
M007470,M,1940,FL,P03,2024-01-01,,1
M007471,F,1966,OH,P01,2024-01-01,,0
M007472,M,1938,CA,P04,2024-01-01,,0
M007473,F,1975,CA,P02,2025-03-06,2025-06-29,0
M007474,M,2003,GA,P02,2024-11-18,,0
M007475,M,1967,GA,P02,2024-01-01,,0
M007476,F,1963,CA,P02,2024-01-01,,0
M007477,F,1992,MN,P02,2024-01-01,2024-12-05,1
M007478,M,2018,NY,P01,2024-01-01,,1
M007479,M,2023,CA,P02,2024-01-01,,0
M007480,F,1993,CA,P05,2025-02-07,2025-11-20,0
M007481,M,1984,GA,P02,2024-01-01,,0
M007482,M,1989,MN,P05,2024-08-13,,0
M007483,M,1952,OH,P03,2024-12-16,,0
M007484,F,1950,FL,P04,2024-01-01,,0
M007485,M,1983,CA,P01,2024-01-01,,0
M007486,F,1936,FL,P04,2024-01-01,,0
M007487,M,1967,OH,P01,2024-01-01,,0
M007488,F,1986,MN,P01,2025-03-13,,1
M007489,F,1989,AZ,P01,2024-01-01,2024-06-09,0
M007490,M,2020,CA,P01,2024-01-01,,0
M007491,M,1984,FL,P05,2025-06-05,,0
M007492,F,2014,CA,P05,2024-01-01,,0
M007493,F,1936,FL,P04,2024-01-01,,1
M007494,F,1991,MN,P01,2024-06-16,,1
M007495,F,2020,FL,P05,2024-01-01,2024-09-01,0
M007496,F,1957,GA,P04,2024-01-01,,0
M007497,F,2007,CA,P02,2024-01-01,,1
M007498,M,1992,OH,P02,2024-01-01,,0
M007499,F,1945,AZ,P03,2024-01-01,,0
M007500,M,2002,NY,P01,2024-01-01,,0
M007501,F,2000,NY,P02,2024-01-01,,0
M007502,F,1939,TX,P04,2024-01-01,,0
M007503,M,2013,TX,P01,2024-01-01,,1
M007504,F,1974,NY,P02,2024-01-01,,0
M007505,M,2018,FL,P02,2024-12-21,,0
M007506,F,1945,NY,P04,2024-02-29,2025-04-14,0
M007507,M,2016,CA,P05,2024-07-10,,0
M007508,M,1990,TX,P05,2024-01-01,,0
M007509,F,1950,GA,P03,2024-01-01,,1
M007510,M,1944,GA,P03,2025-01-18,,0
M007511,M,1941,MN,P03,2024-04-04,,0
M007512,M,2008,FL,P02,2024-04-19,2025-01-25,0
M007513,M,1989,FL,P01,2024-01-01,2024-11-02,0
M007514,M,1937,FL,P03,2024-01-01,,1
M007515,M,1953,MN,P04,2024-01-01,,0
M007516,F,2021,NY,P02,2024-01-01,,0
M007517,M,2008,AZ,P05,2024-01-01,,0
M007518,M,1953,AZ,P03,2024-01-01,2024-05-07,0
M007519,F,1975,FL,P02,2024-01-01,,0
M007520,M,2008,CA,P01,2024-01-01,2025-01-20,0
M007521,M,2009,CA,P01,2024-01-01,,1
M007522,M,2006,CA,P02,2024-01-01,,1
M007523,M,2007,MN,P02,2024-01-01,,1
M007524,F,1961,TX,P01,2024-01-01,2024-05-26,0
M007525,M,1983,GA,P01,2024-06-13,,0
M007526,M,2000,FL,P01,2024-01-01,,0
M007527,F,1938,OH,P04,2024-10-01,,1
M007528,M,1957,FL,P04,2024-01-01,2024-07-04,1
M007529,M,1990,CA,P02,2024-01-01,,0
M007530,F,2000,OH,P01,2024-01-01,,1
M007531,M,1962,CA,P01,2024-01-01,,0
M007532,F,2007,MN,P01,2024-11-13,,0
M007533,M,1998,OH,P02,2024-01-01,,1
M007534,M,2025,TX,P01,2024-05-25,,1
M007535,M,1994,FL,P02,2024-05-20,,0
M007536,M,1970,FL,P05,2024-11-12,2025-06-10,0
M007537,F,1961,FL,P02,2024-01-01,,0
M007538,F,1995,FL,P05,2024-01-01,,1
M007539,F,2016,TX,P01,2024-09-27,,0
M007540,M,1979,AZ,P01,2024-04-19,,0
M007541,F,1984,MN,P05,2025-04-22,,1
M007542,F,1963,TX,P02,2024-01-01,,0
M007543,F,1955,GA,P03,2024-01-23,,1
M007544,F,2025,FL,P05,2024-01-02,,0
M007545,M,1949,CA,P03,2024-12-11,,0
M007546,F,1982,TX,P02,2024-01-01,,0
M007547,F,1973,FL,P02,2024-01-01,,0
M007548,M,2018,CA,P01,2024-01-01,,0
M007549,M,1996,OH,P01,2024-01-01,,0
M007550,F,1996,CA,P01,2024-01-01,2024-09-23,0
M007551,F,2008,GA,P05,2024-01-01,,0
M007552,M,1960,TX,P03,2025-04-08,,1
M007553,M,2013,NY,P01,2024-01-01,,1
M007554,F,2021,TX,P01,2024-01-01,,0
M007555,F,1943,TX,P03,2024-01-01,,0
M007556,F,1961,FL,P05,2024-03-30,,0
M007557,F,2018,TX,P01,2024-01-01,,0
M007558,F,1988,GA,P02,2024-01-01,,1
M007559,M,2014,CA,P05,2024-01-01,,0
M007560,F,2000,NY,P05,2024-01-01,,0
M007561,F,1990,TX,P05,2024-01-01,,0
M007562,F,2024,FL,P01,2024-04-03,,0
M007563,M,2010,CA,P01,2024-01-01,,0
M007564,F,1987,TX,P02,2024-01-01,2024-07-21,0
M007565,M,2025,TX,P01,2024-10-25,,0
M007566,F,1993,TX,P05,2024-01-01,,0
M007567,M,1986,AZ,P01,2024-01-01,,0
M007568,M,1943,CA,P03,2024-01-01,,0
M007569,M,2015,TX,P05,2024-01-01,,0
M007570,M,1994,CA,P05,2024-01-01,,1
M007571,F,1952,AZ,P03,2024-01-21,,1
M007572,M,2025,TX,P05,2025-02-08,,0
M007573,F,2004,FL,P01,2025-01-14,,0
M007574,F,1961,MN,P02,2024-01-01,,0
M007575,M,2004,AZ,P01,2024-01-01,,0
M007576,F,2004,NY,P05,2024-04-06,2025-06-04,0
M007577,F,1978,TX,P05,2024-01-01,2024-09-04,0
M007578,F,1994,FL,P01,2024-01-01,,1
M007579,M,2000,AZ,P01,2024-01-01,2024-04-14,0
M007580,M,1974,OH,P02,2024-01-01,,0
M007581,F,2023,FL,P01,2024-01-01,,1
M007582,F,1979,TX,P05,2024-01-01,,1
M007583,F,2001,TX,P01,2024-01-01,,0
M007584,M,1945,OH,P04,2024-01-01,,0
M007585,M,1936,NY,P03,2024-01-01,,0
M007586,F,1964,FL,P02,2024-01-01,,0
M007587,F,2017,NY,P01,2024-01-01,2024-10-04,0
M007588,M,2013,GA,P05,2024-01-01,,0
M007589,F,1959,NY,P03,2024-01-01,,0
M007590,M,2000,FL,P02,2024-01-01,,0
M007591,M,1972,MN,P02,2024-01-01,,0
M007592,F,1981,TX,P05,2024-01-01,,1
M007593,M,1993,NY,P05,2024-01-01,,0
M007594,F,1948,FL,P04,2024-01-01,2024-05-20,0
M007595,F,1958,OH,P03,2024-12-31,,0
M007596,F,1979,NY,P05,2024-01-01,2024-06-29,0
M007597,F,2019,TX,P01,2024-01-01,,0
M007598,M,1956,CA,P04,2024-01-01,,1
M007599,F,2011,CA,P02,2024-11-03,,0
M007600,M,1953,CA,P03,2024-01-01,,0
M007601,M,1985,TX,P05,2024-01-23,,0
M007602,F,1979,FL,P05,2024-01-01,,1
M007603,M,1983,MN,P02,2024-01-01,,0
M007604,F,1950,TX,P03,2024-01-01,,0
M007605,F,2009,CA,P05,2024-01-01,,0
M007606,F,1998,FL,P05,2024-01-01,,1
M007607,F,1937,GA,P04,2024-01-01,,1
M007608,F,1961,NY,P01,2024-01-01,,0
M007609,M,1967,OH,P02,2024-01-01,2024-11-28,0
M007610,M,1978,NY,P05,2024-10-24,,0
M007611,F,1953,CA,P04,2024-05-31,,0
M007612,F,1944,MN,P04,2024-01-01,,1
M007613,F,1943,OH,P03,2025-01-08,,0
M007614,F,1972,OH,P02,2025-01-18,,0
M007615,M,2021,OH,P02,2024-12-01,,0
M007616,M,1948,CA,P04,2024-09-01,,0
M007617,M,1997,NY,P01,2024-01-01,,0
M007618,F,1956,NY,P03,2025-01-25,,0
M007619,F,1941,AZ,P04,2024-01-01,2024-12-09,0
M007620,F,2013,MN,P05,2024-09-19,,0
M007621,F,1963,CA,P02,2024-01-01,,0
M007622,F,1936,NY,P04,2024-01-01,,0
M007623,F,2023,FL,P01,2024-01-01,,0
M007624,M,1985,GA,P01,2024-01-01,,0
M007625,F,1978,OH,P02,2024-01-01,2024-12-29,0
M007626,M,2004,AZ,P01,2024-10-19,,0
M007627,M,1968,NY,P05,2024-01-01,,0
M007628,M,1962,OH,P05,2024-01-01,2024-09-01,0
M007629,F,1962,TX,P01,2024-01-01,,0
M007630,M,2019,NY,P05,2024-01-01,,0
M007631,M,1996,FL,P02,2024-01-01,,0
M007632,M,1942,CA,P04,2024-02-03,,0
M007633,M,1997,FL,P05,2024-01-07,2025-03-15,0
M007634,M,1944,FL,P03,2024-01-01,,0
M007635,M,2004,GA,P01,2024-01-01,,0
M007636,F,1998,NY,P01,2024-01-06,,0
M007637,F,1980,FL,P02,2024-01-01,,0
M007638,F,2024,GA,P05,2024-07-29,,0
M007639,F,1936,TX,P03,2024-01-01,2024-04-24,1
M007640,F,1978,FL,P02,2024-07-19,2025-03-21,0
M007641,F,2016,FL,P01,2024-01-01,,0
M007642,F,1975,TX,P05,2024-12-08,,1
M007643,F,1992,GA,P02,2025-04-03,,0
M007644,M,1952,OH,P04,2024-01-01,,0
M007645,F,1954,OH,P03,2024-01-01,,1
M007646,M,1992,NY,P01,2024-01-01,,0
M007647,M,2012,FL,P01,2024-01-01,,0
M007648,M,1986,OH,P02,2025-06-10,,0
M007649,M,1985,OH,P02,2024-01-01,,0
M007650,F,1943,NY,P04,2024-01-01,,0
M007651,M,1943,CA,P04,2024-01-01,,0
M007652,F,1985,FL,P01,2024-01-01,2024-07-08,0
M007653,F,1993,TX,P02,2025-06-16,,0
M007654,M,1997,TX,P01,2024-01-01,,0
M007655,F,1963,OH,P01,2024-01-01,,0
M007656,F,1956,FL,P04,2024-01-01,,1
M007657,F,1937,OH,P04,2024-03-25,,0
M007658,M,1954,CA,P04,2024-01-01,2024-04-16,1
M007659,M,1973,CA,P01,2024-01-01,,0
M007660,F,1958,NY,P03,2024-01-01,,0
M007661,F,1987,TX,P02,2024-01-15,,0
M007662,M,1974,MN,P05,2025-04-28,,0
M007663,F,1937,FL,P03,2024-01-01,,1
M007664,F,2004,GA,P05,2024-01-01,,0
M007665,F,1974,FL,P01,2024-01-01,,0
M007666,M,1965,CA,P02,2024-01-01,,0
M007667,M,1958,CA,P04,2024-01-01,,0
M007668,F,1986,FL,P02,2025-01-20,,0
M007669,F,1949,FL,P03,2024-01-01,,1
M007670,F,2024,CA,P02,2024-01-01,2024-11-15,0
M007671,F,1973,GA,P05,2024-01-01,,0
M007672,M,1978,CA,P01,2024-01-01,,0
M007673,M,2013,TX,P05,2025-04-19,,0
M007674,F,2017,FL,P02,2025-06-01,2025-09-22,0
M007675,M,2016,MN,P02,2024-01-01,,0
M007676,F,1968,TX,P02,2024-01-01,,0
M007677,M,1976,NY,P01,2024-01-01,,0
M007678,M,1964,FL,P05,2024-01-01,,0
M007679,M,2018,CA,P05,2024-01-01,,0
M007680,F,1980,FL,P05,2024-01-01,,0
M007681,M,1965,MN,P05,2025-04-29,,0
M007682,F,1938,NY,P03,2024-01-01,,0
M007683,M,1975,FL,P02,2024-01-01,,0
M007684,F,1986,NY,P05,2024-01-01,,0
M007685,F,2025,TX,P01,2024-01-01,,0
M007686,M,1998,AZ,P05,2024-01-01,,0
M007687,M,2009,FL,P02,2024-08-31,,0
M007688,F,1947,AZ,P03,2024-01-01,,0
M007689,F,1987,GA,P02,2025-04-15,,1
M007690,M,1965,TX,P02,2024-01-01,,1
M007691,F,2022,MN,P01,2024-01-01,,0
M007692,M,2004,MN,P02,2025-05-23,,0
M007693,F,1982,GA,P02,2024-01-01,,0
M007694,F,2005,CA,P01,2024-01-01,,1
M007695,F,2018,OH,P01,2024-12-16,,0
M007696,M,1948,TX,P03,2024-01-01,,1
M007697,M,2024,AZ,P02,2024-01-01,2025-02-21,1
M007698,M,1961,FL,P05,2025-05-10,,0
M007699,M,1994,OH,P01,2024-01-01,,0
M007700,M,1959,GA,P03,2024-01-01,,1
M007701,F,1981,MN,P01,2024-01-01,,0
M007702,F,2003,GA,P02,2024-01-01,,0
M007703,F,1952,GA,P03,2024-01-01,,0
M007704,M,1954,OH,P03,2024-01-01,2025-01-04,0
M007705,F,2014,NY,P02,2024-01-01,,0
M007706,F,1973,TX,P02,2024-10-18,2025-04-26,0
M007707,M,1990,MN,P01,2024-01-01,,1
M007708,F,1998,CA,P02,2024-01-01,2024-12-23,0
M007709,F,1987,GA,P02,2024-10-18,2025-09-03,1
M007710,F,1955,FL,P03,2024-12-29,,1
M007711,F,2007,CA,P02,2024-10-30,,0
M007712,M,1953,CA,P04,2024-01-01,2024-10-19,0
M007713,F,1966,MN,P02,2024-01-01,,0
M007714,F,1976,FL,P01,2024-10-16,,0
M007715,F,2015,CA,P01,2024-01-01,2024-10-12,0
M007716,M,2020,TX,P01,2024-01-01,2024-05-28,0
M007717,M,2018,CA,P02,2024-01-01,,1
M007718,F,1980,NY,P05,2024-02-04,,0
M007719,M,1941,TX,P04,2024-01-01,,1
M007720,F,1961,OH,P02,2024-01-01,,0
M007721,F,2025,GA,P01,2024-01-01,2025-03-13,0
M007722,F,2001,GA,P05,2025-02-12,,0
M007723,F,2008,OH,P01,2024-01-01,,0
M007724,F,1968,TX,P02,2024-01-01,,0
M007725,M,2018,NY,P05,2024-12-09,,0
M007726,M,1999,OH,P02,2024-01-01,,1
M007727,F,1969,GA,P01,2024-01-01,,0
M007728,M,1962,OH,P01,2024-01-01,,0
M007729,M,1942,NY,P03,2024-01-01,,1
M007730,F,1983,OH,P01,2024-01-01,,0
M007731,M,1942,AZ,P03,2024-01-01,2025-03-08,0
M007732,F,2019,NY,P02,2024-01-01,,0
M007733,M,1999,TX,P02,2025-05-22,,0
M007734,F,1994,GA,P01,2024-01-01,2025-01-24,0
M007735,M,1992,OH,P05,2024-01-01,,1
M007736,M,2022,OH,P02,2024-01-01,,0
M007737,F,1940,FL,P04,2024-03-31,2025-02-08,0
M007738,F,2000,TX,P02,2024-01-01,,0
M007739,M,2018,GA,P01,2024-01-01,,0
M007740,M,1966,TX,P02,2024-01-01,,1
M007741,F,2002,CA,P02,2024-03-26,,0
M007742,F,2010,CA,P02,2024-01-25,,1
M007743,F,1955,TX,P04,2024-01-01,,1
M007744,F,1964,NY,P05,2024-01-01,,0
M007745,M,1947,TX,P04,2024-01-01,2024-05-24,0
M007746,M,1943,FL,P03,2024-01-01,,0
M007747,F,1981,MN,P02,2024-01-01,,0
M007748,M,1960,NY,P03,2024-01-01,,0
M007749,M,1968,MN,P01,2024-01-01,,0
M007750,F,1948,CA,P04,2024-01-01,,1
M007751,F,1977,GA,P05,2024-04-21,,0
M007752,F,1983,TX,P01,2024-01-01,,1
M007753,M,2003,FL,P05,2025-03-23,,0
M007754,F,1967,FL,P05,2024-01-01,,0
M007755,F,1964,TX,P02,2024-01-01,,0
M007756,F,1961,MN,P05,2025-04-27,,0
M007757,M,1963,CA,P01,2024-01-01,,0
M007758,M,1984,NY,P01,2024-01-01,,0
M007759,M,1963,CA,P02,2024-01-01,,0
M007760,M,1945,FL,P03,2024-07-03,,0
M007761,M,2010,AZ,P02,2024-01-01,,1
M007762,F,2023,OH,P05,2024-01-01,,0
M007763,M,1962,TX,P01,2024-01-01,,0
M007764,F,1998,CA,P01,2024-01-01,,0
M007765,F,1950,TX,P03,2024-01-01,,0
M007766,M,2007,OH,P01,2024-02-14,2025-01-29,0
M007767,F,1946,CA,P04,2024-01-01,,0
M007768,M,1972,AZ,P02,2024-01-01,2025-04-28,0
M007769,M,1991,MN,P05,2024-01-01,2024-05-24,0
M007770,M,1953,TX,P03,2025-01-20,,0
M007771,F,2005,TX,P01,2024-01-01,,0
M007772,M,1986,AZ,P01,2024-01-01,,0
M007773,M,1994,CA,P01,2024-01-01,2024-08-23,0
M007774,F,1965,CA,P05,2024-01-01,,0
M007775,M,1940,NY,P03,2024-01-01,2025-04-06,1
M007776,M,2020,CA,P02,2024-01-01,,0
M007777,M,1978,NY,P01,2024-01-01,,0
M007778,F,1964,MN,P05,2024-01-01,,1
M007779,F,1968,NY,P01,2024-01-01,,0
M007780,M,1960,FL,P04,2024-01-01,,0
M007781,F,1954,FL,P04,2024-07-16,,1
M007782,F,2003,MN,P01,2024-01-01,,0
M007783,M,1971,NY,P02,2024-01-01,,0
M007784,M,1985,NY,P01,2024-07-22,,0
M007785,M,1962,TX,P02,2024-01-01,,0
M007786,F,2003,AZ,P05,2024-01-01,,1
M007787,M,1947,CA,P03,2024-01-01,,1
M007788,F,1981,MN,P05,2025-01-31,,1
M007789,F,2015,TX,P02,2024-01-01,,0
M007790,F,1975,FL,P01,2024-01-01,,0
M007791,F,1943,FL,P04,2025-05-30,,0
M007792,M,1972,FL,P02,2024-01-01,,1
M007793,M,2017,MN,P01,2024-01-01,,1
M007794,M,2014,CA,P02,2024-01-01,,0
M007795,M,1943,GA,P03,2024-01-01,,1
M007796,F,1954,GA,P04,2024-01-01,,1
M007797,F,2021,FL,P01,2024-01-01,,0
M007798,F,2022,NY,P05,2024-01-01,,0
M007799,F,2007,AZ,P02,2024-01-01,,0
M007800,F,1994,NY,P01,2024-01-01,,0
M007801,M,2023,FL,P01,2025-03-09,,0
M007802,M,1958,AZ,P04,2024-01-01,,1
M007803,F,1986,NY,P02,2024-01-01,,0
M007804,M,2005,MN,P02,2024-01-01,2025-04-26,0
M007805,F,1976,OH,P01,2024-01-01,2024-09-29,0
M007806,M,1949,CA,P03,2024-01-01,,1
M007807,M,1953,CA,P04,2024-08-19,,0
M007808,M,1964,AZ,P02,2024-01-01,,0
M007809,M,1981,MN,P05,2024-01-01,,0
M007810,M,1972,CA,P01,2024-07-20,2025-02-11,0
M007811,F,1994,TX,P01,2024-01-01,,0
M007812,F,1943,TX,P03,2024-02-23,,1
M007813,F,1955,FL,P04,2024-01-01,,1
M007814,M,1989,FL,P01,2024-01-01,,0
M007815,F,1938,CA,P03,2024-01-01,,1
M007816,F,2015,TX,P02,2024-01-01,,0
M007817,F,1960,CA,P03,2024-05-23,,1
M007818,M,1950,MN,P03,2024-01-01,,0
M007819,F,1997,FL,P05,2024-01-01,,0
M007820,M,1998,OH,P02,2024-06-08,,0
M007821,M,1952,TX,P03,2024-01-01,,1
M007822,M,1938,NY,P03,2024-01-01,,0
M007823,F,1981,MN,P02,2024-01-01,,0
M007824,F,1984,FL,P01,2024-01-01,,0
M007825,F,1969,GA,P05,2024-04-03,,0
M007826,M,2008,TX,P01,2024-01-01,,0
M007827,M,1956,FL,P04,2024-01-01,,0
M007828,M,1984,TX,P01,2024-01-01,,0
M007829,M,1952,FL,P04,2024-01-01,,0
M007830,M,1964,FL,P01,2024-01-01,,0
M007831,F,2010,OH,P05,2024-01-01,,0
M007832,F,1940,FL,P03,2024-01-01,,0
M007833,F,2004,GA,P01,2024-01-01,,1
M007834,M,1941,FL,P03,2024-01-01,,0
M007835,M,1945,FL,P03,2024-01-01,,1
M007836,F,2011,CA,P02,2024-01-01,,0
M007837,M,1969,OH,P01,2024-01-01,,1
M007838,M,1936,AZ,P04,2024-11-15,,1
M007839,M,1946,GA,P04,2024-01-01,,1
M007840,M,1967,CA,P02,2024-01-01,2024-07-26,0
M007841,F,2005,MN,P05,2024-05-24,,1
M007842,M,2025,FL,P01,2024-01-01,,0
M007843,M,1997,MN,P01,2024-01-01,,0
M007844,F,1943,CA,P03,2025-02-15,,0
M007845,M,1976,FL,P01,2024-01-01,2024-10-09,0
M007846,M,2020,CA,P01,2024-01-01,,0
M007847,M,2007,NY,P02,2024-01-01,,0
M007848,M,1985,CA,P01,2024-01-01,,0
M007849,M,1983,TX,P01,2024-01-01,2024-08-09,0
M007850,F,1956,FL,P04,2024-01-01,,1
M007851,F,2004,CA,P02,2024-01-01,,0
M007852,M,1969,OH,P05,2024-01-01,,0
M007853,M,1941,MN,P03,2024-01-01,,0
M007854,M,1972,MN,P02,2024-01-01,,0
M007855,M,1964,CA,P01,2024-01-01,,1
M007856,F,1942,NY,P04,2024-01-01,,0
M007857,F,1998,OH,P01,2024-01-01,,0
M007858,M,2001,GA,P01,2024-01-01,,0
M007859,F,1997,OH,P05,2024-06-27,2025-05-08,1
M007860,F,1940,OH,P04,2024-10-11,,1
M007861,M,1950,CA,P03,2024-01-01,,1
M007862,M,1984,AZ,P01,2024-01-01,,0
M007863,M,1990,OH,P01,2024-12-31,,0
M007864,F,1993,TX,P02,2024-01-01,,0
M007865,F,1946,NY,P04,2024-03-02,,1
M007866,M,2020,FL,P02,2024-04-12,,0
M007867,F,1969,FL,P01,2025-04-03,,0
M007868,F,1963,NY,P01,2024-01-01,,0
M007869,M,1940,NY,P03,2024-01-01,,0
M007870,M,1938,MN,P03,2024-01-01,,1
M007871,F,1985,MN,P01,2024-01-01,,0
M007872,M,2025,CA,P01,2024-06-12,,0
M007873,M,2019,TX,P01,2024-03-25,,0
M007874,M,1967,TX,P01,2024-01-01,,0
M007875,M,2014,MN,P02,2024-01-01,,1
M007876,F,1988,CA,P01,2024-08-20,,0
M007877,F,1948,FL,P03,2024-08-08,2024-12-08,1
M007878,M,1952,NY,P04,2024-05-13,,1
M007879,F,2008,TX,P05,2024-01-01,,0
M007880,M,2016,NY,P05,2024-07-18,,0
M007881,M,1979,AZ,P01,2024-01-01,,0
M007882,F,1999,OH,P01,2024-01-01,,0
M007883,F,1963,CA,P02,2024-01-01,,0
M007884,F,1949,TX,P04,2024-01-01,,1
M007885,M,2025,FL,P01,2024-08-31,,0
M007886,F,2009,FL,P02,2024-01-01,,1
M007887,M,1977,CA,P01,2024-01-01,,1
M007888,M,1980,TX,P01,2024-01-01,2024-04-26,1
M007889,M,1953,NY,P04,2024-01-14,,0
M007890,F,1956,FL,P03,2024-01-01,,1
M007891,F,2009,CA,P02,2024-01-01,,1
M007892,M,2012,FL,P05,2024-01-01,,0
M007893,F,1980,CA,P01,2024-01-01,,0
M007894,M,2025,OH,P01,2024-01-01,,0
M007895,F,1973,TX,P02,2024-01-01,,0
M007896,F,1950,CA,P03,2024-01-01,,1
M007897,F,1946,NY,P03,2024-11-23,2025-02-22,1
M007898,F,2009,OH,P01,2024-10-29,,0
M007899,F,1998,AZ,P05,2024-01-01,,0
M007900,F,1976,GA,P02,2024-01-01,,0
M007901,F,2013,OH,P02,2024-01-01,,0
M007902,F,1939,AZ,P03,2024-01-01,,1
M007903,F,2022,AZ,P05,2024-01-01,2025-01-18,0
M007904,F,1949,GA,P03,2024-06-21,,1
M007905,M,1981,NY,P05,2025-06-22,,1
M007906,M,1989,GA,P01,2024-01-01,,0
M007907,M,1949,FL,P03,2024-09-06,,0
M007908,M,2011,MN,P05,2025-02-05,,0
M007909,M,2012,TX,P02,2024-01-01,,0
M007910,F,1998,FL,P02,2024-06-02,,1
M007911,M,2017,TX,P05,2024-06-25,,0
M007912,F,1968,GA,P01,2025-02-15,,0
M007913,M,2008,CA,P02,2024-06-02,,0
M007914,M,1979,OH,P05,2024-01-01,2025-04-13,0
M007915,M,2015,CA,P05,2024-01-01,,0
M007916,M,1983,CA,P05,2024-04-19,,1
M007917,M,2012,AZ,P05,2024-01-01,,0
M007918,M,2007,CA,P01,2024-01-01,,1
M007919,M,1999,NY,P05,2024-01-01,2024-05-12,1
M007920,M,2017,AZ,P02,2024-01-01,,0
M007921,F,1959,FL,P03,2024-01-01,,0
M007922,F,1977,CA,P02,2024-05-02,2025-08-10,0
M007923,M,1951,TX,P04,2024-01-01,,0
M007924,M,1956,NY,P03,2024-01-01,,0
M007925,M,1983,GA,P05,2024-01-01,2024-06-06,0
M007926,F,1985,TX,P01,2024-01-01,,1
M007927,M,1985,TX,P01,2024-12-14,2025-04-02,0
M007928,F,1962,OH,P02,2024-07-10,,0
M007929,F,1984,OH,P01,2024-04-01,,0
M007930,M,1954,CA,P03,2024-01-01,,1
M007931,F,2007,FL,P01,2025-04-25,,0
M007932,M,1958,FL,P03,2024-01-01,,1
M007933,F,1998,TX,P01,2024-01-01,,0
M007934,M,1989,CA,P01,2024-01-01,2024-07-27,1
M007935,F,1938,NY,P03,2024-01-01,,0
M007936,M,2010,AZ,P02,2024-01-01,,0
M007937,M,2011,NY,P01,2024-01-01,,0
M007938,M,2022,TX,P01,2024-01-01,,0
M007939,F,2021,FL,P01,2024-10-08,2025-05-05,0
M007940,F,1952,GA,P03,2024-01-01,,0
M007941,M,1993,NY,P01,2024-01-01,,0
M007942,F,2006,GA,P02,2024-04-06,,0
M007943,M,1942,CA,P03,2024-01-01,,0
M007944,M,1980,TX,P02,2024-01-01,,0
M007945,M,1944,AZ,P03,2024-01-01,,1
M007946,F,1980,FL,P01,2024-01-01,2025-04-28,1
M007947,M,1967,TX,P05,2024-01-01,2024-05-16,0
M007948,F,1996,NY,P02,2024-01-07,,0
M007949,F,1993,OH,P01,2024-01-01,,1
M007950,F,1991,CA,P05,2024-01-01,,0
M007951,F,1936,NY,P03,2024-01-01,,1
M007952,M,1954,CA,P03,2024-01-01,,1
M007953,F,2002,GA,P05,2024-01-01,,0
M007954,M,1995,GA,P01,2024-11-11,,0
M007955,F,2024,OH,P05,2024-01-01,,0
M007956,M,1949,TX,P03,2024-01-01,,1
M007957,F,2004,CA,P02,2024-01-01,,0
M007958,M,2021,GA,P01,2024-01-01,,0
M007959,F,1975,FL,P01,2024-01-01,,1
M007960,M,1962,FL,P05,2024-01-01,,0
M007961,F,1992,AZ,P01,2024-01-01,2025-05-03,0
M007962,F,2023,GA,P01,2024-01-01,,0
M007963,M,1955,MN,P03,2024-01-01,2025-03-19,1
M007964,M,1955,CA,P04,2024-09-12,,0
M007965,M,2010,TX,P01,2024-01-01,2024-10-17,0
M007966,M,1949,TX,P04,2024-01-01,,1
M007967,F,2004,OH,P02,2024-01-01,,0
M007968,M,2020,GA,P05,2024-01-01,,0
M007969,M,1981,CA,P01,2024-01-01,,0
M007970,F,2008,CA,P01,2024-01-01,,1
M007971,F,1947,GA,P03,2024-11-27,,0
M007972,M,2015,TX,P01,2024-01-01,,0
M007973,F,1967,TX,P02,2024-01-01,,0
M007974,M,1978,MN,P01,2024-01-01,,0
M007975,F,1948,NY,P04,2025-04-18,,1
M007976,F,1988,GA,P05,2024-01-01,,0
M007977,F,1965,MN,P05,2024-03-18,,0
M007978,M,2021,GA,P05,2024-01-01,,0
M007979,M,1972,CA,P05,2024-01-01,,0
M007980,F,1996,NY,P02,2025-01-31,,0
M007981,M,1964,NY,P02,2024-01-01,,0
M007982,M,2012,AZ,P05,2024-01-01,,0
M007983,F,1979,TX,P05,2024-01-01,,0
M007984,F,1963,OH,P05,2025-02-21,,0
M007985,M,1948,AZ,P04,2025-05-31,,0
M007986,M,2018,FL,P01,2024-01-01,,0
M007987,F,2000,OH,P05,2024-02-28,,0
M007988,M,1987,FL,P05,2024-01-01,2024-11-04,1
M007989,M,1956,TX,P03,2024-01-01,,1
M007990,M,1994,TX,P05,2025-03-20,,0
M007991,F,1951,CA,P03,2024-04-22,2025-07-29,1
M007992,F,1988,TX,P05,2024-01-01,,0
M007993,M,1984,NY,P01,2025-03-23,,0
M007994,M,1963,FL,P05,2024-01-01,,0
M007995,M,1964,TX,P01,2024-06-02,2024-11-25,0
M007996,M,2003,FL,P02,2024-01-01,,0
M007997,F,2007,OH,P01,2024-01-01,2025-04-26,0
M007998,M,1977,FL,P02,2024-05-16,2025-02-01,0
M007999,M,1991,OH,P01,2024-01-01,,1
M008000,F,1996,GA,P05,2024-01-01,,0
